time_utc,city,provinsi,pulau,pm25,pm10,us_aqi
2026-09-07 00:00:00,Banda Aceh,Aceh,Sumatra,11.2,12.3,54.6
2026-09-07 01:00:00,Banda Aceh,Aceh,Sumatra,5.4,6.6,29.3
2026-09-07 02:00:00,Banda Aceh,Aceh,Sumatra,4.4,5.6,23.9
2026-09-07 03:00:00,Banda Aceh,Aceh,Sumatra,4.1,5.3,22.3
2026-09-07 04:00:00,Banda Aceh,Aceh,Sumatra,3.8,5.0,20.7
2026-09-07 05:00:00,Banda Aceh,Aceh,Sumatra,3.5,4.7,19.0
2026-09-07 06:00:00,Banda Aceh,Aceh,Sumatra,3.3,4.5,17.9
2026-09-07 07:00:00,Banda Aceh,Aceh,Sumatra,3.1,4.3,16.8
2026-09-07 08:00:00,Banda Aceh,Aceh,Sumatra,3.0,4.3,16.3
2026-09-07 09:00:00,Banda Aceh,Aceh,Sumatra,3.0,4.5,16.3
2026-09-07 10:00:00,Banda Aceh,Aceh,Sumatra,3.3,4.8,17.9
2026-09-07 11:00:00,Banda Aceh,Aceh,Sumatra,3.8,5.3,20.7
2026-09-07 12:00:00,Banda Aceh,Aceh,Sumatra,5.2,7.1,28.3
2026-09-07 13:00:00,Banda Aceh,Aceh,Sumatra,5.7,7.4,31.0
2026-09-07 14:00:00,Banda Aceh,Aceh,Sumatra,6.4,7.9,34.8
2026-09-07 15:00:00,Banda Aceh,Aceh,Sumatra,6.7,8.1,36.4
2026-09-07 16:00:00,Banda Aceh,Aceh,Sumatra,7.1,8.4,38.6
2026-09-07 17:00:00,Banda Aceh,Aceh,Sumatra,7.9,9.2,42.9
2026-09-07 18:00:00,Banda Aceh,Aceh,Sumatra,7.5,8.7,40.8
2026-09-07 19:00:00,Banda Aceh,Aceh,Sumatra,7.1,8.1,38.6
2026-09-07 20:00:00,Banda Aceh,Aceh,Sumatra,6.8,7.8,37.0
2026-09-07 21:00:00,Banda Aceh,Aceh,Sumatra,6.7,7.7,36.4
2026-09-07 22:00:00,Banda Aceh,Aceh,Sumatra,6.6,7.5,35.9
2026-09-07 23:00:00,Banda Aceh,Aceh,Sumatra,6.9,7.8,37.5
2026-09-08 00:00:00,Banda Aceh,Aceh,Sumatra,6.8,7.4,37.0
2026-09-08 01:00:00,Banda Aceh,Aceh,Sumatra,4.0,4.8,21.7
2026-09-08 02:00:00,Banda Aceh,Aceh,Sumatra,3.6,4.4,19.6
2026-09-08 03:00:00,Banda Aceh,Aceh,Sumatra,3.4,4.3,18.5
2026-09-08 04:00:00,Banda Aceh,Aceh,Sumatra,3.2,4.1,17.4
2026-09-08 05:00:00,Banda Aceh,Aceh,Sumatra,3.0,4.0,16.3
2026-09-08 06:00:00,Banda Aceh,Aceh,Sumatra,3.0,4.1,16.3
2026-09-08 07:00:00,Banda Aceh,Aceh,Sumatra,2.9,4.0,15.8
2026-09-08 08:00:00,Banda Aceh,Aceh,Sumatra,3.0,4.1,16.3
2026-09-08 09:00:00,Banda Aceh,Aceh,Sumatra,3.2,4.3,17.4
2026-09-08 10:00:00,Banda Aceh,Aceh,Sumatra,3.4,4.6,18.5
2026-09-08 11:00:00,Banda Aceh,Aceh,Sumatra,3.8,5.1,20.7
2026-09-08 12:00:00,Banda Aceh,Aceh,Sumatra,6.2,7.9,33.7
2026-09-08 13:00:00,Banda Aceh,Aceh,Sumatra,10.2,11.8,52.7
2026-09-08 14:00:00,Banda Aceh,Aceh,Sumatra,12.1,13.8,56.3
2026-09-08 15:00:00,Banda Aceh,Aceh,Sumatra,13.3,15.0,58.5
2026-09-08 16:00:00,Banda Aceh,Aceh,Sumatra,14.5,16.1,60.8
2026-09-08 17:00:00,Banda Aceh,Aceh,Sumatra,14.3,15.9,60.4
2026-09-08 18:00:00,Banda Aceh,Aceh,Sumatra,13.2,14.8,58.3
2026-09-08 19:00:00,Banda Aceh,Aceh,Sumatra,12.5,14.1,57.0
2026-09-08 20:00:00,Banda Aceh,Aceh,Sumatra,11.8,13.4,55.7
2026-09-08 21:00:00,Banda Aceh,Aceh,Sumatra,11.2,13.0,54.6
2026-09-08 22:00:00,Banda Aceh,Aceh,Sumatra,10.8,12.5,53.8
2026-09-08 23:00:00,Banda Aceh,Aceh,Sumatra,10.3,12.1,52.9
2026-09-09 00:00:00,Banda Aceh,Aceh,Sumatra,7.7,9.1,41.8
2026-09-09 01:00:00,Banda Aceh,Aceh,Sumatra,6.5,8.1,35.3
2026-09-09 02:00:00,Banda Aceh,Aceh,Sumatra,5.5,7.1,29.9
2026-09-09 03:00:00,Banda Aceh,Aceh,Sumatra,5.3,7.0,28.8
2026-09-09 04:00:00,Banda Aceh,Aceh,Sumatra,4.9,6.8,26.6
2026-09-09 05:00:00,Banda Aceh,Aceh,Sumatra,4.8,6.7,26.1
2026-09-09 06:00:00,Banda Aceh,Aceh,Sumatra,4.9,6.9,26.6
2026-09-09 07:00:00,Banda Aceh,Aceh,Sumatra,5.1,7.3,27.7
2026-09-09 08:00:00,Banda Aceh,Aceh,Sumatra,5.5,7.9,29.9
2026-09-09 09:00:00,Banda Aceh,Aceh,Sumatra,6.0,8.7,32.6
2026-09-09 10:00:00,Banda Aceh,Aceh,Sumatra,6.7,9.8,36.4
2026-09-09 11:00:00,Banda Aceh,Aceh,Sumatra,7.5,10.9,40.8
2026-09-09 12:00:00,Banda Aceh,Aceh,Sumatra,9.1,13.0,49.5
2026-09-09 13:00:00,Banda Aceh,Aceh,Sumatra,10.0,14.4,52.3
2026-09-09 14:00:00,Banda Aceh,Aceh,Sumatra,10.9,15.5,54.0
2026-09-09 15:00:00,Banda Aceh,Aceh,Sumatra,10.4,14.6,53.1
2026-09-09 16:00:00,Banda Aceh,Aceh,Sumatra,9.1,12.7,49.5
2026-09-09 17:00:00,Banda Aceh,Aceh,Sumatra,8.4,11.7,45.7
2026-09-09 18:00:00,Banda Aceh,Aceh,Sumatra,7.7,10.5,41.8
2026-09-09 19:00:00,Banda Aceh,Aceh,Sumatra,7.0,9.3,38.0
2026-09-09 20:00:00,Banda Aceh,Aceh,Sumatra,6.1,8.0,33.2
2026-09-09 21:00:00,Banda Aceh,Aceh,Sumatra,5.3,6.9,28.8
2026-09-09 22:00:00,Banda Aceh,Aceh,Sumatra,4.7,6.0,25.5
2026-09-09 23:00:00,Banda Aceh,Aceh,Sumatra,4.7,5.8,25.5
2026-09-10 00:00:00,Banda Aceh,Aceh,Sumatra,7.5,9.4,40.8
2026-09-10 01:00:00,Banda Aceh,Aceh,Sumatra,6.1,8.3,33.2
2026-09-10 02:00:00,Banda Aceh,Aceh,Sumatra,5.4,7.4,29.3
2026-09-10 03:00:00,Banda Aceh,Aceh,Sumatra,4.6,6.3,25.0
2026-09-10 04:00:00,Banda Aceh,Aceh,Sumatra,4.2,5.7,22.8
2026-09-10 05:00:00,Banda Aceh,Aceh,Sumatra,3.9,5.4,21.2
2026-09-10 06:00:00,Banda Aceh,Aceh,Sumatra,3.6,4.9,19.6
2026-09-10 07:00:00,Banda Aceh,Aceh,Sumatra,3.0,4.0,16.3
2026-09-10 08:00:00,Banda Aceh,Aceh,Sumatra,3.0,4.0,16.3
2026-09-10 09:00:00,Banda Aceh,Aceh,Sumatra,3.0,3.9,16.3
2026-09-10 10:00:00,Banda Aceh,Aceh,Sumatra,3.2,4.1,17.4
2026-09-10 11:00:00,Banda Aceh,Aceh,Sumatra,3.3,4.2,17.9
2026-09-10 12:00:00,Banda Aceh,Aceh,Sumatra,5.3,7.0,28.8
2026-09-10 13:00:00,Banda Aceh,Aceh,Sumatra,5.9,7.6,32.1
2026-09-10 14:00:00,Banda Aceh,Aceh,Sumatra,6.7,8.2,36.4
2026-09-10 15:00:00,Banda Aceh,Aceh,Sumatra,7.2,8.7,39.1
2026-09-10 16:00:00,Banda Aceh,Aceh,Sumatra,7.4,8.9,40.2
2026-09-10 17:00:00,Banda Aceh,Aceh,Sumatra,7.2,8.7,39.1
2026-09-10 18:00:00,Banda Aceh,Aceh,Sumatra,6.9,8.4,37.5
2026-09-10 19:00:00,Banda Aceh,Aceh,Sumatra,6.5,7.9,35.3
2026-09-10 20:00:00,Banda Aceh,Aceh,Sumatra,6.4,7.8,34.8
2026-09-10 21:00:00,Banda Aceh,Aceh,Sumatra,6.2,7.6,33.7
2026-09-10 22:00:00,Banda Aceh,Aceh,Sumatra,6.1,7.4,33.2
2026-09-10 23:00:00,Banda Aceh,Aceh,Sumatra,6.0,7.4,32.6
2026-09-11 00:00:00,Banda Aceh,Aceh,Sumatra,6.5,7.6,35.3
2026-09-11 01:00:00,Banda Aceh,Aceh,Sumatra,5.5,6.8,29.9
2026-09-11 02:00:00,Banda Aceh,Aceh,Sumatra,5.4,7.0,29.3
2026-09-11 03:00:00,Banda Aceh,Aceh,Sumatra,5.5,7.2,29.9
2026-09-11 04:00:00,Banda Aceh,Aceh,Sumatra,5.3,7.0,28.8
2026-09-11 05:00:00,Banda Aceh,Aceh,Sumatra,5.2,6.9,28.3
2026-09-11 06:00:00,Banda Aceh,Aceh,Sumatra,5.2,6.9,28.3
2026-09-11 07:00:00,Banda Aceh,Aceh,Sumatra,5.2,7.0,28.3
2026-09-11 08:00:00,Banda Aceh,Aceh,Sumatra,5.3,7.1,28.8
2026-09-11 09:00:00,Banda Aceh,Aceh,Sumatra,5.3,7.2,28.8
2026-09-11 10:00:00,Banda Aceh,Aceh,Sumatra,5.6,7.4,30.4
2026-09-11 11:00:00,Banda Aceh,Aceh,Sumatra,6.9,8.8,37.5
2026-09-11 12:00:00,Banda Aceh,Aceh,Sumatra,12.7,15.1,57.4
2026-09-11 13:00:00,Banda Aceh,Aceh,Sumatra,15.4,17.8,62.5
2026-09-11 14:00:00,Banda Aceh,Aceh,Sumatra,15.8,18.8,63.2
2026-09-11 15:00:00,Banda Aceh,Aceh,Sumatra,16.2,19.2,64.0
2026-09-11 16:00:00,Banda Aceh,Aceh,Sumatra,17.1,20.2,65.6
2026-09-11 17:00:00,Banda Aceh,Aceh,Sumatra,19.8,22.9,70.7
2026-09-11 18:00:00,Banda Aceh,Aceh,Sumatra,20.7,23.7,72.4
2026-09-11 19:00:00,Banda Aceh,Aceh,Sumatra,19.5,22.4,70.1
2026-09-11 20:00:00,Banda Aceh,Aceh,Sumatra,20.5,23.3,72.0
2026-09-11 21:00:00,Banda Aceh,Aceh,Sumatra,22.5,25.3,75.8
2026-09-11 22:00:00,Banda Aceh,Aceh,Sumatra,24.2,27.2,79.0
2026-09-11 23:00:00,Banda Aceh,Aceh,Sumatra,25.7,28.7,81.8
2026-09-12 00:00:00,Banda Aceh,Aceh,Sumatra,21.5,24.4,73.9
2026-09-12 01:00:00,Banda Aceh,Aceh,Sumatra,14.4,17.4,60.6
2026-09-12 02:00:00,Banda Aceh,Aceh,Sumatra,12.2,15.2,56.4
2026-09-12 03:00:00,Banda Aceh,Aceh,Sumatra,11.2,14.2,54.6
2026-09-12 04:00:00,Banda Aceh,Aceh,Sumatra,10.7,14.0,53.6
2026-09-12 05:00:00,Banda Aceh,Aceh,Sumatra,9.9,13.0,52.1
2026-09-12 06:00:00,Banda Aceh,Aceh,Sumatra,9.2,12.3,50.0
2026-09-12 07:00:00,Banda Aceh,Aceh,Sumatra,8.5,11.6,46.2
2026-09-12 08:00:00,Banda Aceh,Aceh,Sumatra,8.2,11.4,44.6
2026-09-12 09:00:00,Banda Aceh,Aceh,Sumatra,8.4,11.9,45.7
2026-09-12 10:00:00,Banda Aceh,Aceh,Sumatra,8.1,11.5,44.0
2026-09-12 11:00:00,Banda Aceh,Aceh,Sumatra,7.9,10.9,42.9
2026-09-12 12:00:00,Banda Aceh,Aceh,Sumatra,14.6,19.1,61.0
2026-09-12 13:00:00,Banda Aceh,Aceh,Sumatra,17.1,21.7,65.6
2026-09-12 14:00:00,Banda Aceh,Aceh,Sumatra,19.1,23.3,69.4
2026-09-12 15:00:00,Banda Aceh,Aceh,Sumatra,21.0,25.0,73.0
2026-09-12 16:00:00,Banda Aceh,Aceh,Sumatra,24.3,28.1,79.2
2026-09-12 17:00:00,Banda Aceh,Aceh,Sumatra,25.7,29.3,81.8
2026-09-12 18:00:00,Banda Aceh,Aceh,Sumatra,25.0,28.4,80.5
2026-09-12 19:00:00,Banda Aceh,Aceh,Sumatra,23.9,27.2,78.4
2026-09-12 20:00:00,Banda Aceh,Aceh,Sumatra,22.8,26.0,76.3
2026-09-12 21:00:00,Banda Aceh,Aceh,Sumatra,17.8,20.6,67.0
2026-09-12 22:00:00,Banda Aceh,Aceh,Sumatra,15.1,17.7,61.9
2026-09-12 23:00:00,Banda Aceh,Aceh,Sumatra,13.9,16.2,59.6
2026-09-13 00:00:00,Banda Aceh,Aceh,Sumatra,22.5,25.6,75.8
2026-09-13 01:00:00,Banda Aceh,Aceh,Sumatra,10.5,13.2,53.3
2026-09-13 02:00:00,Banda Aceh,Aceh,Sumatra,8.1,10.6,44.0
2026-09-13 03:00:00,Banda Aceh,Aceh,Sumatra,6.7,8.9,36.4
2026-09-13 04:00:00,Banda Aceh,Aceh,Sumatra,6.5,8.8,35.3
2026-09-13 05:00:00,Banda Aceh,Aceh,Sumatra,6.3,8.7,34.2
2026-09-13 06:00:00,Banda Aceh,Aceh,Sumatra,6.2,8.7,33.7
2026-09-13 07:00:00,Banda Aceh,Aceh,Sumatra,6.3,8.9,34.2
2026-09-13 08:00:00,Banda Aceh,Aceh,Sumatra,6.5,9.3,35.3
2026-09-13 09:00:00,Banda Aceh,Aceh,Sumatra,6.1,8.8,33.2
2026-09-13 10:00:00,Banda Aceh,Aceh,Sumatra,5.5,7.9,29.9
2026-09-13 11:00:00,Banda Aceh,Aceh,Sumatra,5.1,7.1,27.7
2026-09-13 12:00:00,Banda Aceh,Aceh,Sumatra,9.2,11.6,50.0
2026-09-13 13:00:00,Banda Aceh,Aceh,Sumatra,15.7,18.0,63.0
2026-09-13 14:00:00,Banda Aceh,Aceh,Sumatra,20.4,22.7,71.8
2026-09-13 15:00:00,Banda Aceh,Aceh,Sumatra,23.7,26.0,78.0
2026-09-13 16:00:00,Banda Aceh,Aceh,Sumatra,19.2,21.5,69.6
2026-09-13 17:00:00,Banda Aceh,Aceh,Sumatra,11.6,13.9,55.3
2026-09-13 18:00:00,Banda Aceh,Aceh,Sumatra,11.6,13.5,55.3
2026-09-13 19:00:00,Banda Aceh,Aceh,Sumatra,8.6,10.3,46.7
2026-09-13 20:00:00,Banda Aceh,Aceh,Sumatra,7.6,9.3,41.3
2026-09-13 21:00:00,Banda Aceh,Aceh,Sumatra,6.4,8.0,34.8
2026-09-13 22:00:00,Banda Aceh,Aceh,Sumatra,6.9,8.4,37.5
2026-09-13 23:00:00,Banda Aceh,Aceh,Sumatra,8.6,10.0,46.7
2026-09-14 00:00:00,Banda Aceh,Aceh,Sumatra,6.3,7.3,34.2
2026-09-14 01:00:00,Banda Aceh,Aceh,Sumatra,4.8,5.7,26.1
2026-09-14 02:00:00,Banda Aceh,Aceh,Sumatra,4.5,5.4,24.5
2026-09-14 03:00:00,Banda Aceh,Aceh,Sumatra,3.6,4.5,19.6
2026-09-14 04:00:00,Banda Aceh,Aceh,Sumatra,3.6,4.5,19.6
2026-09-14 05:00:00,Banda Aceh,Aceh,Sumatra,3.3,4.1,17.9
2026-09-14 06:00:00,Banda Aceh,Aceh,Sumatra,3.1,4.0,16.8
2026-09-14 07:00:00,Banda Aceh,Aceh,Sumatra,3.4,4.5,18.5
2026-09-14 08:00:00,Banda Aceh,Aceh,Sumatra,3.2,4.4,17.4
2026-09-14 09:00:00,Banda Aceh,Aceh,Sumatra,3.3,4.3,17.9
2026-09-14 10:00:00,Banda Aceh,Aceh,Sumatra,3.3,4.2,17.9
2026-09-14 11:00:00,Banda Aceh,Aceh,Sumatra,4.1,4.8,22.3
2026-09-14 12:00:00,Banda Aceh,Aceh,Sumatra,8.4,8.9,45.7
2026-09-14 13:00:00,Banda Aceh,Aceh,Sumatra,11.4,11.9,54.9
2026-09-14 14:00:00,Banda Aceh,Aceh,Sumatra,12.7,13.2,57.4
2026-09-14 15:00:00,Banda Aceh,Aceh,Sumatra,12.8,13.3,57.6
2026-09-14 16:00:00,Banda Aceh,Aceh,Sumatra,11.2,11.7,54.6
2026-09-14 17:00:00,Banda Aceh,Aceh,Sumatra,8.8,9.2,47.8
2026-09-14 18:00:00,Banda Aceh,Aceh,Sumatra,7.4,7.7,40.2
2026-09-14 19:00:00,Banda Aceh,Aceh,Sumatra,6.6,6.9,35.9
2026-09-14 20:00:00,Banda Aceh,Aceh,Sumatra,5.6,6.0,30.4
2026-09-14 21:00:00,Banda Aceh,Aceh,Sumatra,5.1,5.5,27.7
2026-09-14 22:00:00,Banda Aceh,Aceh,Sumatra,5.7,6.1,31.0
2026-09-14 23:00:00,Banda Aceh,Aceh,Sumatra,6.7,7.0,36.4
2026-09-15 00:00:00,Banda Aceh,Aceh,Sumatra,11.1,11.4,54.4
2026-09-15 01:00:00,Banda Aceh,Aceh,Sumatra,10.5,10.9,53.3
2026-09-15 02:00:00,Banda Aceh,Aceh,Sumatra,7.2,7.7,39.1
2026-09-15 03:00:00,Banda Aceh,Aceh,Sumatra,6.7,7.2,36.4
2026-09-15 04:00:00,Banda Aceh,Aceh,Sumatra,5.1,5.4,27.7
2026-09-15 05:00:00,Banda Aceh,Aceh,Sumatra,4.4,4.5,23.9
2026-09-15 06:00:00,Banda Aceh,Aceh,Sumatra,4.7,4.9,25.5
2026-09-15 07:00:00,Banda Aceh,Aceh,Sumatra,6.5,7.0,35.3
2026-09-15 08:00:00,Banda Aceh,Aceh,Sumatra,5.9,6.7,32.1
2026-09-15 09:00:00,Banda Aceh,Aceh,Sumatra,5.0,5.7,27.2
2026-09-15 10:00:00,Banda Aceh,Aceh,Sumatra,5.8,6.5,31.5
2026-09-15 11:00:00,Banda Aceh,Aceh,Sumatra,8.1,8.7,44.0
2026-09-15 12:00:00,Banda Aceh,Aceh,Sumatra,8.5,9.3,46.2
2026-09-15 13:00:00,Banda Aceh,Aceh,Sumatra,13.2,14.1,58.3
2026-09-15 14:00:00,Banda Aceh,Aceh,Sumatra,14.6,15.4,61.0
2026-09-15 15:00:00,Banda Aceh,Aceh,Sumatra,13.9,14.8,59.6
2026-09-15 16:00:00,Banda Aceh,Aceh,Sumatra,14.0,14.9,59.8
2026-09-15 17:00:00,Banda Aceh,Aceh,Sumatra,15.5,16.4,62.6
2026-09-15 18:00:00,Banda Aceh,Aceh,Sumatra,15.7,16.5,63.0
2026-09-15 19:00:00,Banda Aceh,Aceh,Sumatra,15.8,16.6,63.2
2026-09-15 20:00:00,Banda Aceh,Aceh,Sumatra,15.9,16.6,63.4
2026-09-15 21:00:00,Banda Aceh,Aceh,Sumatra,15.7,16.5,63.0
2026-09-15 22:00:00,Banda Aceh,Aceh,Sumatra,14.4,15.3,60.6
2026-09-15 23:00:00,Banda Aceh,Aceh,Sumatra,12.5,13.3,57.0
2026-09-16 00:00:00,Banda Aceh,Aceh,Sumatra,12.3,13.3,56.6
2026-09-16 01:00:00,Banda Aceh,Aceh,Sumatra,9.3,10.4,51.0
2026-09-16 02:00:00,Banda Aceh,Aceh,Sumatra,9.0,10.2,48.9
2026-09-16 03:00:00,Banda Aceh,Aceh,Sumatra,8.6,9.8,46.7
2026-09-16 04:00:00,Banda Aceh,Aceh,Sumatra,7.4,8.5,40.2
2026-09-16 05:00:00,Banda Aceh,Aceh,Sumatra,7.1,8.1,38.6
2026-09-16 06:00:00,Banda Aceh,Aceh,Sumatra,6.3,7.2,34.2
2026-09-16 07:00:00,Banda Aceh,Aceh,Sumatra,5.7,6.5,31.0
2026-09-16 08:00:00,Banda Aceh,Aceh,Sumatra,5.8,6.6,31.5
2026-09-16 09:00:00,Banda Aceh,Aceh,Sumatra,5.9,6.7,32.1
2026-09-16 10:00:00,Banda Aceh,Aceh,Sumatra,6.8,7.6,37.0
2026-09-16 11:00:00,Banda Aceh,Aceh,Sumatra,8.0,8.7,43.5
2026-09-16 12:00:00,Banda Aceh,Aceh,Sumatra,9.0,9.7,48.9
2026-09-16 13:00:00,Banda Aceh,Aceh,Sumatra,10.9,11.6,54.0
2026-09-16 14:00:00,Banda Aceh,Aceh,Sumatra,12.1,12.9,56.3
2026-09-16 15:00:00,Banda Aceh,Aceh,Sumatra,12.3,13.0,56.6
2026-09-16 16:00:00,Banda Aceh,Aceh,Sumatra,11.2,12.0,54.6
2026-09-16 17:00:00,Banda Aceh,Aceh,Sumatra,10.2,11.1,52.7
2026-09-16 18:00:00,Banda Aceh,Aceh,Sumatra,9.5,10.3,51.4
2026-09-16 19:00:00,Banda Aceh,Aceh,Sumatra,9.3,10.1,51.0
2026-09-16 20:00:00,Banda Aceh,Aceh,Sumatra,8.9,9.7,48.4
2026-09-16 21:00:00,Banda Aceh,Aceh,Sumatra,8.2,9.0,44.6
2026-09-16 22:00:00,Banda Aceh,Aceh,Sumatra,8.0,8.7,43.5
2026-09-16 23:00:00,Banda Aceh,Aceh,Sumatra,8.5,9.2,46.2
2026-09-07 00:00:00,Medan,Sumatera Utara,Sumatra,11.8,11.8,55.7
2026-09-07 01:00:00,Medan,Sumatera Utara,Sumatra,12.6,12.7,57.2
2026-09-07 02:00:00,Medan,Sumatera Utara,Sumatra,15.4,15.5,62.5
2026-09-07 03:00:00,Medan,Sumatera Utara,Sumatra,20.5,20.8,72.0
2026-09-07 04:00:00,Medan,Sumatera Utara,Sumatra,24.2,24.4,79.0
2026-09-07 05:00:00,Medan,Sumatera Utara,Sumatra,29.8,30.2,89.5
2026-09-07 06:00:00,Medan,Sumatera Utara,Sumatra,37.0,37.5,104.7
2026-09-07 07:00:00,Medan,Sumatera Utara,Sumatra,44.5,45.1,123.2
2026-09-07 08:00:00,Medan,Sumatera Utara,Sumatra,50.2,50.9,137.2
2026-09-07 09:00:00,Medan,Sumatera Utara,Sumatra,52.2,52.9,142.1
2026-09-07 10:00:00,Medan,Sumatera Utara,Sumatra,48.1,48.8,132.0
2026-09-07 11:00:00,Medan,Sumatera Utara,Sumatra,46.8,47.4,128.8
2026-09-07 12:00:00,Medan,Sumatera Utara,Sumatra,66.6,67.1,158.8
2026-09-07 13:00:00,Medan,Sumatera Utara,Sumatra,77.8,78.2,166.6
2026-09-07 14:00:00,Medan,Sumatera Utara,Sumatra,78.7,79.4,167.3
2026-09-07 15:00:00,Medan,Sumatera Utara,Sumatra,57.9,58.2,152.7
2026-09-07 16:00:00,Medan,Sumatera Utara,Sumatra,52.0,52.4,141.6
2026-09-07 17:00:00,Medan,Sumatera Utara,Sumatra,53.7,53.9,145.8
2026-09-07 18:00:00,Medan,Sumatera Utara,Sumatra,51.0,51.2,139.2
2026-09-07 19:00:00,Medan,Sumatera Utara,Sumatra,49.1,49.7,134.5
2026-09-07 20:00:00,Medan,Sumatera Utara,Sumatra,47.8,48.2,131.3
2026-09-07 21:00:00,Medan,Sumatera Utara,Sumatra,46.6,46.8,128.3
2026-09-07 22:00:00,Medan,Sumatera Utara,Sumatra,44.7,44.9,123.7
2026-09-07 23:00:00,Medan,Sumatera Utara,Sumatra,43.2,43.3,120.0
2026-09-08 00:00:00,Medan,Sumatera Utara,Sumatra,53.4,53.9,145.1
2026-09-08 01:00:00,Medan,Sumatera Utara,Sumatra,54.9,55.9,148.8
2026-09-08 02:00:00,Medan,Sumatera Utara,Sumatra,33.1,33.4,95.7
2026-09-08 03:00:00,Medan,Sumatera Utara,Sumatra,30.2,30.4,90.2
2026-09-08 04:00:00,Medan,Sumatera Utara,Sumatra,30.3,30.6,90.4
2026-09-08 05:00:00,Medan,Sumatera Utara,Sumatra,34.3,34.7,97.9
2026-09-08 06:00:00,Medan,Sumatera Utara,Sumatra,37.7,38.2,106.4
2026-09-08 07:00:00,Medan,Sumatera Utara,Sumatra,39.5,39.9,110.8
2026-09-08 08:00:00,Medan,Sumatera Utara,Sumatra,40.4,41.0,113.1
2026-09-08 09:00:00,Medan,Sumatera Utara,Sumatra,39.2,39.9,110.1
2026-09-08 10:00:00,Medan,Sumatera Utara,Sumatra,39.0,39.7,109.6
2026-09-08 11:00:00,Medan,Sumatera Utara,Sumatra,41.1,41.7,114.8
2026-09-08 12:00:00,Medan,Sumatera Utara,Sumatra,40.0,40.5,112.1
2026-09-08 13:00:00,Medan,Sumatera Utara,Sumatra,41.8,42.0,116.5
2026-09-08 14:00:00,Medan,Sumatera Utara,Sumatra,44.0,44.2,121.9
2026-09-08 15:00:00,Medan,Sumatera Utara,Sumatra,45.6,45.8,125.9
2026-09-08 16:00:00,Medan,Sumatera Utara,Sumatra,44.8,45.1,123.9
2026-09-08 17:00:00,Medan,Sumatera Utara,Sumatra,43.4,43.5,120.5
2026-09-08 18:00:00,Medan,Sumatera Utara,Sumatra,35.4,35.5,100.0
2026-09-08 19:00:00,Medan,Sumatera Utara,Sumatra,23.2,23.3,77.1
2026-09-08 20:00:00,Medan,Sumatera Utara,Sumatra,19.8,20.0,70.7
2026-09-08 21:00:00,Medan,Sumatera Utara,Sumatra,20.3,20.4,71.7
2026-09-08 22:00:00,Medan,Sumatera Utara,Sumatra,22.2,22.4,75.2
2026-09-08 23:00:00,Medan,Sumatera Utara,Sumatra,24.6,24.7,79.7
2026-09-09 00:00:00,Medan,Sumatera Utara,Sumatra,34.7,35.0,98.7
2026-09-09 01:00:00,Medan,Sumatera Utara,Sumatra,39.6,40.0,111.1
2026-09-09 02:00:00,Medan,Sumatera Utara,Sumatra,19.3,19.6,69.8
2026-09-09 03:00:00,Medan,Sumatera Utara,Sumatra,16.9,17.1,65.3
2026-09-09 04:00:00,Medan,Sumatera Utara,Sumatra,15.1,15.4,61.9
2026-09-09 05:00:00,Medan,Sumatera Utara,Sumatra,15.9,16.3,63.4
2026-09-09 06:00:00,Medan,Sumatera Utara,Sumatra,15.6,15.8,62.8
2026-09-09 07:00:00,Medan,Sumatera Utara,Sumatra,16.0,16.3,63.6
2026-09-09 08:00:00,Medan,Sumatera Utara,Sumatra,16.6,17.0,64.7
2026-09-09 09:00:00,Medan,Sumatera Utara,Sumatra,17.1,17.5,65.6
2026-09-09 10:00:00,Medan,Sumatera Utara,Sumatra,17.2,17.8,65.8
2026-09-09 11:00:00,Medan,Sumatera Utara,Sumatra,21.2,21.7,73.3
2026-09-09 12:00:00,Medan,Sumatera Utara,Sumatra,35.4,36.0,100.0
2026-09-09 13:00:00,Medan,Sumatera Utara,Sumatra,51.6,52.9,140.6
2026-09-09 14:00:00,Medan,Sumatera Utara,Sumatra,42.1,42.5,117.3
2026-09-09 15:00:00,Medan,Sumatera Utara,Sumatra,30.5,30.6,90.8
2026-09-09 16:00:00,Medan,Sumatera Utara,Sumatra,25.8,25.8,82.0
2026-09-09 17:00:00,Medan,Sumatera Utara,Sumatra,24.9,25.0,80.3
2026-09-09 18:00:00,Medan,Sumatera Utara,Sumatra,23.1,23.2,76.9
2026-09-09 19:00:00,Medan,Sumatera Utara,Sumatra,20.2,20.3,71.5
2026-09-09 20:00:00,Medan,Sumatera Utara,Sumatra,15.8,15.9,63.2
2026-09-09 21:00:00,Medan,Sumatera Utara,Sumatra,13.6,13.6,59.1
2026-09-09 22:00:00,Medan,Sumatera Utara,Sumatra,14.0,14.1,59.8
2026-09-09 23:00:00,Medan,Sumatera Utara,Sumatra,17.8,17.9,67.0
2026-09-10 00:00:00,Medan,Sumatera Utara,Sumatra,25.9,26.1,82.2
2026-09-10 01:00:00,Medan,Sumatera Utara,Sumatra,32.1,32.7,93.8
2026-09-10 02:00:00,Medan,Sumatera Utara,Sumatra,23.3,24.0,77.3
2026-09-10 03:00:00,Medan,Sumatera Utara,Sumatra,18.2,19.0,67.7
2026-09-10 04:00:00,Medan,Sumatera Utara,Sumatra,15.3,16.1,62.3
2026-09-10 05:00:00,Medan,Sumatera Utara,Sumatra,15.1,15.9,61.9
2026-09-10 06:00:00,Medan,Sumatera Utara,Sumatra,14.5,15.8,60.8
2026-09-10 07:00:00,Medan,Sumatera Utara,Sumatra,15.1,17.2,61.9
2026-09-10 08:00:00,Medan,Sumatera Utara,Sumatra,15.7,17.9,63.0
2026-09-10 09:00:00,Medan,Sumatera Utara,Sumatra,16.1,18.7,63.8
2026-09-10 10:00:00,Medan,Sumatera Utara,Sumatra,17.2,19.6,65.8
2026-09-10 11:00:00,Medan,Sumatera Utara,Sumatra,19.4,21.5,70.0
2026-09-10 12:00:00,Medan,Sumatera Utara,Sumatra,39.0,40.5,109.6
2026-09-10 13:00:00,Medan,Sumatera Utara,Sumatra,55.1,56.9,149.3
2026-09-10 14:00:00,Medan,Sumatera Utara,Sumatra,67.8,69.6,159.6
2026-09-10 15:00:00,Medan,Sumatera Utara,Sumatra,83.6,85.4,170.7
2026-09-10 16:00:00,Medan,Sumatera Utara,Sumatra,93.6,95.5,177.7
2026-09-10 17:00:00,Medan,Sumatera Utara,Sumatra,96.6,98.5,179.8
2026-09-10 18:00:00,Medan,Sumatera Utara,Sumatra,95.0,96.6,178.7
2026-09-10 19:00:00,Medan,Sumatera Utara,Sumatra,85.9,87.5,172.3
2026-09-10 20:00:00,Medan,Sumatera Utara,Sumatra,72.9,74.5,163.2
2026-09-10 21:00:00,Medan,Sumatera Utara,Sumatra,61.5,63.1,155.2
2026-09-10 22:00:00,Medan,Sumatera Utara,Sumatra,53.7,55.1,145.8
2026-09-10 23:00:00,Medan,Sumatera Utara,Sumatra,47.6,49.0,130.8
2026-09-11 00:00:00,Medan,Sumatera Utara,Sumatra,29.2,30.3,88.4
2026-09-11 01:00:00,Medan,Sumatera Utara,Sumatra,32.4,33.6,94.4
2026-09-11 02:00:00,Medan,Sumatera Utara,Sumatra,20.2,22.4,71.5
2026-09-11 03:00:00,Medan,Sumatera Utara,Sumatra,15.8,17.8,63.2
2026-09-11 04:00:00,Medan,Sumatera Utara,Sumatra,14.8,16.2,61.3
2026-09-11 05:00:00,Medan,Sumatera Utara,Sumatra,14.4,14.8,60.6
2026-09-11 06:00:00,Medan,Sumatera Utara,Sumatra,15.0,15.4,61.7
2026-09-11 07:00:00,Medan,Sumatera Utara,Sumatra,13.9,14.3,59.6
2026-09-11 08:00:00,Medan,Sumatera Utara,Sumatra,11.9,12.5,55.9
2026-09-11 09:00:00,Medan,Sumatera Utara,Sumatra,11.1,12.8,54.4
2026-09-11 10:00:00,Medan,Sumatera Utara,Sumatra,12.8,15.0,57.6
2026-09-11 11:00:00,Medan,Sumatera Utara,Sumatra,17.8,19.4,67.0
2026-09-11 12:00:00,Medan,Sumatera Utara,Sumatra,38.1,40.3,107.4
2026-09-11 13:00:00,Medan,Sumatera Utara,Sumatra,29.2,30.6,88.4
2026-09-11 14:00:00,Medan,Sumatera Utara,Sumatra,27.2,28.3,84.6
2026-09-11 15:00:00,Medan,Sumatera Utara,Sumatra,33.4,34.6,96.2
2026-09-11 16:00:00,Medan,Sumatera Utara,Sumatra,38.6,39.8,108.6
2026-09-11 17:00:00,Medan,Sumatera Utara,Sumatra,36.2,37.4,102.7
2026-09-11 18:00:00,Medan,Sumatera Utara,Sumatra,32.2,33.4,94.0
2026-09-11 19:00:00,Medan,Sumatera Utara,Sumatra,28.5,29.7,87.0
2026-09-11 20:00:00,Medan,Sumatera Utara,Sumatra,31.2,32.6,92.1
2026-09-11 21:00:00,Medan,Sumatera Utara,Sumatra,35.2,36.7,99.6
2026-09-11 22:00:00,Medan,Sumatera Utara,Sumatra,38.2,39.7,107.6
2026-09-11 23:00:00,Medan,Sumatera Utara,Sumatra,37.3,38.9,105.4
2026-09-12 00:00:00,Medan,Sumatera Utara,Sumatra,22.5,23.2,75.8
2026-09-12 01:00:00,Medan,Sumatera Utara,Sumatra,25.2,25.8,80.9
2026-09-12 02:00:00,Medan,Sumatera Utara,Sumatra,15.3,15.9,62.3
2026-09-12 03:00:00,Medan,Sumatera Utara,Sumatra,12.4,12.7,56.8
2026-09-12 04:00:00,Medan,Sumatera Utara,Sumatra,12.5,12.5,57.0
2026-09-12 05:00:00,Medan,Sumatera Utara,Sumatra,12.5,12.5,57.0
2026-09-12 06:00:00,Medan,Sumatera Utara,Sumatra,11.9,12.0,55.9
2026-09-12 07:00:00,Medan,Sumatera Utara,Sumatra,10.8,10.9,53.8
2026-09-12 08:00:00,Medan,Sumatera Utara,Sumatra,9.7,9.7,51.8
2026-09-12 09:00:00,Medan,Sumatera Utara,Sumatra,8.8,8.8,47.8
2026-09-12 10:00:00,Medan,Sumatera Utara,Sumatra,9.4,9.4,51.2
2026-09-12 11:00:00,Medan,Sumatera Utara,Sumatra,11.5,11.5,55.1
2026-09-12 12:00:00,Medan,Sumatera Utara,Sumatra,46.0,46.2,126.9
2026-09-12 13:00:00,Medan,Sumatera Utara,Sumatra,54.6,54.8,148.0
2026-09-12 14:00:00,Medan,Sumatera Utara,Sumatra,45.3,45.5,125.1
2026-09-12 15:00:00,Medan,Sumatera Utara,Sumatra,37.1,37.3,104.9
2026-09-12 16:00:00,Medan,Sumatera Utara,Sumatra,34.2,34.2,97.7
2026-09-12 17:00:00,Medan,Sumatera Utara,Sumatra,34.8,34.8,98.9
2026-09-12 18:00:00,Medan,Sumatera Utara,Sumatra,34.3,34.5,97.9
2026-09-12 19:00:00,Medan,Sumatera Utara,Sumatra,32.4,32.5,94.4
2026-09-12 20:00:00,Medan,Sumatera Utara,Sumatra,27.7,27.8,85.5
2026-09-12 21:00:00,Medan,Sumatera Utara,Sumatra,23.5,23.6,77.7
2026-09-12 22:00:00,Medan,Sumatera Utara,Sumatra,23.7,23.7,78.0
2026-09-12 23:00:00,Medan,Sumatera Utara,Sumatra,25.1,25.2,80.7
2026-09-13 00:00:00,Medan,Sumatera Utara,Sumatra,41.8,41.9,116.5
2026-09-13 01:00:00,Medan,Sumatera Utara,Sumatra,39.8,40.0,111.6
2026-09-13 02:00:00,Medan,Sumatera Utara,Sumatra,32.6,32.8,94.7
2026-09-13 03:00:00,Medan,Sumatera Utara,Sumatra,28.8,29.0,87.6
2026-09-13 04:00:00,Medan,Sumatera Utara,Sumatra,27.8,28.0,85.7
2026-09-13 05:00:00,Medan,Sumatera Utara,Sumatra,29.9,30.2,89.7
2026-09-13 06:00:00,Medan,Sumatera Utara,Sumatra,32.6,32.8,94.7
2026-09-13 07:00:00,Medan,Sumatera Utara,Sumatra,34.9,35.2,99.1
2026-09-13 08:00:00,Medan,Sumatera Utara,Sumatra,38.0,38.3,107.2
2026-09-13 09:00:00,Medan,Sumatera Utara,Sumatra,40.9,41.2,114.3
2026-09-13 10:00:00,Medan,Sumatera Utara,Sumatra,42.4,42.7,118.0
2026-09-13 11:00:00,Medan,Sumatera Utara,Sumatra,44.6,44.9,123.4
2026-09-13 12:00:00,Medan,Sumatera Utara,Sumatra,65.7,65.9,158.2
2026-09-13 13:00:00,Medan,Sumatera Utara,Sumatra,82.9,83.1,170.2
2026-09-13 14:00:00,Medan,Sumatera Utara,Sumatra,66.6,66.8,158.8
2026-09-13 15:00:00,Medan,Sumatera Utara,Sumatra,56.3,56.5,151.6
2026-09-13 16:00:00,Medan,Sumatera Utara,Sumatra,46.0,46.1,126.9
2026-09-13 17:00:00,Medan,Sumatera Utara,Sumatra,39.2,39.3,110.1
2026-09-13 18:00:00,Medan,Sumatera Utara,Sumatra,32.9,32.9,95.3
2026-09-13 19:00:00,Medan,Sumatera Utara,Sumatra,28.5,28.6,87.0
2026-09-13 20:00:00,Medan,Sumatera Utara,Sumatra,28.1,28.2,86.3
2026-09-13 21:00:00,Medan,Sumatera Utara,Sumatra,27.6,27.7,85.4
2026-09-13 22:00:00,Medan,Sumatera Utara,Sumatra,27.1,27.1,84.4
2026-09-13 23:00:00,Medan,Sumatera Utara,Sumatra,28.3,28.3,86.7
2026-09-14 00:00:00,Medan,Sumatera Utara,Sumatra,46.2,46.8,127.3
2026-09-14 01:00:00,Medan,Sumatera Utara,Sumatra,53.2,53.7,144.6
2026-09-14 02:00:00,Medan,Sumatera Utara,Sumatra,33.6,33.8,96.6
2026-09-14 03:00:00,Medan,Sumatera Utara,Sumatra,30.4,30.6,90.6
2026-09-14 04:00:00,Medan,Sumatera Utara,Sumatra,29.3,29.6,88.5
2026-09-14 05:00:00,Medan,Sumatera Utara,Sumatra,39.3,40.0,110.4
2026-09-14 06:00:00,Medan,Sumatera Utara,Sumatra,43.4,44.4,120.5
2026-09-14 07:00:00,Medan,Sumatera Utara,Sumatra,50.6,51.9,138.2
2026-09-14 08:00:00,Medan,Sumatera Utara,Sumatra,54.8,56.2,148.5
2026-09-14 09:00:00,Medan,Sumatera Utara,Sumatra,54.8,56.2,148.5
2026-09-14 10:00:00,Medan,Sumatera Utara,Sumatra,51.8,53.1,141.1
2026-09-14 11:00:00,Medan,Sumatera Utara,Sumatra,52.4,53.3,142.6
2026-09-14 12:00:00,Medan,Sumatera Utara,Sumatra,79.2,80.8,167.6
2026-09-14 13:00:00,Medan,Sumatera Utara,Sumatra,81.5,82.7,169.2
2026-09-14 14:00:00,Medan,Sumatera Utara,Sumatra,75.2,75.7,164.8
2026-09-14 15:00:00,Medan,Sumatera Utara,Sumatra,63.8,64.3,156.8
2026-09-14 16:00:00,Medan,Sumatera Utara,Sumatra,55.1,55.2,149.3
2026-09-14 17:00:00,Medan,Sumatera Utara,Sumatra,47.5,47.6,130.5
2026-09-14 18:00:00,Medan,Sumatera Utara,Sumatra,40.6,40.7,113.6
2026-09-14 19:00:00,Medan,Sumatera Utara,Sumatra,35.9,36.0,102.0
2026-09-14 20:00:00,Medan,Sumatera Utara,Sumatra,34.0,34.1,97.4
2026-09-14 21:00:00,Medan,Sumatera Utara,Sumatra,33.4,33.5,96.2
2026-09-14 22:00:00,Medan,Sumatera Utara,Sumatra,33.8,34.0,97.0
2026-09-14 23:00:00,Medan,Sumatera Utara,Sumatra,36.1,36.2,102.5
2026-09-15 00:00:00,Medan,Sumatera Utara,Sumatra,41.2,41.8,115.0
2026-09-15 01:00:00,Medan,Sumatera Utara,Sumatra,48.4,48.9,132.8
2026-09-15 02:00:00,Medan,Sumatera Utara,Sumatra,30.4,31.3,90.6
2026-09-15 03:00:00,Medan,Sumatera Utara,Sumatra,33.3,34.2,96.1
2026-09-15 04:00:00,Medan,Sumatera Utara,Sumatra,46.3,48.7,127.6
2026-09-15 05:00:00,Medan,Sumatera Utara,Sumatra,59.5,63.8,153.8
2026-09-15 06:00:00,Medan,Sumatera Utara,Sumatra,66.6,72.2,158.8
2026-09-15 07:00:00,Medan,Sumatera Utara,Sumatra,67.1,72.9,159.1
2026-09-15 08:00:00,Medan,Sumatera Utara,Sumatra,65.2,71.2,157.8
2026-09-15 09:00:00,Medan,Sumatera Utara,Sumatra,63.1,69.8,156.3
2026-09-15 10:00:00,Medan,Sumatera Utara,Sumatra,63.1,69.8,156.3
2026-09-15 11:00:00,Medan,Sumatera Utara,Sumatra,60.5,67.3,154.5
2026-09-15 12:00:00,Medan,Sumatera Utara,Sumatra,83.6,91.0,170.7
2026-09-15 13:00:00,Medan,Sumatera Utara,Sumatra,95.9,103.1,179.3
2026-09-15 14:00:00,Medan,Sumatera Utara,Sumatra,104.3,111.1,185.2
2026-09-15 15:00:00,Medan,Sumatera Utara,Sumatra,104.8,110.8,185.6
2026-09-15 16:00:00,Medan,Sumatera Utara,Sumatra,109.9,115.5,189.1
2026-09-15 17:00:00,Medan,Sumatera Utara,Sumatra,98.0,102.0,180.8
2026-09-15 18:00:00,Medan,Sumatera Utara,Sumatra,86.1,88.7,172.5
2026-09-15 19:00:00,Medan,Sumatera Utara,Sumatra,79.6,81.0,167.9
2026-09-15 20:00:00,Medan,Sumatera Utara,Sumatra,73.1,74.0,163.3
2026-09-15 21:00:00,Medan,Sumatera Utara,Sumatra,67.3,68.0,159.3
2026-09-15 22:00:00,Medan,Sumatera Utara,Sumatra,63.3,64.3,156.5
2026-09-15 23:00:00,Medan,Sumatera Utara,Sumatra,63.6,64.3,156.7
2026-09-16 00:00:00,Medan,Sumatera Utara,Sumatra,69.6,70.8,160.9
2026-09-16 01:00:00,Medan,Sumatera Utara,Sumatra,76.4,78.2,165.7
2026-09-16 02:00:00,Medan,Sumatera Utara,Sumatra,59.4,61.9,153.7
2026-09-16 03:00:00,Medan,Sumatera Utara,Sumatra,49.9,52.4,136.5
2026-09-16 04:00:00,Medan,Sumatera Utara,Sumatra,51.2,53.4,139.7
2026-09-16 05:00:00,Medan,Sumatera Utara,Sumatra,51.0,53.2,139.2
2026-09-16 06:00:00,Medan,Sumatera Utara,Sumatra,46.9,49.2,129.1
2026-09-16 07:00:00,Medan,Sumatera Utara,Sumatra,42.3,44.9,117.7
2026-09-16 08:00:00,Medan,Sumatera Utara,Sumatra,39.3,43.1,110.4
2026-09-16 09:00:00,Medan,Sumatera Utara,Sumatra,32.4,36.4,94.4
2026-09-16 10:00:00,Medan,Sumatera Utara,Sumatra,29.8,33.5,89.5
2026-09-16 11:00:00,Medan,Sumatera Utara,Sumatra,30.5,32.8,90.8
2026-09-16 12:00:00,Medan,Sumatera Utara,Sumatra,33.5,35.0,96.4
2026-09-16 13:00:00,Medan,Sumatera Utara,Sumatra,38.1,39.2,107.4
2026-09-16 14:00:00,Medan,Sumatera Utara,Sumatra,43.1,44.0,119.7
2026-09-16 15:00:00,Medan,Sumatera Utara,Sumatra,48.4,49.5,132.8
2026-09-16 16:00:00,Medan,Sumatera Utara,Sumatra,50.3,51.2,137.4
2026-09-16 17:00:00,Medan,Sumatera Utara,Sumatra,47.1,48.1,129.6
2026-09-16 18:00:00,Medan,Sumatera Utara,Sumatra,50.1,50.9,136.9
2026-09-16 19:00:00,Medan,Sumatera Utara,Sumatra,53.7,54.6,145.8
2026-09-16 20:00:00,Medan,Sumatera Utara,Sumatra,56.7,58.2,151.8
2026-09-16 21:00:00,Medan,Sumatera Utara,Sumatra,59.1,61.0,153.5
2026-09-16 22:00:00,Medan,Sumatera Utara,Sumatra,58.2,59.8,152.9
2026-09-16 23:00:00,Medan,Sumatera Utara,Sumatra,61.0,62.6,154.9
2026-09-07 00:00:00,Padang,Sumatera Barat,Sumatra,99.9,104.5,182.1
2026-09-07 01:00:00,Padang,Sumatera Barat,Sumatra,92.7,96.6,177.1
2026-09-07 02:00:00,Padang,Sumatera Barat,Sumatra,85.9,90.8,172.3
2026-09-07 03:00:00,Padang,Sumatera Barat,Sumatra,76.1,81.5,165.4
2026-09-07 04:00:00,Padang,Sumatera Barat,Sumatra,68.9,74.3,160.4
2026-09-07 05:00:00,Padang,Sumatera Barat,Sumatra,64.0,68.9,157.0
2026-09-07 06:00:00,Padang,Sumatera Barat,Sumatra,58.6,63.3,153.2
2026-09-07 07:00:00,Padang,Sumatera Barat,Sumatra,55.3,59.6,149.8
2026-09-07 08:00:00,Padang,Sumatera Barat,Sumatra,53.2,57.4,144.6
2026-09-07 09:00:00,Padang,Sumatera Barat,Sumatra,48.5,52.5,133.0
2026-09-07 10:00:00,Padang,Sumatera Barat,Sumatra,46.8,50.4,128.8
2026-09-07 11:00:00,Padang,Sumatera Barat,Sumatra,48.5,52.2,133.0
2026-09-07 12:00:00,Padang,Sumatera Barat,Sumatra,55.5,59.8,151.0
2026-09-07 13:00:00,Padang,Sumatera Barat,Sumatra,59.3,63.3,153.7
2026-09-07 14:00:00,Padang,Sumatera Barat,Sumatra,56.8,60.8,151.9
2026-09-07 15:00:00,Padang,Sumatera Barat,Sumatra,52.3,56.6,142.4
2026-09-07 16:00:00,Padang,Sumatera Barat,Sumatra,43.7,48.4,121.2
2026-09-07 17:00:00,Padang,Sumatera Barat,Sumatra,35.2,40.3,99.6
2026-09-07 18:00:00,Padang,Sumatera Barat,Sumatra,26.8,31.4,83.9
2026-09-07 19:00:00,Padang,Sumatera Barat,Sumatra,20.8,24.5,72.6
2026-09-07 20:00:00,Padang,Sumatera Barat,Sumatra,19.2,22.6,69.6
2026-09-07 21:00:00,Padang,Sumatera Barat,Sumatra,15.7,18.5,63.0
2026-09-07 22:00:00,Padang,Sumatera Barat,Sumatra,14.3,16.8,60.4
2026-09-07 23:00:00,Padang,Sumatera Barat,Sumatra,14.2,16.4,60.2
2026-09-08 00:00:00,Padang,Sumatera Barat,Sumatra,22.8,25.8,76.3
2026-09-08 01:00:00,Padang,Sumatera Barat,Sumatra,21.2,24.2,73.3
2026-09-08 02:00:00,Padang,Sumatera Barat,Sumatra,22.7,24.8,76.2
2026-09-08 03:00:00,Padang,Sumatera Barat,Sumatra,29.5,31.4,88.9
2026-09-08 04:00:00,Padang,Sumatera Barat,Sumatra,30.7,32.6,91.2
2026-09-08 05:00:00,Padang,Sumatera Barat,Sumatra,28.9,30.5,87.8
2026-09-08 06:00:00,Padang,Sumatera Barat,Sumatra,26.5,27.9,83.3
2026-09-08 07:00:00,Padang,Sumatera Barat,Sumatra,25.2,26.5,80.9
2026-09-08 08:00:00,Padang,Sumatera Barat,Sumatra,24.8,26.1,80.1
2026-09-08 09:00:00,Padang,Sumatera Barat,Sumatra,25.0,26.4,80.5
2026-09-08 10:00:00,Padang,Sumatera Barat,Sumatra,24.6,26.1,79.7
2026-09-08 11:00:00,Padang,Sumatera Barat,Sumatra,26.2,27.6,82.7
2026-09-08 12:00:00,Padang,Sumatera Barat,Sumatra,25.6,27.1,81.6
2026-09-08 13:00:00,Padang,Sumatera Barat,Sumatra,24.2,26.0,79.0
2026-09-08 14:00:00,Padang,Sumatera Barat,Sumatra,15.7,17.5,63.0
2026-09-08 15:00:00,Padang,Sumatera Barat,Sumatra,16.6,18.5,64.7
2026-09-08 16:00:00,Padang,Sumatera Barat,Sumatra,20.3,22.4,71.7
2026-09-08 17:00:00,Padang,Sumatera Barat,Sumatra,24.0,26.4,78.6
2026-09-08 18:00:00,Padang,Sumatera Barat,Sumatra,27.1,29.6,84.4
2026-09-08 19:00:00,Padang,Sumatera Barat,Sumatra,26.7,29.0,83.7
2026-09-08 20:00:00,Padang,Sumatera Barat,Sumatra,23.4,25.2,77.5
2026-09-08 21:00:00,Padang,Sumatera Barat,Sumatra,16.6,18.0,64.7
2026-09-08 22:00:00,Padang,Sumatera Barat,Sumatra,13.0,14.0,57.9
2026-09-08 23:00:00,Padang,Sumatera Barat,Sumatra,13.4,14.4,58.7
2026-09-09 00:00:00,Padang,Sumatera Barat,Sumatra,40.0,42.4,112.1
2026-09-09 01:00:00,Padang,Sumatera Barat,Sumatra,40.3,42.8,112.8
2026-09-09 02:00:00,Padang,Sumatera Barat,Sumatra,41.3,43.4,115.3
2026-09-09 03:00:00,Padang,Sumatera Barat,Sumatra,41.4,43.4,115.5
2026-09-09 04:00:00,Padang,Sumatera Barat,Sumatra,44.6,46.8,123.4
2026-09-09 05:00:00,Padang,Sumatera Barat,Sumatra,46.6,48.8,128.3
2026-09-09 06:00:00,Padang,Sumatera Barat,Sumatra,54.4,56.8,147.5
2026-09-09 07:00:00,Padang,Sumatera Barat,Sumatra,43.0,45.1,119.5
2026-09-09 08:00:00,Padang,Sumatera Barat,Sumatra,34.9,36.7,99.1
2026-09-09 09:00:00,Padang,Sumatera Barat,Sumatra,30.7,32.5,91.2
2026-09-09 10:00:00,Padang,Sumatera Barat,Sumatra,26.9,28.7,84.0
2026-09-09 11:00:00,Padang,Sumatera Barat,Sumatra,26.0,27.6,82.4
2026-09-09 12:00:00,Padang,Sumatera Barat,Sumatra,20.7,21.9,72.4
2026-09-09 13:00:00,Padang,Sumatera Barat,Sumatra,27.7,29.0,85.5
2026-09-09 14:00:00,Padang,Sumatera Barat,Sumatra,31.4,33.1,92.5
2026-09-09 15:00:00,Padang,Sumatera Barat,Sumatra,35.5,37.5,101.0
2026-09-09 16:00:00,Padang,Sumatera Barat,Sumatra,38.5,40.6,108.4
2026-09-09 17:00:00,Padang,Sumatera Barat,Sumatra,41.3,43.4,115.3
2026-09-09 18:00:00,Padang,Sumatera Barat,Sumatra,42.3,44.2,117.7
2026-09-09 19:00:00,Padang,Sumatera Barat,Sumatra,40.0,41.9,112.1
2026-09-09 20:00:00,Padang,Sumatera Barat,Sumatra,37.4,38.9,105.7
2026-09-09 21:00:00,Padang,Sumatera Barat,Sumatra,35.5,37.5,101.0
2026-09-09 22:00:00,Padang,Sumatera Barat,Sumatra,33.6,35.6,96.6
2026-09-09 23:00:00,Padang,Sumatera Barat,Sumatra,34.1,36.0,97.6
2026-09-10 00:00:00,Padang,Sumatera Barat,Sumatra,25.8,27.8,82.0
2026-09-10 01:00:00,Padang,Sumatera Barat,Sumatra,32.0,34.7,93.6
2026-09-10 02:00:00,Padang,Sumatera Barat,Sumatra,32.8,35.2,95.1
2026-09-10 03:00:00,Padang,Sumatera Barat,Sumatra,33.8,36.2,97.0
2026-09-10 04:00:00,Padang,Sumatera Barat,Sumatra,32.1,34.8,93.8
2026-09-10 05:00:00,Padang,Sumatera Barat,Sumatra,30.6,33.3,91.0
2026-09-10 06:00:00,Padang,Sumatera Barat,Sumatra,32.8,35.5,95.1
2026-09-10 07:00:00,Padang,Sumatera Barat,Sumatra,23.0,25.4,76.7
2026-09-10 08:00:00,Padang,Sumatera Barat,Sumatra,18.0,20.2,67.3
2026-09-10 09:00:00,Padang,Sumatera Barat,Sumatra,15.0,17.2,61.7
2026-09-10 10:00:00,Padang,Sumatera Barat,Sumatra,13.8,16.1,59.4
2026-09-10 11:00:00,Padang,Sumatera Barat,Sumatra,15.5,17.1,62.6
2026-09-10 12:00:00,Padang,Sumatera Barat,Sumatra,23.6,27.1,77.8
2026-09-10 13:00:00,Padang,Sumatera Barat,Sumatra,27.1,30.6,84.4
2026-09-10 14:00:00,Padang,Sumatera Barat,Sumatra,32.1,35.5,93.8
2026-09-10 15:00:00,Padang,Sumatera Barat,Sumatra,30.6,33.6,91.0
2026-09-10 16:00:00,Padang,Sumatera Barat,Sumatra,31.9,34.8,93.4
2026-09-10 17:00:00,Padang,Sumatera Barat,Sumatra,20.0,22.2,71.1
2026-09-10 18:00:00,Padang,Sumatera Barat,Sumatra,14.4,16.5,60.6
2026-09-10 19:00:00,Padang,Sumatera Barat,Sumatra,15.2,17.5,62.1
2026-09-10 20:00:00,Padang,Sumatera Barat,Sumatra,15.3,17.5,62.3
2026-09-10 21:00:00,Padang,Sumatera Barat,Sumatra,16.5,18.5,64.5
2026-09-10 22:00:00,Padang,Sumatera Barat,Sumatra,18.5,20.7,68.3
2026-09-10 23:00:00,Padang,Sumatera Barat,Sumatra,20.5,22.6,72.0
2026-09-11 00:00:00,Padang,Sumatera Barat,Sumatra,35.5,39.0,101.0
2026-09-11 01:00:00,Padang,Sumatera Barat,Sumatra,27.5,30.9,85.2
2026-09-11 02:00:00,Padang,Sumatera Barat,Sumatra,26.8,30.5,83.9
2026-09-11 03:00:00,Padang,Sumatera Barat,Sumatra,28.8,33.3,87.6
2026-09-11 04:00:00,Padang,Sumatera Barat,Sumatra,27.6,32.0,85.4
2026-09-11 05:00:00,Padang,Sumatera Barat,Sumatra,27.5,31.4,85.2
2026-09-11 06:00:00,Padang,Sumatera Barat,Sumatra,28.5,31.7,87.0
2026-09-11 07:00:00,Padang,Sumatera Barat,Sumatra,28.3,31.0,86.7
2026-09-11 08:00:00,Padang,Sumatera Barat,Sumatra,24.2,26.5,79.0
2026-09-11 09:00:00,Padang,Sumatera Barat,Sumatra,22.0,24.2,74.8
2026-09-11 10:00:00,Padang,Sumatera Barat,Sumatra,22.3,24.5,75.4
2026-09-11 11:00:00,Padang,Sumatera Barat,Sumatra,22.2,24.5,75.2
2026-09-11 12:00:00,Padang,Sumatera Barat,Sumatra,19.4,21.7,70.0
2026-09-11 13:00:00,Padang,Sumatera Barat,Sumatra,21.1,23.1,73.2
2026-09-11 14:00:00,Padang,Sumatera Barat,Sumatra,20.6,22.5,72.2
2026-09-11 15:00:00,Padang,Sumatera Barat,Sumatra,21.1,22.8,73.2
2026-09-11 16:00:00,Padang,Sumatera Barat,Sumatra,18.0,19.6,67.3
2026-09-11 17:00:00,Padang,Sumatera Barat,Sumatra,14.3,15.5,60.4
2026-09-11 18:00:00,Padang,Sumatera Barat,Sumatra,14.6,15.7,61.0
2026-09-11 19:00:00,Padang,Sumatera Barat,Sumatra,15.7,17.1,63.0
2026-09-11 20:00:00,Padang,Sumatera Barat,Sumatra,16.9,18.2,65.3
2026-09-11 21:00:00,Padang,Sumatera Barat,Sumatra,18.2,19.5,67.7
2026-09-11 22:00:00,Padang,Sumatera Barat,Sumatra,19.7,20.8,70.5
2026-09-11 23:00:00,Padang,Sumatera Barat,Sumatra,21.7,22.5,74.3
2026-09-12 00:00:00,Padang,Sumatera Barat,Sumatra,31.8,33.6,93.2
2026-09-12 01:00:00,Padang,Sumatera Barat,Sumatra,37.0,39.1,104.7
2026-09-12 02:00:00,Padang,Sumatera Barat,Sumatra,44.8,47.1,123.9
2026-09-12 03:00:00,Padang,Sumatera Barat,Sumatra,54.7,57.5,148.3
2026-09-12 04:00:00,Padang,Sumatera Barat,Sumatra,55.2,58.1,149.5
2026-09-12 05:00:00,Padang,Sumatera Barat,Sumatra,51.6,54.5,140.6
2026-09-12 06:00:00,Padang,Sumatera Barat,Sumatra,48.2,51.2,132.3
2026-09-12 07:00:00,Padang,Sumatera Barat,Sumatra,44.0,46.8,121.9
2026-09-12 08:00:00,Padang,Sumatera Barat,Sumatra,41.0,43.5,114.5
2026-09-12 09:00:00,Padang,Sumatera Barat,Sumatra,40.6,43.1,113.6
2026-09-12 10:00:00,Padang,Sumatera Barat,Sumatra,39.9,42.4,111.8
2026-09-12 11:00:00,Padang,Sumatera Barat,Sumatra,35.3,37.3,99.8
2026-09-12 12:00:00,Padang,Sumatera Barat,Sumatra,53.2,55.9,144.6
2026-09-12 13:00:00,Padang,Sumatera Barat,Sumatra,58.3,61.0,153.0
2026-09-12 14:00:00,Padang,Sumatera Barat,Sumatra,62.2,65.0,155.7
2026-09-12 15:00:00,Padang,Sumatera Barat,Sumatra,65.7,68.2,158.2
2026-09-12 16:00:00,Padang,Sumatera Barat,Sumatra,66.6,69.2,158.8
2026-09-12 17:00:00,Padang,Sumatera Barat,Sumatra,65.9,68.2,158.3
2026-09-12 18:00:00,Padang,Sumatera Barat,Sumatra,63.8,65.9,156.8
2026-09-12 19:00:00,Padang,Sumatera Barat,Sumatra,62.6,64.5,156.0
2026-09-12 20:00:00,Padang,Sumatera Barat,Sumatra,60.8,62.6,154.7
2026-09-12 21:00:00,Padang,Sumatera Barat,Sumatra,59.6,61.5,153.9
2026-09-12 22:00:00,Padang,Sumatera Barat,Sumatra,58.0,59.6,152.8
2026-09-12 23:00:00,Padang,Sumatera Barat,Sumatra,58.4,60.1,153.0
2026-09-13 00:00:00,Padang,Sumatera Barat,Sumatra,50.6,51.8,138.2
2026-09-13 01:00:00,Padang,Sumatera Barat,Sumatra,49.9,51.2,136.5
2026-09-13 02:00:00,Padang,Sumatera Barat,Sumatra,41.7,43.2,116.3
2026-09-13 03:00:00,Padang,Sumatera Barat,Sumatra,39.9,41.6,111.8
2026-09-13 04:00:00,Padang,Sumatera Barat,Sumatra,39.5,41.3,110.8
2026-09-13 05:00:00,Padang,Sumatera Barat,Sumatra,37.7,40.2,106.4
2026-09-13 06:00:00,Padang,Sumatera Barat,Sumatra,35.2,37.6,99.6
2026-09-13 07:00:00,Padang,Sumatera Barat,Sumatra,33.9,36.2,97.2
2026-09-13 08:00:00,Padang,Sumatera Barat,Sumatra,32.5,34.7,94.6
2026-09-13 09:00:00,Padang,Sumatera Barat,Sumatra,32.1,34.5,93.8
2026-09-13 10:00:00,Padang,Sumatera Barat,Sumatra,33.8,36.0,97.0
2026-09-13 11:00:00,Padang,Sumatera Barat,Sumatra,35.3,37.3,99.8
2026-09-13 12:00:00,Padang,Sumatera Barat,Sumatra,44.4,47.0,122.9
2026-09-13 13:00:00,Padang,Sumatera Barat,Sumatra,49.9,52.5,136.5
2026-09-13 14:00:00,Padang,Sumatera Barat,Sumatra,60.5,63.1,154.5
2026-09-13 15:00:00,Padang,Sumatera Barat,Sumatra,69.6,72.4,160.9
2026-09-13 16:00:00,Padang,Sumatera Barat,Sumatra,67.8,70.5,159.6
2026-09-13 17:00:00,Padang,Sumatera Barat,Sumatra,71.5,74.0,162.2
2026-09-13 18:00:00,Padang,Sumatera Barat,Sumatra,71.2,74.0,162.0
2026-09-13 19:00:00,Padang,Sumatera Barat,Sumatra,65.0,68.0,157.7
2026-09-13 20:00:00,Padang,Sumatera Barat,Sumatra,56.3,59.1,151.6
2026-09-13 21:00:00,Padang,Sumatera Barat,Sumatra,50.3,53.0,137.4
2026-09-13 22:00:00,Padang,Sumatera Barat,Sumatra,48.1,50.6,132.0
2026-09-13 23:00:00,Padang,Sumatera Barat,Sumatra,46.2,48.5,127.3
2026-09-14 00:00:00,Padang,Sumatera Barat,Sumatra,89.2,92.0,174.6
2026-09-14 01:00:00,Padang,Sumatera Barat,Sumatra,80.8,83.8,168.7
2026-09-14 02:00:00,Padang,Sumatera Barat,Sumatra,66.1,70.1,158.4
2026-09-14 03:00:00,Padang,Sumatera Barat,Sumatra,64.3,70.3,157.2
2026-09-14 04:00:00,Padang,Sumatera Barat,Sumatra,66.1,73.6,158.4
2026-09-14 05:00:00,Padang,Sumatera Barat,Sumatra,65.9,74.3,158.3
2026-09-14 06:00:00,Padang,Sumatera Barat,Sumatra,64.7,72.6,157.4
2026-09-14 07:00:00,Padang,Sumatera Barat,Sumatra,63.1,70.5,156.3
2026-09-14 08:00:00,Padang,Sumatera Barat,Sumatra,61.5,68.0,155.2
2026-09-14 09:00:00,Padang,Sumatera Barat,Sumatra,60.8,66.6,154.7
2026-09-14 10:00:00,Padang,Sumatera Barat,Sumatra,61.0,66.6,154.9
2026-09-14 11:00:00,Padang,Sumatera Barat,Sumatra,63.3,68.0,156.5
2026-09-14 12:00:00,Padang,Sumatera Barat,Sumatra,69.4,74.0,160.7
2026-09-14 13:00:00,Padang,Sumatera Barat,Sumatra,70.5,74.5,161.5
2026-09-14 14:00:00,Padang,Sumatera Barat,Sumatra,67.3,70.8,159.3
2026-09-14 15:00:00,Padang,Sumatera Barat,Sumatra,66.8,70.3,158.9
2026-09-14 16:00:00,Padang,Sumatera Barat,Sumatra,71.2,74.7,162.0
2026-09-14 17:00:00,Padang,Sumatera Barat,Sumatra,69.8,73.8,161.0
2026-09-14 18:00:00,Padang,Sumatera Barat,Sumatra,62.9,67.1,156.2
2026-09-14 19:00:00,Padang,Sumatera Barat,Sumatra,57.4,61.7,152.3
2026-09-14 20:00:00,Padang,Sumatera Barat,Sumatra,58.0,62.6,152.8
2026-09-14 21:00:00,Padang,Sumatera Barat,Sumatra,61.0,63.1,154.9
2026-09-14 22:00:00,Padang,Sumatera Barat,Sumatra,61.7,63.6,155.3
2026-09-14 23:00:00,Padang,Sumatera Barat,Sumatra,63.1,64.7,156.3
2026-09-15 00:00:00,Padang,Sumatera Barat,Sumatra,63.6,65.0,156.7
2026-09-15 01:00:00,Padang,Sumatera Barat,Sumatra,66.8,68.7,158.9
2026-09-15 02:00:00,Padang,Sumatera Barat,Sumatra,60.1,62.4,154.2
2026-09-15 03:00:00,Padang,Sumatera Barat,Sumatra,60.3,64.5,154.4
2026-09-15 04:00:00,Padang,Sumatera Barat,Sumatra,59.1,64.0,153.5
2026-09-15 05:00:00,Padang,Sumatera Barat,Sumatra,56.5,61.0,151.7
2026-09-15 06:00:00,Padang,Sumatera Barat,Sumatra,54.6,58.9,148.0
2026-09-15 07:00:00,Padang,Sumatera Barat,Sumatra,50.2,54.1,137.2
2026-09-15 08:00:00,Padang,Sumatera Barat,Sumatra,48.9,52.9,134.0
2026-09-15 09:00:00,Padang,Sumatera Barat,Sumatra,51.7,55.5,140.9
2026-09-15 10:00:00,Padang,Sumatera Barat,Sumatra,54.7,58.7,148.3
2026-09-15 11:00:00,Padang,Sumatera Barat,Sumatra,60.5,64.3,154.5
2026-09-15 12:00:00,Padang,Sumatera Barat,Sumatra,67.1,71.2,159.1
2026-09-15 13:00:00,Padang,Sumatera Barat,Sumatra,75.0,78.7,164.7
2026-09-15 14:00:00,Padang,Sumatera Barat,Sumatra,81.7,85.7,169.4
2026-09-15 15:00:00,Padang,Sumatera Barat,Sumatra,68.0,71.9,159.8
2026-09-15 16:00:00,Padang,Sumatera Barat,Sumatra,59.4,62.6,153.7
2026-09-15 17:00:00,Padang,Sumatera Barat,Sumatra,53.4,57.0,145.1
2026-09-15 18:00:00,Padang,Sumatera Barat,Sumatra,40.5,43.5,113.3
2026-09-15 19:00:00,Padang,Sumatera Barat,Sumatra,40.2,43.9,112.6
2026-09-15 20:00:00,Padang,Sumatera Barat,Sumatra,32.9,35.3,95.3
2026-09-15 21:00:00,Padang,Sumatera Barat,Sumatra,26.8,28.6,83.9
2026-09-15 22:00:00,Padang,Sumatera Barat,Sumatra,25.8,27.4,82.0
2026-09-15 23:00:00,Padang,Sumatera Barat,Sumatra,27.9,29.5,85.9
2026-09-16 00:00:00,Padang,Sumatera Barat,Sumatra,33.6,35.2,96.6
2026-09-16 01:00:00,Padang,Sumatera Barat,Sumatra,36.7,38.4,104.0
2026-09-16 02:00:00,Padang,Sumatera Barat,Sumatra,34.3,36.6,97.9
2026-09-16 03:00:00,Padang,Sumatera Barat,Sumatra,32.7,36.0,94.9
2026-09-16 04:00:00,Padang,Sumatera Barat,Sumatra,33.6,37.6,96.6
2026-09-16 05:00:00,Padang,Sumatera Barat,Sumatra,33.1,37.0,95.7
2026-09-16 06:00:00,Padang,Sumatera Barat,Sumatra,31.3,35.0,92.3
2026-09-16 07:00:00,Padang,Sumatera Barat,Sumatra,28.9,32.5,87.8
2026-09-16 08:00:00,Padang,Sumatera Barat,Sumatra,25.9,29.3,82.2
2026-09-16 09:00:00,Padang,Sumatera Barat,Sumatra,24.4,27.5,79.3
2026-09-16 10:00:00,Padang,Sumatera Barat,Sumatra,22.3,24.9,75.4
2026-09-16 11:00:00,Padang,Sumatera Barat,Sumatra,22.1,24.6,75.0
2026-09-16 12:00:00,Padang,Sumatera Barat,Sumatra,23.5,25.7,77.7
2026-09-16 13:00:00,Padang,Sumatera Barat,Sumatra,25.8,28.0,82.0
2026-09-16 14:00:00,Padang,Sumatera Barat,Sumatra,25.7,27.9,81.8
2026-09-16 15:00:00,Padang,Sumatera Barat,Sumatra,26.1,28.4,82.5
2026-09-16 16:00:00,Padang,Sumatera Barat,Sumatra,26.5,29.8,83.3
2026-09-16 17:00:00,Padang,Sumatera Barat,Sumatra,27.7,31.2,85.5
2026-09-16 18:00:00,Padang,Sumatera Barat,Sumatra,24.7,28.5,79.9
2026-09-16 19:00:00,Padang,Sumatera Barat,Sumatra,23.5,27.5,77.7
2026-09-16 20:00:00,Padang,Sumatera Barat,Sumatra,24.0,28.3,78.6
2026-09-16 21:00:00,Padang,Sumatera Barat,Sumatra,23.7,27.9,78.0
2026-09-16 22:00:00,Padang,Sumatera Barat,Sumatra,21.8,25.3,74.5
2026-09-16 23:00:00,Padang,Sumatera Barat,Sumatra,18.9,22.1,69.0
2026-09-07 00:00:00,Pekanbaru,Riau,Sumatra,93.8,98.3,177.8
2026-09-07 01:00:00,Pekanbaru,Riau,Sumatra,80.1,83.6,168.2
2026-09-07 02:00:00,Pekanbaru,Riau,Sumatra,63.1,66.1,156.3
2026-09-07 03:00:00,Pekanbaru,Riau,Sumatra,45.1,47.7,124.6
2026-09-07 04:00:00,Pekanbaru,Riau,Sumatra,48.0,51.1,131.8
2026-09-07 05:00:00,Pekanbaru,Riau,Sumatra,58.8,62.2,153.3
2026-09-07 06:00:00,Pekanbaru,Riau,Sumatra,65.4,68.9,157.9
2026-09-07 07:00:00,Pekanbaru,Riau,Sumatra,69.6,73.1,160.9
2026-09-07 08:00:00,Pekanbaru,Riau,Sumatra,71.9,75.4,162.5
2026-09-07 09:00:00,Pekanbaru,Riau,Sumatra,74.0,77.5,164.0
2026-09-07 10:00:00,Pekanbaru,Riau,Sumatra,76.1,79.4,165.4
2026-09-07 11:00:00,Pekanbaru,Riau,Sumatra,83.4,86.6,170.6
2026-09-07 12:00:00,Pekanbaru,Riau,Sumatra,101.7,106.2,183.4
2026-09-07 13:00:00,Pekanbaru,Riau,Sumatra,110.8,115.5,189.8
2026-09-07 14:00:00,Pekanbaru,Riau,Sumatra,112.5,116.9,191.0
2026-09-07 15:00:00,Pekanbaru,Riau,Sumatra,110.6,114.6,189.6
2026-09-07 16:00:00,Pekanbaru,Riau,Sumatra,108.5,112.5,188.2
2026-09-07 17:00:00,Pekanbaru,Riau,Sumatra,106.9,110.8,187.0
2026-09-07 18:00:00,Pekanbaru,Riau,Sumatra,104.5,108.5,185.3
2026-09-07 19:00:00,Pekanbaru,Riau,Sumatra,100.4,104.1,182.5
2026-09-07 20:00:00,Pekanbaru,Riau,Sumatra,97.3,101.0,180.3
2026-09-07 21:00:00,Pekanbaru,Riau,Sumatra,94.8,98.5,178.5
2026-09-07 22:00:00,Pekanbaru,Riau,Sumatra,91.0,94.8,175.9
2026-09-07 23:00:00,Pekanbaru,Riau,Sumatra,85.7,89.2,172.2
2026-09-08 00:00:00,Pekanbaru,Riau,Sumatra,62.9,65.4,156.2
2026-09-08 01:00:00,Pekanbaru,Riau,Sumatra,56.8,59.3,151.9
2026-09-08 02:00:00,Pekanbaru,Riau,Sumatra,46.4,49.1,127.8
2026-09-08 03:00:00,Pekanbaru,Riau,Sumatra,34.3,37.4,97.9
2026-09-08 04:00:00,Pekanbaru,Riau,Sumatra,36.9,40.5,104.4
2026-09-08 05:00:00,Pekanbaru,Riau,Sumatra,47.3,51.5,130.1
2026-09-08 06:00:00,Pekanbaru,Riau,Sumatra,50.2,54.0,137.2
2026-09-08 07:00:00,Pekanbaru,Riau,Sumatra,49.2,52.3,134.7
2026-09-08 08:00:00,Pekanbaru,Riau,Sumatra,48.0,50.2,131.8
2026-09-08 09:00:00,Pekanbaru,Riau,Sumatra,48.1,49.9,132.0
2026-09-08 10:00:00,Pekanbaru,Riau,Sumatra,47.8,49.4,131.3
2026-09-08 11:00:00,Pekanbaru,Riau,Sumatra,55.3,56.7,149.8
2026-09-08 12:00:00,Pekanbaru,Riau,Sumatra,75.9,79.4,165.3
2026-09-08 13:00:00,Pekanbaru,Riau,Sumatra,81.7,85.7,169.4
2026-09-08 14:00:00,Pekanbaru,Riau,Sumatra,85.7,89.6,172.2
2026-09-08 15:00:00,Pekanbaru,Riau,Sumatra,87.1,90.8,173.2
2026-09-08 16:00:00,Pekanbaru,Riau,Sumatra,84.3,87.5,171.2
2026-09-08 17:00:00,Pekanbaru,Riau,Sumatra,82.2,85.2,169.7
2026-09-08 18:00:00,Pekanbaru,Riau,Sumatra,82.7,85.7,170.1
2026-09-08 19:00:00,Pekanbaru,Riau,Sumatra,82.7,85.7,170.1
2026-09-08 20:00:00,Pekanbaru,Riau,Sumatra,83.4,86.1,170.6
2026-09-08 21:00:00,Pekanbaru,Riau,Sumatra,85.7,88.7,172.2
2026-09-08 22:00:00,Pekanbaru,Riau,Sumatra,87.3,90.1,173.3
2026-09-08 23:00:00,Pekanbaru,Riau,Sumatra,88.9,92.0,174.4
2026-09-09 00:00:00,Pekanbaru,Riau,Sumatra,141.1,145.3,216.5
2026-09-09 01:00:00,Pekanbaru,Riau,Sumatra,131.3,135.0,206.7
2026-09-09 02:00:00,Pekanbaru,Riau,Sumatra,119.7,124.3,196.0
2026-09-09 03:00:00,Pekanbaru,Riau,Sumatra,108.0,112.7,187.8
2026-09-09 04:00:00,Pekanbaru,Riau,Sumatra,105.9,111.5,186.3
2026-09-09 05:00:00,Pekanbaru,Riau,Sumatra,100.6,106.4,182.6
2026-09-09 06:00:00,Pekanbaru,Riau,Sumatra,96.4,101.7,179.7
2026-09-09 07:00:00,Pekanbaru,Riau,Sumatra,96.2,101.3,179.5
2026-09-09 08:00:00,Pekanbaru,Riau,Sumatra,97.8,102.7,180.7
2026-09-09 09:00:00,Pekanbaru,Riau,Sumatra,100.1,104.8,182.3
2026-09-09 10:00:00,Pekanbaru,Riau,Sumatra,97.1,100.8,180.2
2026-09-09 11:00:00,Pekanbaru,Riau,Sumatra,92.2,95.0,176.7
2026-09-09 12:00:00,Pekanbaru,Riau,Sumatra,82.7,84.3,170.1
2026-09-09 13:00:00,Pekanbaru,Riau,Sumatra,66.4,66.8,158.6
2026-09-09 14:00:00,Pekanbaru,Riau,Sumatra,61.0,61.7,154.9
2026-09-09 15:00:00,Pekanbaru,Riau,Sumatra,61.2,61.9,155.0
2026-09-09 16:00:00,Pekanbaru,Riau,Sumatra,61.7,62.4,155.3
2026-09-09 17:00:00,Pekanbaru,Riau,Sumatra,60.5,61.0,154.5
2026-09-09 18:00:00,Pekanbaru,Riau,Sumatra,61.5,61.9,155.2
2026-09-09 19:00:00,Pekanbaru,Riau,Sumatra,63.8,64.5,156.8
2026-09-09 20:00:00,Pekanbaru,Riau,Sumatra,65.4,66.1,157.9
2026-09-09 21:00:00,Pekanbaru,Riau,Sumatra,65.9,66.8,158.3
2026-09-09 22:00:00,Pekanbaru,Riau,Sumatra,66.6,68.0,158.8
2026-09-09 23:00:00,Pekanbaru,Riau,Sumatra,69.6,71.2,160.9
2026-09-10 00:00:00,Pekanbaru,Riau,Sumatra,85.4,87.1,172.0
2026-09-10 01:00:00,Pekanbaru,Riau,Sumatra,84.5,86.1,171.3
2026-09-10 02:00:00,Pekanbaru,Riau,Sumatra,89.6,92.0,174.9
2026-09-10 03:00:00,Pekanbaru,Riau,Sumatra,89.6,92.7,174.9
2026-09-10 04:00:00,Pekanbaru,Riau,Sumatra,86.4,90.6,172.7
2026-09-10 05:00:00,Pekanbaru,Riau,Sumatra,85.7,90.1,172.2
2026-09-10 06:00:00,Pekanbaru,Riau,Sumatra,81.3,85.0,169.1
2026-09-10 07:00:00,Pekanbaru,Riau,Sumatra,79.4,82.9,167.8
2026-09-10 08:00:00,Pekanbaru,Riau,Sumatra,77.1,80.3,166.1
2026-09-10 09:00:00,Pekanbaru,Riau,Sumatra,75.9,78.7,165.3
2026-09-10 10:00:00,Pekanbaru,Riau,Sumatra,71.5,73.3,162.2
2026-09-10 11:00:00,Pekanbaru,Riau,Sumatra,61.2,62.2,155.0
2026-09-10 12:00:00,Pekanbaru,Riau,Sumatra,101.0,103.8,182.9
2026-09-10 13:00:00,Pekanbaru,Riau,Sumatra,105.9,109.2,186.3
2026-09-10 14:00:00,Pekanbaru,Riau,Sumatra,91.3,93.1,176.1
2026-09-10 15:00:00,Pekanbaru,Riau,Sumatra,83.1,84.8,170.3
2026-09-10 16:00:00,Pekanbaru,Riau,Sumatra,71.2,72.4,162.0
2026-09-10 17:00:00,Pekanbaru,Riau,Sumatra,64.7,65.7,157.4
2026-09-10 18:00:00,Pekanbaru,Riau,Sumatra,55.9,56.6,151.3
2026-09-10 19:00:00,Pekanbaru,Riau,Sumatra,52.6,53.3,143.1
2026-09-10 20:00:00,Pekanbaru,Riau,Sumatra,50.8,51.5,138.7
2026-09-10 21:00:00,Pekanbaru,Riau,Sumatra,49.2,49.9,134.7
2026-09-10 22:00:00,Pekanbaru,Riau,Sumatra,50.1,50.8,136.9
2026-09-10 23:00:00,Pekanbaru,Riau,Sumatra,52.2,53.0,142.1
2026-09-11 00:00:00,Pekanbaru,Riau,Sumatra,55.4,56.3,150.0
2026-09-11 01:00:00,Pekanbaru,Riau,Sumatra,54.6,55.3,148.0
2026-09-11 02:00:00,Pekanbaru,Riau,Sumatra,55.9,56.9,151.3
2026-09-11 03:00:00,Pekanbaru,Riau,Sumatra,57.4,58.6,152.3
2026-09-11 04:00:00,Pekanbaru,Riau,Sumatra,60.3,61.5,154.4
2026-09-11 05:00:00,Pekanbaru,Riau,Sumatra,66.6,68.2,158.8
2026-09-11 06:00:00,Pekanbaru,Riau,Sumatra,75.4,77.1,164.9
2026-09-11 07:00:00,Pekanbaru,Riau,Sumatra,82.7,84.5,170.1
2026-09-11 08:00:00,Pekanbaru,Riau,Sumatra,83.6,85.4,170.7
2026-09-11 09:00:00,Pekanbaru,Riau,Sumatra,78.5,79.6,167.1
2026-09-11 10:00:00,Pekanbaru,Riau,Sumatra,73.1,73.8,163.3
2026-09-11 11:00:00,Pekanbaru,Riau,Sumatra,70.5,71.2,161.5
2026-09-11 12:00:00,Pekanbaru,Riau,Sumatra,65.4,66.4,157.9
2026-09-11 13:00:00,Pekanbaru,Riau,Sumatra,58.6,59.4,153.2
2026-09-11 14:00:00,Pekanbaru,Riau,Sumatra,39.1,39.6,109.9
2026-09-11 15:00:00,Pekanbaru,Riau,Sumatra,42.8,43.3,119.0
2026-09-11 16:00:00,Pekanbaru,Riau,Sumatra,42.8,43.3,119.0
2026-09-11 17:00:00,Pekanbaru,Riau,Sumatra,43.1,43.5,119.7
2026-09-11 18:00:00,Pekanbaru,Riau,Sumatra,39.2,39.7,110.1
2026-09-11 19:00:00,Pekanbaru,Riau,Sumatra,36.9,37.4,104.4
2026-09-11 20:00:00,Pekanbaru,Riau,Sumatra,33.1,33.4,95.7
2026-09-11 21:00:00,Pekanbaru,Riau,Sumatra,30.6,30.9,91.0
2026-09-11 22:00:00,Pekanbaru,Riau,Sumatra,30.2,30.5,90.2
2026-09-11 23:00:00,Pekanbaru,Riau,Sumatra,29.0,29.3,88.0
2026-09-12 00:00:00,Pekanbaru,Riau,Sumatra,14.9,15.0,61.5
2026-09-12 01:00:00,Pekanbaru,Riau,Sumatra,21.6,21.7,74.1
2026-09-12 02:00:00,Pekanbaru,Riau,Sumatra,34.9,35.3,99.1
2026-09-12 03:00:00,Pekanbaru,Riau,Sumatra,48.4,49.1,132.8
2026-09-12 04:00:00,Pekanbaru,Riau,Sumatra,56.0,56.9,151.4
2026-09-12 05:00:00,Pekanbaru,Riau,Sumatra,60.1,61.0,154.2
2026-09-12 06:00:00,Pekanbaru,Riau,Sumatra,61.7,62.9,155.3
2026-09-12 07:00:00,Pekanbaru,Riau,Sumatra,62.6,63.8,156.0
2026-09-12 08:00:00,Pekanbaru,Riau,Sumatra,61.5,62.9,155.2
2026-09-12 09:00:00,Pekanbaru,Riau,Sumatra,58.4,59.6,153.0
2026-09-12 10:00:00,Pekanbaru,Riau,Sumatra,50.3,51.0,137.4
2026-09-12 11:00:00,Pekanbaru,Riau,Sumatra,49.1,49.6,134.5
2026-09-12 12:00:00,Pekanbaru,Riau,Sumatra,71.7,73.6,162.4
2026-09-12 13:00:00,Pekanbaru,Riau,Sumatra,78.7,81.0,167.3
2026-09-12 14:00:00,Pekanbaru,Riau,Sumatra,86.4,88.7,172.7
2026-09-12 15:00:00,Pekanbaru,Riau,Sumatra,100.4,102.9,182.5
2026-09-12 16:00:00,Pekanbaru,Riau,Sumatra,113.9,116.6,191.9
2026-09-12 17:00:00,Pekanbaru,Riau,Sumatra,122.9,126.2,198.2
2026-09-12 18:00:00,Pekanbaru,Riau,Sumatra,127.6,130.9,203.1
2026-09-12 19:00:00,Pekanbaru,Riau,Sumatra,129.5,133.2,205.0
2026-09-12 20:00:00,Pekanbaru,Riau,Sumatra,132.7,136.4,208.1
2026-09-12 21:00:00,Pekanbaru,Riau,Sumatra,136.9,140.6,212.3
2026-09-12 22:00:00,Pekanbaru,Riau,Sumatra,141.1,145.3,216.5
2026-09-12 23:00:00,Pekanbaru,Riau,Sumatra,143.9,148.1,219.2
2026-09-13 00:00:00,Pekanbaru,Riau,Sumatra,121.5,123.9,197.3
2026-09-13 01:00:00,Pekanbaru,Riau,Sumatra,113.4,115.7,191.6
2026-09-13 02:00:00,Pekanbaru,Riau,Sumatra,84.8,87.5,171.5
2026-09-13 03:00:00,Pekanbaru,Riau,Sumatra,43.9,46.8,121.7
2026-09-13 04:00:00,Pekanbaru,Riau,Sumatra,34.5,37.0,98.3
2026-09-13 05:00:00,Pekanbaru,Riau,Sumatra,34.6,37.1,98.5
2026-09-13 06:00:00,Pekanbaru,Riau,Sumatra,34.7,37.1,98.7
2026-09-13 07:00:00,Pekanbaru,Riau,Sumatra,33.3,35.6,96.1
2026-09-13 08:00:00,Pekanbaru,Riau,Sumatra,31.4,33.5,92.5
2026-09-13 09:00:00,Pekanbaru,Riau,Sumatra,28.6,30.6,87.2
2026-09-13 10:00:00,Pekanbaru,Riau,Sumatra,27.1,28.7,84.4
2026-09-13 11:00:00,Pekanbaru,Riau,Sumatra,27.4,28.9,85.0
2026-09-13 12:00:00,Pekanbaru,Riau,Sumatra,59.1,63.3,153.5
2026-09-13 13:00:00,Pekanbaru,Riau,Sumatra,59.8,64.0,154.0
2026-09-13 14:00:00,Pekanbaru,Riau,Sumatra,57.5,61.2,152.4
2026-09-13 15:00:00,Pekanbaru,Riau,Sumatra,53.8,57.2,146.1
2026-09-13 16:00:00,Pekanbaru,Riau,Sumatra,52.3,55.8,142.4
2026-09-13 17:00:00,Pekanbaru,Riau,Sumatra,51.7,55.4,140.9
2026-09-13 18:00:00,Pekanbaru,Riau,Sumatra,51.8,55.6,141.1
2026-09-13 19:00:00,Pekanbaru,Riau,Sumatra,51.9,56.0,141.4
2026-09-13 20:00:00,Pekanbaru,Riau,Sumatra,51.9,56.0,141.4
2026-09-13 21:00:00,Pekanbaru,Riau,Sumatra,50.4,54.5,137.7
2026-09-13 22:00:00,Pekanbaru,Riau,Sumatra,46.3,50.1,127.6
2026-09-13 23:00:00,Pekanbaru,Riau,Sumatra,42.8,46.3,119.0
2026-09-14 00:00:00,Pekanbaru,Riau,Sumatra,54.2,58.8,147.0
2026-09-14 01:00:00,Pekanbaru,Riau,Sumatra,53.0,57.2,144.1
2026-09-14 02:00:00,Pekanbaru,Riau,Sumatra,57.6,63.1,152.5
2026-09-14 03:00:00,Pekanbaru,Riau,Sumatra,72.4,79.6,162.8
2026-09-14 04:00:00,Pekanbaru,Riau,Sumatra,80.3,88.9,168.4
2026-09-14 05:00:00,Pekanbaru,Riau,Sumatra,75.9,84.8,165.3
2026-09-14 06:00:00,Pekanbaru,Riau,Sumatra,72.2,80.6,162.7
2026-09-14 07:00:00,Pekanbaru,Riau,Sumatra,69.8,78.0,161.0
2026-09-14 08:00:00,Pekanbaru,Riau,Sumatra,70.1,77.8,161.2
2026-09-14 09:00:00,Pekanbaru,Riau,Sumatra,68.9,76.1,160.4
2026-09-14 10:00:00,Pekanbaru,Riau,Sumatra,68.5,75.0,160.1
2026-09-14 11:00:00,Pekanbaru,Riau,Sumatra,72.4,79.2,162.8
2026-09-14 12:00:00,Pekanbaru,Riau,Sumatra,106.9,117.3,187.0
2026-09-14 13:00:00,Pekanbaru,Riau,Sumatra,108.0,118.3,187.8
2026-09-14 14:00:00,Pekanbaru,Riau,Sumatra,107.1,116.6,187.2
2026-09-14 15:00:00,Pekanbaru,Riau,Sumatra,106.4,115.7,186.7
2026-09-14 16:00:00,Pekanbaru,Riau,Sumatra,105.2,113.9,185.8
2026-09-14 17:00:00,Pekanbaru,Riau,Sumatra,104.8,113.2,185.6
2026-09-14 18:00:00,Pekanbaru,Riau,Sumatra,105.7,113.6,186.2
2026-09-14 19:00:00,Pekanbaru,Riau,Sumatra,106.9,114.8,187.0
2026-09-14 20:00:00,Pekanbaru,Riau,Sumatra,106.4,114.1,186.7
2026-09-14 21:00:00,Pekanbaru,Riau,Sumatra,101.7,108.7,183.4
2026-09-14 22:00:00,Pekanbaru,Riau,Sumatra,95.7,101.5,179.2
2026-09-14 23:00:00,Pekanbaru,Riau,Sumatra,87.5,92.2,173.4
2026-09-15 00:00:00,Pekanbaru,Riau,Sumatra,83.8,86.8,170.8
2026-09-15 01:00:00,Pekanbaru,Riau,Sumatra,78.5,81.5,167.1
2026-09-15 02:00:00,Pekanbaru,Riau,Sumatra,74.3,77.8,164.2
2026-09-15 03:00:00,Pekanbaru,Riau,Sumatra,70.3,74.0,161.4
2026-09-15 04:00:00,Pekanbaru,Riau,Sumatra,66.8,70.5,158.9
2026-09-15 05:00:00,Pekanbaru,Riau,Sumatra,61.9,65.7,155.5
2026-09-15 06:00:00,Pekanbaru,Riau,Sumatra,56.7,60.5,151.8
2026-09-15 07:00:00,Pekanbaru,Riau,Sumatra,49.5,53.1,135.5
2026-09-15 08:00:00,Pekanbaru,Riau,Sumatra,41.1,44.4,114.8
2026-09-15 09:00:00,Pekanbaru,Riau,Sumatra,33.6,36.8,96.6
2026-09-15 10:00:00,Pekanbaru,Riau,Sumatra,30.9,33.6,91.6
2026-09-15 11:00:00,Pekanbaru,Riau,Sumatra,32.2,34.9,94.0
2026-09-15 12:00:00,Pekanbaru,Riau,Sumatra,62.6,69.2,156.0
2026-09-15 13:00:00,Pekanbaru,Riau,Sumatra,57.4,63.3,152.3
2026-09-15 14:00:00,Pekanbaru,Riau,Sumatra,55.1,60.8,149.3
2026-09-15 15:00:00,Pekanbaru,Riau,Sumatra,54.1,59.8,146.8
2026-09-15 16:00:00,Pekanbaru,Riau,Sumatra,53.2,58.9,144.6
2026-09-15 17:00:00,Pekanbaru,Riau,Sumatra,51.2,56.8,139.7
2026-09-15 18:00:00,Pekanbaru,Riau,Sumatra,47.3,52.4,130.1
2026-09-15 19:00:00,Pekanbaru,Riau,Sumatra,42.8,47.5,119.0
2026-09-15 20:00:00,Pekanbaru,Riau,Sumatra,39.0,43.4,109.6
2026-09-15 21:00:00,Pekanbaru,Riau,Sumatra,36.1,40.4,102.5
2026-09-15 22:00:00,Pekanbaru,Riau,Sumatra,32.9,36.8,95.3
2026-09-15 23:00:00,Pekanbaru,Riau,Sumatra,30.5,33.9,90.8
2026-09-16 00:00:00,Pekanbaru,Riau,Sumatra,29.4,32.2,88.7
2026-09-16 01:00:00,Pekanbaru,Riau,Sumatra,28.3,30.7,86.7
2026-09-16 02:00:00,Pekanbaru,Riau,Sumatra,26.2,29.2,82.7
2026-09-16 03:00:00,Pekanbaru,Riau,Sumatra,27.9,31.1,85.9
2026-09-16 04:00:00,Pekanbaru,Riau,Sumatra,35.9,39.1,102.0
2026-09-16 05:00:00,Pekanbaru,Riau,Sumatra,44.0,47.3,121.9
2026-09-16 06:00:00,Pekanbaru,Riau,Sumatra,50.5,53.8,137.9
2026-09-16 07:00:00,Pekanbaru,Riau,Sumatra,54.8,57.9,148.5
2026-09-16 08:00:00,Pekanbaru,Riau,Sumatra,56.8,59.8,151.9
2026-09-16 09:00:00,Pekanbaru,Riau,Sumatra,57.5,60.5,152.4
2026-09-16 10:00:00,Pekanbaru,Riau,Sumatra,58.7,61.5,153.2
2026-09-16 11:00:00,Pekanbaru,Riau,Sumatra,64.5,67.5,157.3
2026-09-16 12:00:00,Pekanbaru,Riau,Sumatra,75.4,78.7,164.9
2026-09-16 13:00:00,Pekanbaru,Riau,Sumatra,86.4,89.6,172.7
2026-09-16 14:00:00,Pekanbaru,Riau,Sumatra,92.9,96.6,177.2
2026-09-16 15:00:00,Pekanbaru,Riau,Sumatra,97.6,101.5,180.5
2026-09-16 16:00:00,Pekanbaru,Riau,Sumatra,102.2,106.2,183.7
2026-09-16 17:00:00,Pekanbaru,Riau,Sumatra,104.5,108.5,185.3
2026-09-16 18:00:00,Pekanbaru,Riau,Sumatra,104.3,108.3,185.2
2026-09-16 19:00:00,Pekanbaru,Riau,Sumatra,101.3,105.2,183.1
2026-09-16 20:00:00,Pekanbaru,Riau,Sumatra,95.2,99.0,178.8
2026-09-16 21:00:00,Pekanbaru,Riau,Sumatra,89.6,93.1,174.9
2026-09-16 22:00:00,Pekanbaru,Riau,Sumatra,97.6,99.7,180.5
2026-09-16 23:00:00,Pekanbaru,Riau,Sumatra,98.0,100.1,180.8
2026-09-07 00:00:00,Jambi,Jambi,Sumatra,15.7,18.0,63.0
2026-09-07 01:00:00,Jambi,Jambi,Sumatra,15.6,18.5,62.8
2026-09-07 02:00:00,Jambi,Jambi,Sumatra,18.8,21.9,68.8
2026-09-07 03:00:00,Jambi,Jambi,Sumatra,24.3,27.3,79.2
2026-09-07 04:00:00,Jambi,Jambi,Sumatra,29.5,32.2,88.9
2026-09-07 05:00:00,Jambi,Jambi,Sumatra,35.4,38.1,100.0
2026-09-07 06:00:00,Jambi,Jambi,Sumatra,44.9,47.7,124.1
2026-09-07 07:00:00,Jambi,Jambi,Sumatra,59.4,62.2,153.7
2026-09-07 08:00:00,Jambi,Jambi,Sumatra,75.9,78.7,165.3
2026-09-07 09:00:00,Jambi,Jambi,Sumatra,94.1,97.1,178.1
2026-09-07 10:00:00,Jambi,Jambi,Sumatra,106.9,109.4,187.0
2026-09-07 11:00:00,Jambi,Jambi,Sumatra,116.9,119.2,194.0
2026-09-07 12:00:00,Jambi,Jambi,Sumatra,89.9,92.2,175.1
2026-09-07 13:00:00,Jambi,Jambi,Sumatra,95.7,97.6,179.2
2026-09-07 14:00:00,Jambi,Jambi,Sumatra,99.4,100.8,181.8
2026-09-07 15:00:00,Jambi,Jambi,Sumatra,98.0,99.2,180.8
2026-09-07 16:00:00,Jambi,Jambi,Sumatra,91.5,92.7,176.2
2026-09-07 17:00:00,Jambi,Jambi,Sumatra,82.2,83.4,169.7
2026-09-07 18:00:00,Jambi,Jambi,Sumatra,74.3,75.4,164.2
2026-09-07 19:00:00,Jambi,Jambi,Sumatra,68.7,70.1,160.3
2026-09-07 20:00:00,Jambi,Jambi,Sumatra,65.7,67.3,158.2
2026-09-07 21:00:00,Jambi,Jambi,Sumatra,64.7,66.4,157.4
2026-09-07 22:00:00,Jambi,Jambi,Sumatra,63.1,65.0,156.3
2026-09-07 23:00:00,Jambi,Jambi,Sumatra,60.3,62.4,154.4
2026-09-08 00:00:00,Jambi,Jambi,Sumatra,61.0,62.4,154.9
2026-09-08 01:00:00,Jambi,Jambi,Sumatra,57.3,60.1,152.3
2026-09-08 02:00:00,Jambi,Jambi,Sumatra,44.4,49.0,122.9
2026-09-08 03:00:00,Jambi,Jambi,Sumatra,40.6,45.6,113.6
2026-09-08 04:00:00,Jambi,Jambi,Sumatra,44.5,49.5,123.2
2026-09-08 05:00:00,Jambi,Jambi,Sumatra,52.0,56.9,141.6
2026-09-08 06:00:00,Jambi,Jambi,Sumatra,61.0,65.7,154.9
2026-09-08 07:00:00,Jambi,Jambi,Sumatra,68.7,73.3,160.3
2026-09-08 08:00:00,Jambi,Jambi,Sumatra,76.8,81.5,165.9
2026-09-08 09:00:00,Jambi,Jambi,Sumatra,83.1,87.8,170.3
2026-09-08 10:00:00,Jambi,Jambi,Sumatra,90.8,95.0,175.7
2026-09-08 11:00:00,Jambi,Jambi,Sumatra,94.5,98.5,178.3
2026-09-08 12:00:00,Jambi,Jambi,Sumatra,223.1,228.2,297.7
2026-09-08 13:00:00,Jambi,Jambi,Sumatra,228.2,233.3,303.7
2026-09-08 14:00:00,Jambi,Jambi,Sumatra,213.7,217.9,288.4
2026-09-08 15:00:00,Jambi,Jambi,Sumatra,187.7,191.4,262.6
2026-09-08 16:00:00,Jambi,Jambi,Sumatra,156.5,160.2,231.7
2026-09-08 17:00:00,Jambi,Jambi,Sumatra,122.0,125.7,197.6
2026-09-08 18:00:00,Jambi,Jambi,Sumatra,91.5,95.5,176.2
2026-09-08 19:00:00,Jambi,Jambi,Sumatra,69.2,72.9,160.6
2026-09-08 20:00:00,Jambi,Jambi,Sumatra,53.3,56.8,144.8
2026-09-08 21:00:00,Jambi,Jambi,Sumatra,42.0,45.2,117.0
2026-09-08 22:00:00,Jambi,Jambi,Sumatra,33.9,36.8,97.2
2026-09-08 23:00:00,Jambi,Jambi,Sumatra,28.7,31.2,87.4
2026-09-09 00:00:00,Jambi,Jambi,Sumatra,38.2,41.4,107.6
2026-09-09 01:00:00,Jambi,Jambi,Sumatra,43.8,49.2,121.4
2026-09-09 02:00:00,Jambi,Jambi,Sumatra,49.4,55.2,135.2
2026-09-09 03:00:00,Jambi,Jambi,Sumatra,57.9,63.6,152.7
2026-09-09 04:00:00,Jambi,Jambi,Sumatra,65.4,70.1,157.9
2026-09-09 05:00:00,Jambi,Jambi,Sumatra,79.2,83.6,167.6
2026-09-09 06:00:00,Jambi,Jambi,Sumatra,98.5,103.1,181.1
2026-09-09 07:00:00,Jambi,Jambi,Sumatra,125.3,129.9,199.9
2026-09-09 08:00:00,Jambi,Jambi,Sumatra,154.1,158.3,229.3
2026-09-09 09:00:00,Jambi,Jambi,Sumatra,184.9,189.1,259.9
2026-09-09 10:00:00,Jambi,Jambi,Sumatra,199.8,204.0,274.6
2026-09-09 11:00:00,Jambi,Jambi,Sumatra,200.2,204.9,275.0
2026-09-09 12:00:00,Jambi,Jambi,Sumatra,207.7,212.3,282.5
2026-09-09 13:00:00,Jambi,Jambi,Sumatra,208.2,212.3,283.0
2026-09-09 14:00:00,Jambi,Jambi,Sumatra,203.5,207.7,278.3
2026-09-09 15:00:00,Jambi,Jambi,Sumatra,190.0,194.2,264.9
2026-09-09 16:00:00,Jambi,Jambi,Sumatra,168.6,172.8,243.7
2026-09-09 17:00:00,Jambi,Jambi,Sumatra,146.7,150.4,222.0
2026-09-09 18:00:00,Jambi,Jambi,Sumatra,133.2,136.9,208.6
2026-09-09 19:00:00,Jambi,Jambi,Sumatra,122.9,126.2,198.2
2026-09-09 20:00:00,Jambi,Jambi,Sumatra,112.2,115.0,190.7
2026-09-09 21:00:00,Jambi,Jambi,Sumatra,99.4,102.2,181.8
2026-09-09 22:00:00,Jambi,Jambi,Sumatra,88.5,91.3,174.1
2026-09-09 23:00:00,Jambi,Jambi,Sumatra,77.8,80.6,166.6
2026-09-10 00:00:00,Jambi,Jambi,Sumatra,42.4,44.8,118.0
2026-09-10 01:00:00,Jambi,Jambi,Sumatra,41.8,45.6,116.5
2026-09-10 02:00:00,Jambi,Jambi,Sumatra,39.0,43.9,109.6
2026-09-10 03:00:00,Jambi,Jambi,Sumatra,42.1,46.7,117.3
2026-09-10 04:00:00,Jambi,Jambi,Sumatra,47.7,51.7,131.0
2026-09-10 05:00:00,Jambi,Jambi,Sumatra,57.6,60.8,152.5
2026-09-10 06:00:00,Jambi,Jambi,Sumatra,70.8,73.6,161.7
2026-09-10 07:00:00,Jambi,Jambi,Sumatra,85.7,88.5,172.2
2026-09-10 08:00:00,Jambi,Jambi,Sumatra,103.6,106.4,184.7
2026-09-10 09:00:00,Jambi,Jambi,Sumatra,120.1,122.9,196.3
2026-09-10 10:00:00,Jambi,Jambi,Sumatra,129.0,131.3,204.5
2026-09-10 11:00:00,Jambi,Jambi,Sumatra,137.4,140.2,212.8
2026-09-10 12:00:00,Jambi,Jambi,Sumatra,101.0,104.5,182.9
2026-09-10 13:00:00,Jambi,Jambi,Sumatra,101.0,104.3,182.9
2026-09-10 14:00:00,Jambi,Jambi,Sumatra,99.0,102.4,181.5
2026-09-10 15:00:00,Jambi,Jambi,Sumatra,94.8,98.5,178.5
2026-09-10 16:00:00,Jambi,Jambi,Sumatra,87.8,91.5,173.6
2026-09-10 17:00:00,Jambi,Jambi,Sumatra,79.9,83.6,168.1
2026-09-10 18:00:00,Jambi,Jambi,Sumatra,72.4,76.1,162.8
2026-09-10 19:00:00,Jambi,Jambi,Sumatra,61.2,64.5,155.0
2026-09-10 20:00:00,Jambi,Jambi,Sumatra,53.1,55.5,144.3
2026-09-10 21:00:00,Jambi,Jambi,Sumatra,49.1,50.6,134.5
2026-09-10 22:00:00,Jambi,Jambi,Sumatra,48.1,49.0,132.0
2026-09-10 23:00:00,Jambi,Jambi,Sumatra,47.1,48.0,129.6
2026-09-11 00:00:00,Jambi,Jambi,Sumatra,53.8,56.0,146.1
2026-09-11 01:00:00,Jambi,Jambi,Sumatra,51.6,54.4,140.6
2026-09-11 02:00:00,Jambi,Jambi,Sumatra,43.2,47.5,120.0
2026-09-11 03:00:00,Jambi,Jambi,Sumatra,42.0,46.3,117.0
2026-09-11 04:00:00,Jambi,Jambi,Sumatra,43.7,47.7,121.2
2026-09-11 05:00:00,Jambi,Jambi,Sumatra,45.9,49.9,126.6
2026-09-11 06:00:00,Jambi,Jambi,Sumatra,48.8,52.7,133.7
2026-09-11 07:00:00,Jambi,Jambi,Sumatra,51.6,54.8,140.6
2026-09-11 08:00:00,Jambi,Jambi,Sumatra,57.6,60.5,152.5
2026-09-11 09:00:00,Jambi,Jambi,Sumatra,68.7,71.9,160.3
2026-09-11 10:00:00,Jambi,Jambi,Sumatra,70.1,73.3,161.2
2026-09-11 11:00:00,Jambi,Jambi,Sumatra,63.1,65.7,156.3
2026-09-11 12:00:00,Jambi,Jambi,Sumatra,71.9,76.4,162.5
2026-09-11 13:00:00,Jambi,Jambi,Sumatra,66.6,70.1,158.8
2026-09-11 14:00:00,Jambi,Jambi,Sumatra,64.3,66.6,157.2
2026-09-11 15:00:00,Jambi,Jambi,Sumatra,55.2,56.6,149.5
2026-09-11 16:00:00,Jambi,Jambi,Sumatra,54.2,55.8,147.0
2026-09-11 17:00:00,Jambi,Jambi,Sumatra,56.3,58.2,151.6
2026-09-11 18:00:00,Jambi,Jambi,Sumatra,53.2,55.2,144.6
2026-09-11 19:00:00,Jambi,Jambi,Sumatra,39.6,40.4,111.1
2026-09-11 20:00:00,Jambi,Jambi,Sumatra,33.6,34.2,96.6
2026-09-11 21:00:00,Jambi,Jambi,Sumatra,34.5,35.2,98.3
2026-09-11 22:00:00,Jambi,Jambi,Sumatra,32.1,32.8,93.8
2026-09-11 23:00:00,Jambi,Jambi,Sumatra,33.2,34.0,95.9
2026-09-12 00:00:00,Jambi,Jambi,Sumatra,44.5,45.3,123.2
2026-09-12 01:00:00,Jambi,Jambi,Sumatra,45.6,46.6,125.9
2026-09-12 02:00:00,Jambi,Jambi,Sumatra,45.9,47.3,126.6
2026-09-12 03:00:00,Jambi,Jambi,Sumatra,39.3,42.8,110.4
2026-09-12 04:00:00,Jambi,Jambi,Sumatra,33.2,37.0,95.9
2026-09-12 05:00:00,Jambi,Jambi,Sumatra,31.1,34.8,91.9
2026-09-12 06:00:00,Jambi,Jambi,Sumatra,32.9,36.9,95.3
2026-09-12 07:00:00,Jambi,Jambi,Sumatra,32.9,36.9,95.3
2026-09-12 08:00:00,Jambi,Jambi,Sumatra,33.5,37.5,96.4
2026-09-12 09:00:00,Jambi,Jambi,Sumatra,33.3,37.0,96.1
2026-09-12 10:00:00,Jambi,Jambi,Sumatra,31.7,34.7,93.1
2026-09-12 11:00:00,Jambi,Jambi,Sumatra,30.3,32.9,90.4
2026-09-12 12:00:00,Jambi,Jambi,Sumatra,38.9,42.4,109.4
2026-09-12 13:00:00,Jambi,Jambi,Sumatra,34.1,36.9,97.6
2026-09-12 14:00:00,Jambi,Jambi,Sumatra,30.5,32.9,90.8
2026-09-12 15:00:00,Jambi,Jambi,Sumatra,28.1,30.3,86.3
2026-09-12 16:00:00,Jambi,Jambi,Sumatra,26.0,28.2,82.4
2026-09-12 17:00:00,Jambi,Jambi,Sumatra,24.4,26.7,79.3
2026-09-12 18:00:00,Jambi,Jambi,Sumatra,23.8,26.2,78.2
2026-09-12 19:00:00,Jambi,Jambi,Sumatra,23.2,25.6,77.1
2026-09-12 20:00:00,Jambi,Jambi,Sumatra,20.8,22.8,72.6
2026-09-12 21:00:00,Jambi,Jambi,Sumatra,16.8,18.4,65.1
2026-09-12 22:00:00,Jambi,Jambi,Sumatra,13.3,14.8,58.5
2026-09-12 23:00:00,Jambi,Jambi,Sumatra,11.4,12.7,54.9
2026-09-13 00:00:00,Jambi,Jambi,Sumatra,9.6,10.4,51.6
2026-09-13 01:00:00,Jambi,Jambi,Sumatra,10.4,12.4,53.1
2026-09-13 02:00:00,Jambi,Jambi,Sumatra,11.8,14.6,55.7
2026-09-13 03:00:00,Jambi,Jambi,Sumatra,11.8,14.6,55.7
2026-09-13 04:00:00,Jambi,Jambi,Sumatra,12.4,15.2,56.8
2026-09-13 05:00:00,Jambi,Jambi,Sumatra,13.0,15.4,57.9
2026-09-13 06:00:00,Jambi,Jambi,Sumatra,13.3,15.5,58.5
2026-09-13 07:00:00,Jambi,Jambi,Sumatra,14.5,16.6,60.8
2026-09-13 08:00:00,Jambi,Jambi,Sumatra,16.5,18.6,64.5
2026-09-13 09:00:00,Jambi,Jambi,Sumatra,18.6,20.6,68.5
2026-09-13 10:00:00,Jambi,Jambi,Sumatra,20.4,22.2,71.8
2026-09-13 11:00:00,Jambi,Jambi,Sumatra,22.5,24.1,75.8
2026-09-13 12:00:00,Jambi,Jambi,Sumatra,55.8,61.2,151.2
2026-09-13 13:00:00,Jambi,Jambi,Sumatra,58.2,63.3,152.9
2026-09-13 14:00:00,Jambi,Jambi,Sumatra,61.9,66.8,155.5
2026-09-13 15:00:00,Jambi,Jambi,Sumatra,67.8,72.6,159.6
2026-09-13 16:00:00,Jambi,Jambi,Sumatra,74.0,79.2,164.0
2026-09-13 17:00:00,Jambi,Jambi,Sumatra,73.6,78.9,163.7
2026-09-13 18:00:00,Jambi,Jambi,Sumatra,66.4,72.2,158.6
2026-09-13 19:00:00,Jambi,Jambi,Sumatra,56.9,63.1,152.0
2026-09-13 20:00:00,Jambi,Jambi,Sumatra,49.5,56.0,135.5
2026-09-13 21:00:00,Jambi,Jambi,Sumatra,44.4,51.1,122.9
2026-09-13 22:00:00,Jambi,Jambi,Sumatra,38.9,44.4,109.4
2026-09-13 23:00:00,Jambi,Jambi,Sumatra,35.6,40.6,101.2
2026-09-14 00:00:00,Jambi,Jambi,Sumatra,45.8,52.5,126.4
2026-09-14 01:00:00,Jambi,Jambi,Sumatra,50.2,59.8,137.2
2026-09-14 02:00:00,Jambi,Jambi,Sumatra,51.8,62.2,141.1
2026-09-14 03:00:00,Jambi,Jambi,Sumatra,52.7,62.9,143.4
2026-09-14 04:00:00,Jambi,Jambi,Sumatra,52.9,62.2,143.8
2026-09-14 05:00:00,Jambi,Jambi,Sumatra,56.5,65.0,151.7
2026-09-14 06:00:00,Jambi,Jambi,Sumatra,59.3,66.8,153.7
2026-09-14 07:00:00,Jambi,Jambi,Sumatra,60.8,67.5,154.7
2026-09-14 08:00:00,Jambi,Jambi,Sumatra,60.3,66.1,154.4
2026-09-14 09:00:00,Jambi,Jambi,Sumatra,58.9,64.0,153.4
2026-09-14 10:00:00,Jambi,Jambi,Sumatra,57.3,61.7,152.3
2026-09-14 11:00:00,Jambi,Jambi,Sumatra,57.9,61.7,152.7
2026-09-14 12:00:00,Jambi,Jambi,Sumatra,77.1,82.2,166.1
2026-09-14 13:00:00,Jambi,Jambi,Sumatra,76.8,81.0,165.9
2026-09-14 14:00:00,Jambi,Jambi,Sumatra,76.6,80.1,165.8
2026-09-14 15:00:00,Jambi,Jambi,Sumatra,74.3,77.3,164.2
2026-09-14 16:00:00,Jambi,Jambi,Sumatra,67.1,69.4,159.1
2026-09-14 17:00:00,Jambi,Jambi,Sumatra,55.1,57.2,149.3
2026-09-14 18:00:00,Jambi,Jambi,Sumatra,42.5,44.8,118.2
2026-09-14 19:00:00,Jambi,Jambi,Sumatra,33.1,35.6,95.7
2026-09-14 20:00:00,Jambi,Jambi,Sumatra,27.6,30.4,85.4
2026-09-14 21:00:00,Jambi,Jambi,Sumatra,23.9,26.1,78.4
2026-09-14 22:00:00,Jambi,Jambi,Sumatra,21.9,23.9,74.7
2026-09-14 23:00:00,Jambi,Jambi,Sumatra,20.9,22.9,72.8
2026-09-15 00:00:00,Jambi,Jambi,Sumatra,26.1,28.6,82.5
2026-09-15 01:00:00,Jambi,Jambi,Sumatra,27.9,31.7,85.9
2026-09-15 02:00:00,Jambi,Jambi,Sumatra,24.8,29.5,80.1
2026-09-15 03:00:00,Jambi,Jambi,Sumatra,23.4,28.3,77.5
2026-09-15 04:00:00,Jambi,Jambi,Sumatra,23.1,27.8,76.9
2026-09-15 05:00:00,Jambi,Jambi,Sumatra,25.0,29.5,80.5
2026-09-15 06:00:00,Jambi,Jambi,Sumatra,30.4,34.7,90.6
2026-09-15 07:00:00,Jambi,Jambi,Sumatra,38.2,42.3,107.6
2026-09-15 08:00:00,Jambi,Jambi,Sumatra,47.0,51.1,129.3
2026-09-15 09:00:00,Jambi,Jambi,Sumatra,56.7,60.8,151.8
2026-09-15 10:00:00,Jambi,Jambi,Sumatra,66.1,70.1,158.4
2026-09-15 11:00:00,Jambi,Jambi,Sumatra,69.4,73.1,160.7
2026-09-15 12:00:00,Jambi,Jambi,Sumatra,60.3,63.1,154.4
2026-09-15 13:00:00,Jambi,Jambi,Sumatra,61.0,63.6,154.9
2026-09-15 14:00:00,Jambi,Jambi,Sumatra,59.8,62.4,154.0
2026-09-15 15:00:00,Jambi,Jambi,Sumatra,57.6,60.1,152.5
2026-09-15 16:00:00,Jambi,Jambi,Sumatra,56.3,58.9,151.6
2026-09-15 17:00:00,Jambi,Jambi,Sumatra,59.1,61.7,153.5
2026-09-15 18:00:00,Jambi,Jambi,Sumatra,61.7,64.5,155.3
2026-09-15 19:00:00,Jambi,Jambi,Sumatra,60.1,62.9,154.2
2026-09-15 20:00:00,Jambi,Jambi,Sumatra,54.1,56.8,146.8
2026-09-15 21:00:00,Jambi,Jambi,Sumatra,46.8,49.5,128.8
2026-09-15 22:00:00,Jambi,Jambi,Sumatra,39.9,42.6,111.8
2026-09-15 23:00:00,Jambi,Jambi,Sumatra,35.0,38.0,99.2
2026-09-16 00:00:00,Jambi,Jambi,Sumatra,32.1,34.9,93.8
2026-09-16 01:00:00,Jambi,Jambi,Sumatra,31.9,36.0,93.4
2026-09-16 02:00:00,Jambi,Jambi,Sumatra,31.3,36.3,92.3
2026-09-16 03:00:00,Jambi,Jambi,Sumatra,31.1,36.1,91.9
2026-09-16 04:00:00,Jambi,Jambi,Sumatra,31.9,36.4,93.4
2026-09-16 05:00:00,Jambi,Jambi,Sumatra,32.4,36.4,94.4
2026-09-16 06:00:00,Jambi,Jambi,Sumatra,33.3,37.0,96.1
2026-09-16 07:00:00,Jambi,Jambi,Sumatra,35.5,39.1,101.0
2026-09-16 08:00:00,Jambi,Jambi,Sumatra,39.0,42.3,109.6
2026-09-16 09:00:00,Jambi,Jambi,Sumatra,43.0,46.2,119.5
2026-09-16 10:00:00,Jambi,Jambi,Sumatra,47.6,50.9,130.8
2026-09-16 11:00:00,Jambi,Jambi,Sumatra,50.9,53.8,138.9
2026-09-16 12:00:00,Jambi,Jambi,Sumatra,55.8,58.6,151.2
2026-09-16 13:00:00,Jambi,Jambi,Sumatra,59.3,61.7,153.7
2026-09-16 14:00:00,Jambi,Jambi,Sumatra,60.1,62.4,154.2
2026-09-16 15:00:00,Jambi,Jambi,Sumatra,59.0,61.5,153.5
2026-09-16 16:00:00,Jambi,Jambi,Sumatra,57.2,59.8,152.2
2026-09-16 17:00:00,Jambi,Jambi,Sumatra,55.2,57.7,149.5
2026-09-16 18:00:00,Jambi,Jambi,Sumatra,54.5,57.2,147.8
2026-09-16 19:00:00,Jambi,Jambi,Sumatra,56.5,59.4,151.7
2026-09-16 20:00:00,Jambi,Jambi,Sumatra,58.9,61.9,153.4
2026-09-16 21:00:00,Jambi,Jambi,Sumatra,61.0,64.0,154.9
2026-09-16 22:00:00,Jambi,Jambi,Sumatra,61.5,64.3,155.2
2026-09-16 23:00:00,Jambi,Jambi,Sumatra,59.3,62.2,153.7
2026-09-07 00:00:00,Bengkulu,Bengkulu,Sumatra,12.5,17.9,57.0
2026-09-07 01:00:00,Bengkulu,Bengkulu,Sumatra,11.7,17.2,55.5
2026-09-07 02:00:00,Bengkulu,Bengkulu,Sumatra,11.3,16.9,54.8
2026-09-07 03:00:00,Bengkulu,Bengkulu,Sumatra,11.8,17.5,55.7
2026-09-07 04:00:00,Bengkulu,Bengkulu,Sumatra,12.9,19.2,57.8
2026-09-07 05:00:00,Bengkulu,Bengkulu,Sumatra,13.6,20.1,59.1
2026-09-07 06:00:00,Bengkulu,Bengkulu,Sumatra,12.8,19.3,57.6
2026-09-07 07:00:00,Bengkulu,Bengkulu,Sumatra,12.8,19.1,57.6
2026-09-07 08:00:00,Bengkulu,Bengkulu,Sumatra,13.4,19.7,58.7
2026-09-07 09:00:00,Bengkulu,Bengkulu,Sumatra,14.2,20.6,60.2
2026-09-07 10:00:00,Bengkulu,Bengkulu,Sumatra,14.2,20.5,60.2
2026-09-07 11:00:00,Bengkulu,Bengkulu,Sumatra,13.9,20.0,59.6
2026-09-07 12:00:00,Bengkulu,Bengkulu,Sumatra,14.1,20.8,60.0
2026-09-07 13:00:00,Bengkulu,Bengkulu,Sumatra,13.9,20.6,59.6
2026-09-07 14:00:00,Bengkulu,Bengkulu,Sumatra,17.5,25.8,66.4
2026-09-07 15:00:00,Bengkulu,Bengkulu,Sumatra,14.3,20.4,60.4
2026-09-07 16:00:00,Bengkulu,Bengkulu,Sumatra,14.9,21.2,61.5
2026-09-07 17:00:00,Bengkulu,Bengkulu,Sumatra,15.4,21.9,62.5
2026-09-07 18:00:00,Bengkulu,Bengkulu,Sumatra,14.6,20.4,61.0
2026-09-07 19:00:00,Bengkulu,Bengkulu,Sumatra,13.6,19.0,59.1
2026-09-07 20:00:00,Bengkulu,Bengkulu,Sumatra,13.0,17.6,57.9
2026-09-07 21:00:00,Bengkulu,Bengkulu,Sumatra,13.0,16.8,57.9
2026-09-07 22:00:00,Bengkulu,Bengkulu,Sumatra,13.8,17.5,59.4
2026-09-07 23:00:00,Bengkulu,Bengkulu,Sumatra,14.4,18.0,60.6
2026-09-08 00:00:00,Bengkulu,Bengkulu,Sumatra,13.5,17.0,58.9
2026-09-08 01:00:00,Bengkulu,Bengkulu,Sumatra,13.0,16.9,57.9
2026-09-08 02:00:00,Bengkulu,Bengkulu,Sumatra,13.0,16.9,57.9
2026-09-08 03:00:00,Bengkulu,Bengkulu,Sumatra,12.5,16.2,57.0
2026-09-08 04:00:00,Bengkulu,Bengkulu,Sumatra,12.5,16.2,57.0
2026-09-08 05:00:00,Bengkulu,Bengkulu,Sumatra,11.9,15.9,55.9
2026-09-08 06:00:00,Bengkulu,Bengkulu,Sumatra,10.2,14.6,52.7
2026-09-08 07:00:00,Bengkulu,Bengkulu,Sumatra,9.8,14.7,51.9
2026-09-08 08:00:00,Bengkulu,Bengkulu,Sumatra,10.6,15.9,53.4
2026-09-08 09:00:00,Bengkulu,Bengkulu,Sumatra,11.2,16.8,54.6
2026-09-08 10:00:00,Bengkulu,Bengkulu,Sumatra,11.8,17.6,55.7
2026-09-08 11:00:00,Bengkulu,Bengkulu,Sumatra,11.9,17.3,55.9
2026-09-08 12:00:00,Bengkulu,Bengkulu,Sumatra,14.8,21.2,61.3
2026-09-08 13:00:00,Bengkulu,Bengkulu,Sumatra,15.2,21.2,62.1
2026-09-08 14:00:00,Bengkulu,Bengkulu,Sumatra,16.6,23.2,64.7
2026-09-08 15:00:00,Bengkulu,Bengkulu,Sumatra,14.5,20.0,60.8
2026-09-08 16:00:00,Bengkulu,Bengkulu,Sumatra,13.2,18.3,58.3
2026-09-08 17:00:00,Bengkulu,Bengkulu,Sumatra,11.8,16.5,55.7
2026-09-08 18:00:00,Bengkulu,Bengkulu,Sumatra,10.5,15.0,53.3
2026-09-08 19:00:00,Bengkulu,Bengkulu,Sumatra,9.5,13.7,51.4
2026-09-08 20:00:00,Bengkulu,Bengkulu,Sumatra,8.2,12.0,44.6
2026-09-08 21:00:00,Bengkulu,Bengkulu,Sumatra,7.5,11.0,40.8
2026-09-08 22:00:00,Bengkulu,Bengkulu,Sumatra,6.9,10.1,37.5
2026-09-08 23:00:00,Bengkulu,Bengkulu,Sumatra,6.7,9.7,36.4
2026-09-09 00:00:00,Bengkulu,Bengkulu,Sumatra,7.2,10.5,39.1
2026-09-09 01:00:00,Bengkulu,Bengkulu,Sumatra,6.9,10.0,37.5
2026-09-09 02:00:00,Bengkulu,Bengkulu,Sumatra,8.3,11.5,45.1
2026-09-09 03:00:00,Bengkulu,Bengkulu,Sumatra,10.3,13.7,52.9
2026-09-09 04:00:00,Bengkulu,Bengkulu,Sumatra,10.9,14.6,54.0
2026-09-09 05:00:00,Bengkulu,Bengkulu,Sumatra,10.0,13.8,52.3
2026-09-09 06:00:00,Bengkulu,Bengkulu,Sumatra,9.4,13.6,51.2
2026-09-09 07:00:00,Bengkulu,Bengkulu,Sumatra,9.3,13.9,51.0
2026-09-09 08:00:00,Bengkulu,Bengkulu,Sumatra,9.3,14.1,51.0
2026-09-09 09:00:00,Bengkulu,Bengkulu,Sumatra,9.2,14.3,50.0
2026-09-09 10:00:00,Bengkulu,Bengkulu,Sumatra,9.5,14.7,51.4
2026-09-09 11:00:00,Bengkulu,Bengkulu,Sumatra,8.4,12.8,45.7
2026-09-09 12:00:00,Bengkulu,Bengkulu,Sumatra,12.6,18.1,57.2
2026-09-09 13:00:00,Bengkulu,Bengkulu,Sumatra,11.6,16.7,55.3
2026-09-09 14:00:00,Bengkulu,Bengkulu,Sumatra,10.7,15.5,53.6
2026-09-09 15:00:00,Bengkulu,Bengkulu,Sumatra,10.8,15.1,53.8
2026-09-09 16:00:00,Bengkulu,Bengkulu,Sumatra,10.8,14.8,53.8
2026-09-09 17:00:00,Bengkulu,Bengkulu,Sumatra,10.3,14.2,52.9
2026-09-09 18:00:00,Bengkulu,Bengkulu,Sumatra,9.8,13.7,51.9
2026-09-09 19:00:00,Bengkulu,Bengkulu,Sumatra,9.7,13.7,51.8
2026-09-09 20:00:00,Bengkulu,Bengkulu,Sumatra,9.7,13.5,51.8
2026-09-09 21:00:00,Bengkulu,Bengkulu,Sumatra,10.0,13.5,52.3
2026-09-09 22:00:00,Bengkulu,Bengkulu,Sumatra,10.2,13.4,52.7
2026-09-09 23:00:00,Bengkulu,Bengkulu,Sumatra,10.4,13.5,53.1
2026-09-10 00:00:00,Bengkulu,Bengkulu,Sumatra,7.6,11.3,41.3
2026-09-10 01:00:00,Bengkulu,Bengkulu,Sumatra,8.9,13.1,48.4
2026-09-10 02:00:00,Bengkulu,Bengkulu,Sumatra,11.8,16.5,55.7
2026-09-10 03:00:00,Bengkulu,Bengkulu,Sumatra,12.9,17.6,57.8
2026-09-10 04:00:00,Bengkulu,Bengkulu,Sumatra,12.8,18.0,57.6
2026-09-10 05:00:00,Bengkulu,Bengkulu,Sumatra,12.6,18.2,57.2
2026-09-10 06:00:00,Bengkulu,Bengkulu,Sumatra,11.8,17.3,55.7
2026-09-10 07:00:00,Bengkulu,Bengkulu,Sumatra,11.0,16.9,54.2
2026-09-10 08:00:00,Bengkulu,Bengkulu,Sumatra,11.5,17.6,55.1
2026-09-10 09:00:00,Bengkulu,Bengkulu,Sumatra,11.4,17.3,54.9
2026-09-10 10:00:00,Bengkulu,Bengkulu,Sumatra,11.4,16.9,54.9
2026-09-10 11:00:00,Bengkulu,Bengkulu,Sumatra,11.3,16.4,54.8
2026-09-10 12:00:00,Bengkulu,Bengkulu,Sumatra,15.1,20.8,61.9
2026-09-10 13:00:00,Bengkulu,Bengkulu,Sumatra,13.9,19.0,59.6
2026-09-10 14:00:00,Bengkulu,Bengkulu,Sumatra,13.9,18.5,59.6
2026-09-10 15:00:00,Bengkulu,Bengkulu,Sumatra,14.3,18.6,60.4
2026-09-10 16:00:00,Bengkulu,Bengkulu,Sumatra,13.4,17.3,58.7
2026-09-10 17:00:00,Bengkulu,Bengkulu,Sumatra,12.3,15.7,56.6
2026-09-10 18:00:00,Bengkulu,Bengkulu,Sumatra,11.9,15.3,55.9
2026-09-10 19:00:00,Bengkulu,Bengkulu,Sumatra,11.2,14.4,54.6
2026-09-10 20:00:00,Bengkulu,Bengkulu,Sumatra,10.7,13.7,53.6
2026-09-10 21:00:00,Bengkulu,Bengkulu,Sumatra,10.5,13.5,53.3
2026-09-10 22:00:00,Bengkulu,Bengkulu,Sumatra,10.2,13.2,52.7
2026-09-10 23:00:00,Bengkulu,Bengkulu,Sumatra,10.1,12.9,52.5
2026-09-11 00:00:00,Bengkulu,Bengkulu,Sumatra,12.2,16.2,56.4
2026-09-11 01:00:00,Bengkulu,Bengkulu,Sumatra,12.2,16.3,56.4
2026-09-11 02:00:00,Bengkulu,Bengkulu,Sumatra,13.1,17.6,58.1
2026-09-11 03:00:00,Bengkulu,Bengkulu,Sumatra,14.3,19.1,60.4
2026-09-11 04:00:00,Bengkulu,Bengkulu,Sumatra,15.9,20.8,63.4
2026-09-11 05:00:00,Bengkulu,Bengkulu,Sumatra,20.1,25.6,71.3
2026-09-11 06:00:00,Bengkulu,Bengkulu,Sumatra,16.6,22.1,64.7
2026-09-11 07:00:00,Bengkulu,Bengkulu,Sumatra,14.3,19.7,60.4
2026-09-11 08:00:00,Bengkulu,Bengkulu,Sumatra,12.9,18.1,57.8
2026-09-11 09:00:00,Bengkulu,Bengkulu,Sumatra,12.3,17.3,56.6
2026-09-11 10:00:00,Bengkulu,Bengkulu,Sumatra,11.8,16.3,55.7
2026-09-11 11:00:00,Bengkulu,Bengkulu,Sumatra,11.3,15.1,54.8
2026-09-11 12:00:00,Bengkulu,Bengkulu,Sumatra,29.8,36.0,89.5
2026-09-11 13:00:00,Bengkulu,Bengkulu,Sumatra,28.2,34.2,86.5
2026-09-11 14:00:00,Bengkulu,Bengkulu,Sumatra,28.4,34.3,86.9
2026-09-11 15:00:00,Bengkulu,Bengkulu,Sumatra,28.5,34.5,87.0
2026-09-11 16:00:00,Bengkulu,Bengkulu,Sumatra,28.6,34.5,87.2
2026-09-11 17:00:00,Bengkulu,Bengkulu,Sumatra,26.1,31.5,82.5
2026-09-11 18:00:00,Bengkulu,Bengkulu,Sumatra,24.0,29.3,78.6
2026-09-11 19:00:00,Bengkulu,Bengkulu,Sumatra,22.5,27.4,75.8
2026-09-11 20:00:00,Bengkulu,Bengkulu,Sumatra,19.0,23.5,69.2
2026-09-11 21:00:00,Bengkulu,Bengkulu,Sumatra,19.3,23.3,69.8
2026-09-11 22:00:00,Bengkulu,Bengkulu,Sumatra,20.4,24.0,71.8
2026-09-11 23:00:00,Bengkulu,Bengkulu,Sumatra,22.2,25.3,75.2
2026-09-12 00:00:00,Bengkulu,Bengkulu,Sumatra,14.0,16.7,59.8
2026-09-12 01:00:00,Bengkulu,Bengkulu,Sumatra,17.2,19.8,65.8
2026-09-12 02:00:00,Bengkulu,Bengkulu,Sumatra,20.0,23.1,71.1
2026-09-12 03:00:00,Bengkulu,Bengkulu,Sumatra,20.3,23.5,71.7
2026-09-12 04:00:00,Bengkulu,Bengkulu,Sumatra,20.2,23.7,71.5
2026-09-12 05:00:00,Bengkulu,Bengkulu,Sumatra,20.8,25.0,72.6
2026-09-12 06:00:00,Bengkulu,Bengkulu,Sumatra,22.3,27.4,75.4
2026-09-12 07:00:00,Bengkulu,Bengkulu,Sumatra,23.9,30.0,78.4
2026-09-12 08:00:00,Bengkulu,Bengkulu,Sumatra,24.7,31.1,79.9
2026-09-12 09:00:00,Bengkulu,Bengkulu,Sumatra,25.3,31.5,81.0
2026-09-12 10:00:00,Bengkulu,Bengkulu,Sumatra,25.0,30.9,80.5
2026-09-12 11:00:00,Bengkulu,Bengkulu,Sumatra,24.8,29.9,80.1
2026-09-12 12:00:00,Bengkulu,Bengkulu,Sumatra,24.9,30.5,80.3
2026-09-12 13:00:00,Bengkulu,Bengkulu,Sumatra,22.6,28.1,76.0
2026-09-12 14:00:00,Bengkulu,Bengkulu,Sumatra,21.8,27.0,74.5
2026-09-12 15:00:00,Bengkulu,Bengkulu,Sumatra,21.2,26.3,73.3
2026-09-12 16:00:00,Bengkulu,Bengkulu,Sumatra,21.1,26.1,73.2
2026-09-12 17:00:00,Bengkulu,Bengkulu,Sumatra,21.0,26.1,73.0
2026-09-12 18:00:00,Bengkulu,Bengkulu,Sumatra,19.7,24.5,70.5
2026-09-12 19:00:00,Bengkulu,Bengkulu,Sumatra,19.5,24.2,70.1
2026-09-12 20:00:00,Bengkulu,Bengkulu,Sumatra,19.5,23.8,70.1
2026-09-12 21:00:00,Bengkulu,Bengkulu,Sumatra,19.6,23.6,70.3
2026-09-12 22:00:00,Bengkulu,Bengkulu,Sumatra,20.7,24.4,72.4
2026-09-12 23:00:00,Bengkulu,Bengkulu,Sumatra,22.8,26.5,76.3
2026-09-13 00:00:00,Bengkulu,Bengkulu,Sumatra,13.2,15.1,58.3
2026-09-13 01:00:00,Bengkulu,Bengkulu,Sumatra,15.1,17.3,61.9
2026-09-13 02:00:00,Bengkulu,Bengkulu,Sumatra,14.9,17.7,61.5
2026-09-13 03:00:00,Bengkulu,Bengkulu,Sumatra,14.8,18.2,61.3
2026-09-13 04:00:00,Bengkulu,Bengkulu,Sumatra,14.5,18.1,60.8
2026-09-13 05:00:00,Bengkulu,Bengkulu,Sumatra,14.2,18.1,60.2
2026-09-13 06:00:00,Bengkulu,Bengkulu,Sumatra,14.4,18.8,60.6
2026-09-13 07:00:00,Bengkulu,Bengkulu,Sumatra,15.0,19.8,61.7
2026-09-13 08:00:00,Bengkulu,Bengkulu,Sumatra,15.8,20.8,63.2
2026-09-13 09:00:00,Bengkulu,Bengkulu,Sumatra,16.8,22.1,65.1
2026-09-13 10:00:00,Bengkulu,Bengkulu,Sumatra,17.3,22.2,66.0
2026-09-13 11:00:00,Bengkulu,Bengkulu,Sumatra,17.6,22.0,66.6
2026-09-13 12:00:00,Bengkulu,Bengkulu,Sumatra,27.5,33.2,85.2
2026-09-13 13:00:00,Bengkulu,Bengkulu,Sumatra,29.2,34.7,88.4
2026-09-13 14:00:00,Bengkulu,Bengkulu,Sumatra,29.9,35.3,89.7
2026-09-13 15:00:00,Bengkulu,Bengkulu,Sumatra,30.2,35.6,90.2
2026-09-13 16:00:00,Bengkulu,Bengkulu,Sumatra,29.7,35.3,89.3
2026-09-13 17:00:00,Bengkulu,Bengkulu,Sumatra,28.7,34.1,87.4
2026-09-13 18:00:00,Bengkulu,Bengkulu,Sumatra,27.8,32.8,85.7
2026-09-13 19:00:00,Bengkulu,Bengkulu,Sumatra,26.6,31.4,83.5
2026-09-13 20:00:00,Bengkulu,Bengkulu,Sumatra,26.2,30.9,82.7
2026-09-13 21:00:00,Bengkulu,Bengkulu,Sumatra,25.8,30.0,82.0
2026-09-13 22:00:00,Bengkulu,Bengkulu,Sumatra,26.0,29.9,82.4
2026-09-13 23:00:00,Bengkulu,Bengkulu,Sumatra,25.3,28.8,81.0
2026-09-14 00:00:00,Bengkulu,Bengkulu,Sumatra,45.9,50.2,126.6
2026-09-14 01:00:00,Bengkulu,Bengkulu,Sumatra,43.5,47.6,120.7
2026-09-14 02:00:00,Bengkulu,Bengkulu,Sumatra,39.6,45.4,111.1
2026-09-14 03:00:00,Bengkulu,Bengkulu,Sumatra,36.1,42.3,102.5
2026-09-14 04:00:00,Bengkulu,Bengkulu,Sumatra,33.2,39.3,95.9
2026-09-14 05:00:00,Bengkulu,Bengkulu,Sumatra,30.7,36.9,91.2
2026-09-14 06:00:00,Bengkulu,Bengkulu,Sumatra,28.3,34.5,86.7
2026-09-14 07:00:00,Bengkulu,Bengkulu,Sumatra,26.0,32.4,82.4
2026-09-14 08:00:00,Bengkulu,Bengkulu,Sumatra,24.8,31.4,80.1
2026-09-14 09:00:00,Bengkulu,Bengkulu,Sumatra,24.9,31.5,80.3
2026-09-14 10:00:00,Bengkulu,Bengkulu,Sumatra,24.7,31.0,79.9
2026-09-14 11:00:00,Bengkulu,Bengkulu,Sumatra,25.0,30.7,80.5
2026-09-14 12:00:00,Bengkulu,Bengkulu,Sumatra,18.7,23.5,68.6
2026-09-14 13:00:00,Bengkulu,Bengkulu,Sumatra,18.4,22.9,68.1
2026-09-14 14:00:00,Bengkulu,Bengkulu,Sumatra,19.4,24.1,70.0
2026-09-14 15:00:00,Bengkulu,Bengkulu,Sumatra,20.1,24.8,71.3
2026-09-14 16:00:00,Bengkulu,Bengkulu,Sumatra,20.4,25.1,71.8
2026-09-14 17:00:00,Bengkulu,Bengkulu,Sumatra,20.5,25.0,72.0
2026-09-14 18:00:00,Bengkulu,Bengkulu,Sumatra,21.0,25.4,73.0
2026-09-14 19:00:00,Bengkulu,Bengkulu,Sumatra,22.1,26.2,75.0
2026-09-14 20:00:00,Bengkulu,Bengkulu,Sumatra,21.9,25.5,74.7
2026-09-14 21:00:00,Bengkulu,Bengkulu,Sumatra,21.8,25.2,74.5
2026-09-14 22:00:00,Bengkulu,Bengkulu,Sumatra,21.7,24.7,74.3
2026-09-14 23:00:00,Bengkulu,Bengkulu,Sumatra,21.6,24.6,74.1
2026-09-15 00:00:00,Bengkulu,Bengkulu,Sumatra,25.8,29.3,82.0
2026-09-15 01:00:00,Bengkulu,Bengkulu,Sumatra,24.5,28.4,79.5
2026-09-15 02:00:00,Bengkulu,Bengkulu,Sumatra,21.7,26.1,74.3
2026-09-15 03:00:00,Bengkulu,Bengkulu,Sumatra,20.7,25.3,72.4
2026-09-15 04:00:00,Bengkulu,Bengkulu,Sumatra,20.1,24.9,71.3
2026-09-15 05:00:00,Bengkulu,Bengkulu,Sumatra,19.7,24.7,70.5
2026-09-15 06:00:00,Bengkulu,Bengkulu,Sumatra,19.4,24.6,70.0
2026-09-15 07:00:00,Bengkulu,Bengkulu,Sumatra,18.9,24.4,69.0
2026-09-15 08:00:00,Bengkulu,Bengkulu,Sumatra,17.9,23.5,67.1
2026-09-15 09:00:00,Bengkulu,Bengkulu,Sumatra,16.8,22.2,65.1
2026-09-15 10:00:00,Bengkulu,Bengkulu,Sumatra,15.4,20.6,62.5
2026-09-15 11:00:00,Bengkulu,Bengkulu,Sumatra,14.3,19.0,60.4
2026-09-15 12:00:00,Bengkulu,Bengkulu,Sumatra,15.6,20.6,62.8
2026-09-15 13:00:00,Bengkulu,Bengkulu,Sumatra,14.6,19.2,61.0
2026-09-15 14:00:00,Bengkulu,Bengkulu,Sumatra,13.6,17.8,59.1
2026-09-15 15:00:00,Bengkulu,Bengkulu,Sumatra,12.2,16.2,56.4
2026-09-15 16:00:00,Bengkulu,Bengkulu,Sumatra,11.0,15.0,54.2
2026-09-15 17:00:00,Bengkulu,Bengkulu,Sumatra,9.8,13.9,51.9
2026-09-15 18:00:00,Bengkulu,Bengkulu,Sumatra,8.6,12.5,46.7
2026-09-15 19:00:00,Bengkulu,Bengkulu,Sumatra,7.6,11.3,41.3
2026-09-15 20:00:00,Bengkulu,Bengkulu,Sumatra,7.2,10.7,39.1
2026-09-15 21:00:00,Bengkulu,Bengkulu,Sumatra,7.1,10.6,38.6
2026-09-15 22:00:00,Bengkulu,Bengkulu,Sumatra,7.0,10.4,38.0
2026-09-15 23:00:00,Bengkulu,Bengkulu,Sumatra,7.3,10.6,39.7
2026-09-16 00:00:00,Bengkulu,Bengkulu,Sumatra,7.8,11.1,42.4
2026-09-16 01:00:00,Bengkulu,Bengkulu,Sumatra,7.7,11.4,41.8
2026-09-16 02:00:00,Bengkulu,Bengkulu,Sumatra,8.4,12.4,45.7
2026-09-16 03:00:00,Bengkulu,Bengkulu,Sumatra,9.6,13.8,51.6
2026-09-16 04:00:00,Bengkulu,Bengkulu,Sumatra,10.4,14.8,53.1
2026-09-16 05:00:00,Bengkulu,Bengkulu,Sumatra,10.7,15.4,53.6
2026-09-16 06:00:00,Bengkulu,Bengkulu,Sumatra,11.1,16.0,54.4
2026-09-16 07:00:00,Bengkulu,Bengkulu,Sumatra,11.6,16.7,55.3
2026-09-16 08:00:00,Bengkulu,Bengkulu,Sumatra,12.4,17.6,56.8
2026-09-16 09:00:00,Bengkulu,Bengkulu,Sumatra,12.7,17.9,57.4
2026-09-16 10:00:00,Bengkulu,Bengkulu,Sumatra,12.6,17.8,57.2
2026-09-16 11:00:00,Bengkulu,Bengkulu,Sumatra,12.7,17.8,57.4
2026-09-16 12:00:00,Bengkulu,Bengkulu,Sumatra,13.3,18.3,58.5
2026-09-16 13:00:00,Bengkulu,Bengkulu,Sumatra,12.7,16.9,57.4
2026-09-16 14:00:00,Bengkulu,Bengkulu,Sumatra,11.8,15.3,55.7
2026-09-16 15:00:00,Bengkulu,Bengkulu,Sumatra,11.3,14.4,54.8
2026-09-16 16:00:00,Bengkulu,Bengkulu,Sumatra,11.0,13.8,54.2
2026-09-16 17:00:00,Bengkulu,Bengkulu,Sumatra,10.6,13.1,53.4
2026-09-16 18:00:00,Bengkulu,Bengkulu,Sumatra,10.1,12.5,52.5
2026-09-16 19:00:00,Bengkulu,Bengkulu,Sumatra,10.7,13.0,53.6
2026-09-16 20:00:00,Bengkulu,Bengkulu,Sumatra,9.5,11.7,51.4
2026-09-16 21:00:00,Bengkulu,Bengkulu,Sumatra,10.1,12.6,52.5
2026-09-16 22:00:00,Bengkulu,Bengkulu,Sumatra,10.2,12.7,52.7
2026-09-16 23:00:00,Bengkulu,Bengkulu,Sumatra,10.6,13.2,53.4
2026-09-07 00:00:00,Palembang,Sumatera Selatan,Sumatra,25.1,28.5,80.7
2026-09-07 01:00:00,Palembang,Sumatera Selatan,Sumatra,24.4,28.2,79.3
2026-09-07 02:00:00,Palembang,Sumatera Selatan,Sumatra,20.1,23.8,71.3
2026-09-07 03:00:00,Palembang,Sumatera Selatan,Sumatra,20.3,23.5,71.7
2026-09-07 04:00:00,Palembang,Sumatera Selatan,Sumatra,21.6,24.4,74.1
2026-09-07 05:00:00,Palembang,Sumatera Selatan,Sumatra,24.6,27.3,79.7
2026-09-07 06:00:00,Palembang,Sumatera Selatan,Sumatra,30.3,32.9,90.4
2026-09-07 07:00:00,Palembang,Sumatera Selatan,Sumatra,37.7,40.5,106.4
2026-09-07 08:00:00,Palembang,Sumatera Selatan,Sumatra,45.1,48.1,124.6
2026-09-07 09:00:00,Palembang,Sumatera Selatan,Sumatra,50.4,53.6,137.7
2026-09-07 10:00:00,Palembang,Sumatera Selatan,Sumatra,52.0,55.1,141.6
2026-09-07 11:00:00,Palembang,Sumatera Selatan,Sumatra,45.9,48.5,126.6
2026-09-07 12:00:00,Palembang,Sumatera Selatan,Sumatra,27.2,29.7,84.6
2026-09-07 13:00:00,Palembang,Sumatera Selatan,Sumatra,26.3,29.5,82.9
2026-09-07 14:00:00,Palembang,Sumatera Selatan,Sumatra,22.3,25.8,75.4
2026-09-07 15:00:00,Palembang,Sumatera Selatan,Sumatra,19.7,23.4,70.5
2026-09-07 16:00:00,Palembang,Sumatera Selatan,Sumatra,19.4,23.3,70.0
2026-09-07 17:00:00,Palembang,Sumatera Selatan,Sumatra,22.0,26.1,74.8
2026-09-07 18:00:00,Palembang,Sumatera Selatan,Sumatra,25.5,29.7,81.4
2026-09-07 19:00:00,Palembang,Sumatera Selatan,Sumatra,29.1,33.5,88.2
2026-09-07 20:00:00,Palembang,Sumatera Selatan,Sumatra,33.1,37.6,95.7
2026-09-07 21:00:00,Palembang,Sumatera Selatan,Sumatra,35.9,40.2,102.0
2026-09-07 22:00:00,Palembang,Sumatera Selatan,Sumatra,38.3,42.6,107.9
2026-09-07 23:00:00,Palembang,Sumatera Selatan,Sumatra,40.2,44.2,112.6
2026-09-08 00:00:00,Palembang,Sumatera Selatan,Sumatra,51.7,55.8,140.9
2026-09-08 01:00:00,Palembang,Sumatera Selatan,Sumatra,48.7,54.1,133.5
2026-09-08 02:00:00,Palembang,Sumatera Selatan,Sumatra,38.4,45.1,108.1
2026-09-08 03:00:00,Palembang,Sumatera Selatan,Sumatra,36.4,42.7,103.2
2026-09-08 04:00:00,Palembang,Sumatera Selatan,Sumatra,40.5,46.3,113.3
2026-09-08 05:00:00,Palembang,Sumatera Selatan,Sumatra,46.0,51.5,126.9
2026-09-08 06:00:00,Palembang,Sumatera Selatan,Sumatra,54.5,59.6,147.8
2026-09-08 07:00:00,Palembang,Sumatera Selatan,Sumatra,71.0,76.6,161.9
2026-09-08 08:00:00,Palembang,Sumatera Selatan,Sumatra,70.1,75.0,161.2
2026-09-08 09:00:00,Palembang,Sumatera Selatan,Sumatra,83.1,88.7,170.3
2026-09-08 10:00:00,Palembang,Sumatera Selatan,Sumatra,80.3,85.4,168.4
2026-09-08 11:00:00,Palembang,Sumatera Selatan,Sumatra,83.1,88.2,170.3
2026-09-08 12:00:00,Palembang,Sumatera Selatan,Sumatra,121.5,126.7,197.3
2026-09-08 13:00:00,Palembang,Sumatera Selatan,Sumatra,104.8,110.8,185.6
2026-09-08 14:00:00,Palembang,Sumatera Selatan,Sumatra,73.8,80.1,163.8
2026-09-08 15:00:00,Palembang,Sumatera Selatan,Sumatra,48.2,54.2,132.3
2026-09-08 16:00:00,Palembang,Sumatera Selatan,Sumatra,34.5,40.4,98.3
2026-09-08 17:00:00,Palembang,Sumatera Selatan,Sumatra,29.3,35.0,88.5
2026-09-08 18:00:00,Palembang,Sumatera Selatan,Sumatra,28.3,33.6,86.7
2026-09-08 19:00:00,Palembang,Sumatera Selatan,Sumatra,28.5,33.5,87.0
2026-09-08 20:00:00,Palembang,Sumatera Selatan,Sumatra,29.2,33.9,88.4
2026-09-08 21:00:00,Palembang,Sumatera Selatan,Sumatra,28.6,32.5,87.2
2026-09-08 22:00:00,Palembang,Sumatera Selatan,Sumatra,31.5,34.9,92.7
2026-09-08 23:00:00,Palembang,Sumatera Selatan,Sumatra,34.3,37.1,97.9
2026-09-09 00:00:00,Palembang,Sumatera Selatan,Sumatra,33.1,37.0,95.7
2026-09-09 01:00:00,Palembang,Sumatera Selatan,Sumatra,33.1,37.3,95.7
2026-09-09 02:00:00,Palembang,Sumatera Selatan,Sumatra,33.6,38.2,96.6
2026-09-09 03:00:00,Palembang,Sumatera Selatan,Sumatra,40.0,44.8,112.1
2026-09-09 04:00:00,Palembang,Sumatera Selatan,Sumatra,51.2,55.3,139.7
2026-09-09 05:00:00,Palembang,Sumatera Selatan,Sumatra,62.4,65.0,155.8
2026-09-09 06:00:00,Palembang,Sumatera Selatan,Sumatra,79.2,81.3,167.6
2026-09-09 07:00:00,Palembang,Sumatera Selatan,Sumatra,93.1,95.5,177.4
2026-09-09 08:00:00,Palembang,Sumatera Selatan,Sumatra,105.9,108.0,186.3
2026-09-09 09:00:00,Palembang,Sumatera Selatan,Sumatra,120.6,122.0,196.6
2026-09-09 10:00:00,Palembang,Sumatera Selatan,Sumatra,128.5,130.9,204.0
2026-09-09 11:00:00,Palembang,Sumatera Selatan,Sumatra,124.3,126.2,199.2
2026-09-09 12:00:00,Palembang,Sumatera Selatan,Sumatra,92.7,95.9,177.1
2026-09-09 13:00:00,Palembang,Sumatera Selatan,Sumatra,71.7,75.2,162.4
2026-09-09 14:00:00,Palembang,Sumatera Selatan,Sumatra,46.8,50.4,128.8
2026-09-09 15:00:00,Palembang,Sumatera Selatan,Sumatra,29.5,33.2,88.9
2026-09-09 16:00:00,Palembang,Sumatera Selatan,Sumatra,21.2,25.1,73.3
2026-09-09 17:00:00,Palembang,Sumatera Selatan,Sumatra,22.4,26.3,75.6
2026-09-09 18:00:00,Palembang,Sumatera Selatan,Sumatra,26.5,30.5,83.3
2026-09-09 19:00:00,Palembang,Sumatera Selatan,Sumatra,31.9,35.5,93.4
2026-09-09 20:00:00,Palembang,Sumatera Selatan,Sumatra,38.2,41.4,107.6
2026-09-09 21:00:00,Palembang,Sumatera Selatan,Sumatra,44.6,47.8,123.4
2026-09-09 22:00:00,Palembang,Sumatera Selatan,Sumatra,50.4,53.7,137.7
2026-09-09 23:00:00,Palembang,Sumatera Selatan,Sumatra,56.0,59.0,151.4
2026-09-10 00:00:00,Palembang,Sumatera Selatan,Sumatra,34.2,36.8,97.7
2026-09-10 01:00:00,Palembang,Sumatera Selatan,Sumatra,31.1,34.5,91.9
2026-09-10 02:00:00,Palembang,Sumatera Selatan,Sumatra,28.6,32.6,87.2
2026-09-10 03:00:00,Palembang,Sumatera Selatan,Sumatra,30.5,34.2,90.8
2026-09-10 04:00:00,Palembang,Sumatera Selatan,Sumatra,32.5,35.7,94.6
2026-09-10 05:00:00,Palembang,Sumatera Selatan,Sumatra,45.8,49.1,126.4
2026-09-10 06:00:00,Palembang,Sumatera Selatan,Sumatra,50.3,53.6,137.4
2026-09-10 07:00:00,Palembang,Sumatera Selatan,Sumatra,59.0,62.2,153.5
2026-09-10 08:00:00,Palembang,Sumatera Selatan,Sumatra,68.9,71.9,160.4
2026-09-10 09:00:00,Palembang,Sumatera Selatan,Sumatra,77.8,80.8,166.6
2026-09-10 10:00:00,Palembang,Sumatera Selatan,Sumatra,83.8,86.6,170.8
2026-09-10 11:00:00,Palembang,Sumatera Selatan,Sumatra,80.3,82.9,168.4
2026-09-10 12:00:00,Palembang,Sumatera Selatan,Sumatra,62.9,66.1,156.2
2026-09-10 13:00:00,Palembang,Sumatera Selatan,Sumatra,54.5,57.7,147.8
2026-09-10 14:00:00,Palembang,Sumatera Selatan,Sumatra,42.4,45.9,118.0
2026-09-10 15:00:00,Palembang,Sumatera Selatan,Sumatra,32.0,35.7,93.6
2026-09-10 16:00:00,Palembang,Sumatera Selatan,Sumatra,25.6,29.6,81.6
2026-09-10 17:00:00,Palembang,Sumatera Selatan,Sumatra,22.1,26.1,75.0
2026-09-10 18:00:00,Palembang,Sumatera Selatan,Sumatra,22.2,26.3,75.2
2026-09-10 19:00:00,Palembang,Sumatera Selatan,Sumatra,23.0,27.0,76.7
2026-09-10 20:00:00,Palembang,Sumatera Selatan,Sumatra,24.7,28.6,79.9
2026-09-10 21:00:00,Palembang,Sumatera Selatan,Sumatra,27.2,31.1,84.6
2026-09-10 22:00:00,Palembang,Sumatera Selatan,Sumatra,31.1,34.9,91.9
2026-09-10 23:00:00,Palembang,Sumatera Selatan,Sumatra,35.4,39.3,100.0
2026-09-11 00:00:00,Palembang,Sumatera Selatan,Sumatra,41.9,47.6,116.8
2026-09-11 01:00:00,Palembang,Sumatera Selatan,Sumatra,43.1,50.5,119.7
2026-09-11 02:00:00,Palembang,Sumatera Selatan,Sumatra,42.1,49.2,117.3
2026-09-11 03:00:00,Palembang,Sumatera Selatan,Sumatra,40.9,46.8,114.3
2026-09-11 04:00:00,Palembang,Sumatera Selatan,Sumatra,40.2,45.3,112.6
2026-09-11 05:00:00,Palembang,Sumatera Selatan,Sumatra,39.0,43.3,109.6
2026-09-11 06:00:00,Palembang,Sumatera Selatan,Sumatra,41.0,44.8,114.5
2026-09-11 07:00:00,Palembang,Sumatera Selatan,Sumatra,43.8,47.4,121.4
2026-09-11 08:00:00,Palembang,Sumatera Selatan,Sumatra,46.8,50.4,128.8
2026-09-11 09:00:00,Palembang,Sumatera Selatan,Sumatra,49.9,53.4,136.5
2026-09-11 10:00:00,Palembang,Sumatera Selatan,Sumatra,52.0,55.4,141.6
2026-09-11 11:00:00,Palembang,Sumatera Selatan,Sumatra,52.0,55.5,141.6
2026-09-11 12:00:00,Palembang,Sumatera Selatan,Sumatra,46.2,49.4,127.3
2026-09-11 13:00:00,Palembang,Sumatera Selatan,Sumatra,41.3,45.1,115.3
2026-09-11 14:00:00,Palembang,Sumatera Selatan,Sumatra,34.5,38.5,98.3
2026-09-11 15:00:00,Palembang,Sumatera Selatan,Sumatra,28.0,32.4,86.1
2026-09-11 16:00:00,Palembang,Sumatera Selatan,Sumatra,22.9,27.4,76.5
2026-09-11 17:00:00,Palembang,Sumatera Selatan,Sumatra,20.1,24.6,71.3
2026-09-11 18:00:00,Palembang,Sumatera Selatan,Sumatra,19.6,24.0,70.3
2026-09-11 19:00:00,Palembang,Sumatera Selatan,Sumatra,20.1,24.4,71.3
2026-09-11 20:00:00,Palembang,Sumatera Selatan,Sumatra,20.8,24.6,72.6
2026-09-11 21:00:00,Palembang,Sumatera Selatan,Sumatra,22.3,25.6,75.4
2026-09-11 22:00:00,Palembang,Sumatera Selatan,Sumatra,25.0,28.5,80.5
2026-09-11 23:00:00,Palembang,Sumatera Selatan,Sumatra,28.9,32.6,87.8
2026-09-12 00:00:00,Palembang,Sumatera Selatan,Sumatra,31.5,36.0,92.7
2026-09-12 01:00:00,Palembang,Sumatera Selatan,Sumatra,27.0,32.5,84.2
2026-09-12 02:00:00,Palembang,Sumatera Selatan,Sumatra,23.3,29.0,77.3
2026-09-12 03:00:00,Palembang,Sumatera Selatan,Sumatra,23.2,28.2,77.1
2026-09-12 04:00:00,Palembang,Sumatera Selatan,Sumatra,23.2,27.3,77.1
2026-09-12 05:00:00,Palembang,Sumatera Selatan,Sumatra,23.7,27.3,78.0
2026-09-12 06:00:00,Palembang,Sumatera Selatan,Sumatra,25.5,28.7,81.4
2026-09-12 07:00:00,Palembang,Sumatera Selatan,Sumatra,27.8,30.9,85.7
2026-09-12 08:00:00,Palembang,Sumatera Selatan,Sumatra,30.0,33.1,89.9
2026-09-12 09:00:00,Palembang,Sumatera Selatan,Sumatra,31.3,34.3,92.3
2026-09-12 10:00:00,Palembang,Sumatera Selatan,Sumatra,31.1,34.1,91.9
2026-09-12 11:00:00,Palembang,Sumatera Selatan,Sumatra,30.5,33.3,90.8
2026-09-12 12:00:00,Palembang,Sumatera Selatan,Sumatra,23.7,26.3,78.0
2026-09-12 13:00:00,Palembang,Sumatera Selatan,Sumatra,19.3,22.0,69.8
2026-09-12 14:00:00,Palembang,Sumatera Selatan,Sumatra,16.4,19.2,64.3
2026-09-12 15:00:00,Palembang,Sumatera Selatan,Sumatra,14.8,17.7,61.3
2026-09-12 16:00:00,Palembang,Sumatera Selatan,Sumatra,13.3,16.4,58.5
2026-09-12 17:00:00,Palembang,Sumatera Selatan,Sumatra,11.8,15.0,55.7
2026-09-12 18:00:00,Palembang,Sumatera Selatan,Sumatra,12.4,15.5,56.8
2026-09-12 19:00:00,Palembang,Sumatera Selatan,Sumatra,14.1,17.2,60.0
2026-09-12 20:00:00,Palembang,Sumatera Selatan,Sumatra,16.1,18.8,63.8
2026-09-12 21:00:00,Palembang,Sumatera Selatan,Sumatra,18.9,21.2,69.0
2026-09-12 22:00:00,Palembang,Sumatera Selatan,Sumatra,21.9,24.1,74.7
2026-09-12 23:00:00,Palembang,Sumatera Selatan,Sumatra,24.3,26.5,79.2
2026-09-13 00:00:00,Palembang,Sumatera Selatan,Sumatra,18.9,21.2,69.0
2026-09-13 01:00:00,Palembang,Sumatera Selatan,Sumatra,18.5,21.5,68.3
2026-09-13 02:00:00,Palembang,Sumatera Selatan,Sumatra,14.8,18.0,61.3
2026-09-13 03:00:00,Palembang,Sumatera Selatan,Sumatra,14.2,17.1,60.2
2026-09-13 04:00:00,Palembang,Sumatera Selatan,Sumatra,14.7,17.5,61.1
2026-09-13 05:00:00,Palembang,Sumatera Selatan,Sumatra,17.3,20.1,66.0
2026-09-13 06:00:00,Palembang,Sumatera Selatan,Sumatra,22.5,25.4,75.8
2026-09-13 07:00:00,Palembang,Sumatera Selatan,Sumatra,29.9,33.1,89.7
2026-09-13 08:00:00,Palembang,Sumatera Selatan,Sumatra,38.1,41.8,107.4
2026-09-13 09:00:00,Palembang,Sumatera Selatan,Sumatra,44.0,48.0,121.9
2026-09-13 10:00:00,Palembang,Sumatera Selatan,Sumatra,47.6,52.0,130.8
2026-09-13 11:00:00,Palembang,Sumatera Selatan,Sumatra,49.9,54.8,136.5
2026-09-13 12:00:00,Palembang,Sumatera Selatan,Sumatra,68.9,76.6,160.4
2026-09-13 13:00:00,Palembang,Sumatera Selatan,Sumatra,61.9,69.8,155.5
2026-09-13 14:00:00,Palembang,Sumatera Selatan,Sumatra,52.9,61.2,143.8
2026-09-13 15:00:00,Palembang,Sumatera Selatan,Sumatra,45.2,53.6,124.9
2026-09-13 16:00:00,Palembang,Sumatera Selatan,Sumatra,39.8,48.3,111.6
2026-09-13 17:00:00,Palembang,Sumatera Selatan,Sumatra,36.7,45.4,104.0
2026-09-13 18:00:00,Palembang,Sumatera Selatan,Sumatra,36.6,45.1,103.7
2026-09-13 19:00:00,Palembang,Sumatera Selatan,Sumatra,37.5,46.1,105.9
2026-09-13 20:00:00,Palembang,Sumatera Selatan,Sumatra,39.3,47.3,110.4
2026-09-13 21:00:00,Palembang,Sumatera Selatan,Sumatra,42.3,50.1,117.7
2026-09-13 22:00:00,Palembang,Sumatera Selatan,Sumatra,42.7,49.7,118.7
2026-09-13 23:00:00,Palembang,Sumatera Selatan,Sumatra,42.3,48.4,117.7
2026-09-14 00:00:00,Palembang,Sumatera Selatan,Sumatra,44.9,52.4,124.1
2026-09-14 01:00:00,Palembang,Sumatera Selatan,Sumatra,46.9,55.9,129.1
2026-09-14 02:00:00,Palembang,Sumatera Selatan,Sumatra,39.5,48.0,110.8
2026-09-14 03:00:00,Palembang,Sumatera Selatan,Sumatra,33.8,40.6,97.0
2026-09-14 04:00:00,Palembang,Sumatera Selatan,Sumatra,31.1,36.8,91.9
2026-09-14 05:00:00,Palembang,Sumatera Selatan,Sumatra,31.8,36.6,93.2
2026-09-14 06:00:00,Palembang,Sumatera Selatan,Sumatra,36.1,40.4,102.5
2026-09-14 07:00:00,Palembang,Sumatera Selatan,Sumatra,40.5,44.4,113.3
2026-09-14 08:00:00,Palembang,Sumatera Selatan,Sumatra,44.7,48.1,123.7
2026-09-14 09:00:00,Palembang,Sumatera Selatan,Sumatra,47.4,50.4,130.3
2026-09-14 10:00:00,Palembang,Sumatera Selatan,Sumatra,49.4,52.3,135.2
2026-09-14 11:00:00,Palembang,Sumatera Selatan,Sumatra,51.3,54.4,139.9
2026-09-14 12:00:00,Palembang,Sumatera Selatan,Sumatra,42.1,44.9,117.3
2026-09-14 13:00:00,Palembang,Sumatera Selatan,Sumatra,38.9,42.3,109.4
2026-09-14 14:00:00,Palembang,Sumatera Selatan,Sumatra,32.8,36.6,95.1
2026-09-14 15:00:00,Palembang,Sumatera Selatan,Sumatra,27.4,31.5,85.0
2026-09-14 16:00:00,Palembang,Sumatera Selatan,Sumatra,24.1,28.2,78.8
2026-09-14 17:00:00,Palembang,Sumatera Selatan,Sumatra,22.7,26.8,76.2
2026-09-14 18:00:00,Palembang,Sumatera Selatan,Sumatra,24.4,28.2,79.3
2026-09-14 19:00:00,Palembang,Sumatera Selatan,Sumatra,27.8,31.2,85.7
2026-09-14 20:00:00,Palembang,Sumatera Selatan,Sumatra,29.5,32.8,88.9
2026-09-14 21:00:00,Palembang,Sumatera Selatan,Sumatra,29.8,33.1,89.5
2026-09-14 22:00:00,Palembang,Sumatera Selatan,Sumatra,29.5,32.6,88.9
2026-09-14 23:00:00,Palembang,Sumatera Selatan,Sumatra,29.3,32.5,88.5
2026-09-15 00:00:00,Palembang,Sumatera Selatan,Sumatra,50.2,53.8,137.2
2026-09-15 01:00:00,Palembang,Sumatera Selatan,Sumatra,45.9,50.9,126.6
2026-09-15 02:00:00,Palembang,Sumatera Selatan,Sumatra,36.2,42.1,102.7
2026-09-15 03:00:00,Palembang,Sumatera Selatan,Sumatra,37.0,42.6,104.7
2026-09-15 04:00:00,Palembang,Sumatera Selatan,Sumatra,41.6,46.6,116.0
2026-09-15 05:00:00,Palembang,Sumatera Selatan,Sumatra,48.1,52.5,132.0
2026-09-15 06:00:00,Palembang,Sumatera Selatan,Sumatra,56.5,60.5,151.7
2026-09-15 07:00:00,Palembang,Sumatera Selatan,Sumatra,66.1,69.8,158.4
2026-09-15 08:00:00,Palembang,Sumatera Selatan,Sumatra,73.8,77.8,163.8
2026-09-15 09:00:00,Palembang,Sumatera Selatan,Sumatra,79.2,82.9,167.6
2026-09-15 10:00:00,Palembang,Sumatera Selatan,Sumatra,81.0,84.8,168.9
2026-09-15 11:00:00,Palembang,Sumatera Selatan,Sumatra,77.1,80.6,166.1
2026-09-15 12:00:00,Palembang,Sumatera Selatan,Sumatra,103.4,106.9,184.6
2026-09-15 13:00:00,Palembang,Sumatera Selatan,Sumatra,78.9,82.4,167.4
2026-09-15 14:00:00,Palembang,Sumatera Selatan,Sumatra,56.9,60.3,152.0
2026-09-15 15:00:00,Palembang,Sumatera Selatan,Sumatra,41.9,45.3,116.8
2026-09-15 16:00:00,Palembang,Sumatera Selatan,Sumatra,36.0,39.6,102.2
2026-09-15 17:00:00,Palembang,Sumatera Selatan,Sumatra,36.2,40.0,102.7
2026-09-15 18:00:00,Palembang,Sumatera Selatan,Sumatra,41.4,45.4,115.5
2026-09-15 19:00:00,Palembang,Sumatera Selatan,Sumatra,49.2,53.4,134.7
2026-09-15 20:00:00,Palembang,Sumatera Selatan,Sumatra,59.3,63.3,153.7
2026-09-15 21:00:00,Palembang,Sumatera Selatan,Sumatra,68.9,73.1,160.4
2026-09-15 22:00:00,Palembang,Sumatera Selatan,Sumatra,77.8,81.7,166.6
2026-09-15 23:00:00,Palembang,Sumatera Selatan,Sumatra,83.6,87.5,170.7
2026-09-16 00:00:00,Palembang,Sumatera Selatan,Sumatra,87.1,90.8,173.2
2026-09-16 01:00:00,Palembang,Sumatera Selatan,Sumatra,75.2,80.6,164.8
2026-09-16 02:00:00,Palembang,Sumatera Selatan,Sumatra,48.2,54.2,132.3
2026-09-16 03:00:00,Palembang,Sumatera Selatan,Sumatra,47.4,52.9,130.3
2026-09-16 04:00:00,Palembang,Sumatera Selatan,Sumatra,50.6,55.4,138.2
2026-09-16 05:00:00,Palembang,Sumatera Selatan,Sumatra,56.9,61.2,152.0
2026-09-16 06:00:00,Palembang,Sumatera Selatan,Sumatra,69.2,73.1,160.6
2026-09-16 07:00:00,Palembang,Sumatera Selatan,Sumatra,84.3,88.0,171.2
2026-09-16 08:00:00,Palembang,Sumatera Selatan,Sumatra,99.2,102.7,181.6
2026-09-16 09:00:00,Palembang,Sumatera Selatan,Sumatra,114.8,118.5,192.6
2026-09-16 10:00:00,Palembang,Sumatera Selatan,Sumatra,128.1,131.3,203.6
2026-09-16 11:00:00,Palembang,Sumatera Selatan,Sumatra,131.8,135.0,207.2
2026-09-16 12:00:00,Palembang,Sumatera Selatan,Sumatra,121.5,125.3,197.3
2026-09-16 13:00:00,Palembang,Sumatera Selatan,Sumatra,96.4,99.9,179.7
2026-09-16 14:00:00,Palembang,Sumatera Selatan,Sumatra,66.4,70.1,158.6
2026-09-16 15:00:00,Palembang,Sumatera Selatan,Sumatra,43.4,47.4,120.5
2026-09-16 16:00:00,Palembang,Sumatera Selatan,Sumatra,32.2,36.3,94.0
2026-09-16 17:00:00,Palembang,Sumatera Selatan,Sumatra,30.7,34.8,91.2
2026-09-16 18:00:00,Palembang,Sumatera Selatan,Sumatra,34.1,38.1,97.6
2026-09-16 19:00:00,Palembang,Sumatera Selatan,Sumatra,40.4,43.7,113.1
2026-09-16 20:00:00,Palembang,Sumatera Selatan,Sumatra,49.4,52.5,135.2
2026-09-16 21:00:00,Palembang,Sumatera Selatan,Sumatra,58.6,61.7,153.2
2026-09-16 22:00:00,Palembang,Sumatera Selatan,Sumatra,67.5,70.8,159.4
2026-09-16 23:00:00,Palembang,Sumatera Selatan,Sumatra,76.1,79.4,165.4
2026-09-07 00:00:00,Bandar Lampung,Lampung,Sumatra,25.9,30.4,82.2
2026-09-07 01:00:00,Bandar Lampung,Lampung,Sumatra,19.0,24.1,69.2
2026-09-07 02:00:00,Bandar Lampung,Lampung,Sumatra,18.7,23.7,68.6
2026-09-07 03:00:00,Bandar Lampung,Lampung,Sumatra,19.7,24.5,70.5
2026-09-07 04:00:00,Bandar Lampung,Lampung,Sumatra,20.0,24.2,71.1
2026-09-07 05:00:00,Bandar Lampung,Lampung,Sumatra,21.5,25.4,73.9
2026-09-07 06:00:00,Bandar Lampung,Lampung,Sumatra,22.8,27.0,76.3
2026-09-07 07:00:00,Bandar Lampung,Lampung,Sumatra,23.5,27.7,77.7
2026-09-07 08:00:00,Bandar Lampung,Lampung,Sumatra,23.6,27.9,77.8
2026-09-07 09:00:00,Bandar Lampung,Lampung,Sumatra,24.2,28.7,79.0
2026-09-07 10:00:00,Bandar Lampung,Lampung,Sumatra,21.8,27.0,74.5
2026-09-07 11:00:00,Bandar Lampung,Lampung,Sumatra,20.0,26.0,71.1
2026-09-07 12:00:00,Bandar Lampung,Lampung,Sumatra,22.6,28.5,76.0
2026-09-07 13:00:00,Bandar Lampung,Lampung,Sumatra,22.1,27.6,75.0
2026-09-07 14:00:00,Bandar Lampung,Lampung,Sumatra,21.9,27.5,74.7
2026-09-07 15:00:00,Bandar Lampung,Lampung,Sumatra,22.3,27.7,75.4
2026-09-07 16:00:00,Bandar Lampung,Lampung,Sumatra,22.4,27.8,75.6
2026-09-07 17:00:00,Bandar Lampung,Lampung,Sumatra,21.1,26.4,73.2
2026-09-07 18:00:00,Bandar Lampung,Lampung,Sumatra,20.6,25.8,72.2
2026-09-07 19:00:00,Bandar Lampung,Lampung,Sumatra,20.8,26.0,72.6
2026-09-07 20:00:00,Bandar Lampung,Lampung,Sumatra,21.1,26.1,73.2
2026-09-07 21:00:00,Bandar Lampung,Lampung,Sumatra,21.3,26.3,73.5
2026-09-07 22:00:00,Bandar Lampung,Lampung,Sumatra,21.8,26.7,74.5
2026-09-07 23:00:00,Bandar Lampung,Lampung,Sumatra,22.5,27.2,75.8
2026-09-08 00:00:00,Bandar Lampung,Lampung,Sumatra,13.4,18.0,58.7
2026-09-08 01:00:00,Bandar Lampung,Lampung,Sumatra,13.1,17.7,58.1
2026-09-08 02:00:00,Bandar Lampung,Lampung,Sumatra,14.2,19.2,60.2
2026-09-08 03:00:00,Bandar Lampung,Lampung,Sumatra,15.3,20.2,62.3
2026-09-08 04:00:00,Bandar Lampung,Lampung,Sumatra,16.7,21.2,64.9
2026-09-08 05:00:00,Bandar Lampung,Lampung,Sumatra,18.0,22.2,67.3
2026-09-08 06:00:00,Bandar Lampung,Lampung,Sumatra,18.3,21.8,67.9
2026-09-08 07:00:00,Bandar Lampung,Lampung,Sumatra,17.9,21.5,67.1
2026-09-08 08:00:00,Bandar Lampung,Lampung,Sumatra,16.4,20.1,64.3
2026-09-08 09:00:00,Bandar Lampung,Lampung,Sumatra,14.5,18.6,60.8
2026-09-08 10:00:00,Bandar Lampung,Lampung,Sumatra,12.5,16.9,57.0
2026-09-08 11:00:00,Bandar Lampung,Lampung,Sumatra,10.9,15.0,54.0
2026-09-08 12:00:00,Bandar Lampung,Lampung,Sumatra,12.5,16.6,57.0
2026-09-08 13:00:00,Bandar Lampung,Lampung,Sumatra,11.7,15.5,55.5
2026-09-08 14:00:00,Bandar Lampung,Lampung,Sumatra,11.3,15.0,54.8
2026-09-08 15:00:00,Bandar Lampung,Lampung,Sumatra,11.0,14.7,54.2
2026-09-08 16:00:00,Bandar Lampung,Lampung,Sumatra,10.8,14.4,53.8
2026-09-08 17:00:00,Bandar Lampung,Lampung,Sumatra,10.1,13.6,52.5
2026-09-08 18:00:00,Bandar Lampung,Lampung,Sumatra,10.2,13.6,52.7
2026-09-08 19:00:00,Bandar Lampung,Lampung,Sumatra,10.9,14.2,54.0
2026-09-08 20:00:00,Bandar Lampung,Lampung,Sumatra,11.7,15.0,55.5
2026-09-08 21:00:00,Bandar Lampung,Lampung,Sumatra,12.6,15.7,57.2
2026-09-08 22:00:00,Bandar Lampung,Lampung,Sumatra,13.4,16.3,58.7
2026-09-08 23:00:00,Bandar Lampung,Lampung,Sumatra,14.2,17.1,60.2
2026-09-09 00:00:00,Bandar Lampung,Lampung,Sumatra,9.0,11.5,48.9
2026-09-09 01:00:00,Bandar Lampung,Lampung,Sumatra,9.6,12.3,51.6
2026-09-09 02:00:00,Bandar Lampung,Lampung,Sumatra,11.8,15.3,55.7
2026-09-09 03:00:00,Bandar Lampung,Lampung,Sumatra,14.6,18.5,61.0
2026-09-09 04:00:00,Bandar Lampung,Lampung,Sumatra,16.8,20.9,65.1
2026-09-09 05:00:00,Bandar Lampung,Lampung,Sumatra,18.8,23.1,68.8
2026-09-09 06:00:00,Bandar Lampung,Lampung,Sumatra,19.8,24.3,70.7
2026-09-09 07:00:00,Bandar Lampung,Lampung,Sumatra,19.4,24.0,70.0
2026-09-09 08:00:00,Bandar Lampung,Lampung,Sumatra,18.2,22.9,67.7
2026-09-09 09:00:00,Bandar Lampung,Lampung,Sumatra,16.8,22.1,65.1
2026-09-09 10:00:00,Bandar Lampung,Lampung,Sumatra,14.7,20.0,61.1
2026-09-09 11:00:00,Bandar Lampung,Lampung,Sumatra,13.0,18.1,57.9
2026-09-09 12:00:00,Bandar Lampung,Lampung,Sumatra,16.5,21.7,64.5
2026-09-09 13:00:00,Bandar Lampung,Lampung,Sumatra,15.5,20.6,62.6
2026-09-09 14:00:00,Bandar Lampung,Lampung,Sumatra,15.8,21.5,63.2
2026-09-09 15:00:00,Bandar Lampung,Lampung,Sumatra,14.3,19.8,60.4
2026-09-09 16:00:00,Bandar Lampung,Lampung,Sumatra,13.1,18.7,58.1
2026-09-09 17:00:00,Bandar Lampung,Lampung,Sumatra,12.3,17.8,56.6
2026-09-09 18:00:00,Bandar Lampung,Lampung,Sumatra,11.9,17.3,55.9
2026-09-09 19:00:00,Bandar Lampung,Lampung,Sumatra,11.8,17.1,55.7
2026-09-09 20:00:00,Bandar Lampung,Lampung,Sumatra,11.9,17.1,55.9
2026-09-09 21:00:00,Bandar Lampung,Lampung,Sumatra,12.1,17.2,56.3
2026-09-09 22:00:00,Bandar Lampung,Lampung,Sumatra,12.5,17.3,57.0
2026-09-09 23:00:00,Bandar Lampung,Lampung,Sumatra,13.2,17.9,58.3
2026-09-10 00:00:00,Bandar Lampung,Lampung,Sumatra,16.4,21.6,64.3
2026-09-10 01:00:00,Bandar Lampung,Lampung,Sumatra,17.3,22.8,66.0
2026-09-10 02:00:00,Bandar Lampung,Lampung,Sumatra,20.1,26.0,71.3
2026-09-10 03:00:00,Bandar Lampung,Lampung,Sumatra,22.5,28.5,75.8
2026-09-10 04:00:00,Bandar Lampung,Lampung,Sumatra,23.9,29.2,78.4
2026-09-10 05:00:00,Bandar Lampung,Lampung,Sumatra,24.6,29.1,79.7
2026-09-10 06:00:00,Bandar Lampung,Lampung,Sumatra,25.7,30.2,81.8
2026-09-10 07:00:00,Bandar Lampung,Lampung,Sumatra,26.4,30.9,83.1
2026-09-10 08:00:00,Bandar Lampung,Lampung,Sumatra,26.6,31.1,83.5
2026-09-10 09:00:00,Bandar Lampung,Lampung,Sumatra,24.6,29.4,79.7
2026-09-10 10:00:00,Bandar Lampung,Lampung,Sumatra,21.8,27.0,74.5
2026-09-10 11:00:00,Bandar Lampung,Lampung,Sumatra,19.0,24.7,69.2
2026-09-10 12:00:00,Bandar Lampung,Lampung,Sumatra,21.7,27.8,74.3
2026-09-10 13:00:00,Bandar Lampung,Lampung,Sumatra,19.5,24.9,70.1
2026-09-10 14:00:00,Bandar Lampung,Lampung,Sumatra,18.6,23.6,68.5
2026-09-10 15:00:00,Bandar Lampung,Lampung,Sumatra,18.5,23.3,68.3
2026-09-10 16:00:00,Bandar Lampung,Lampung,Sumatra,17.9,22.7,67.1
2026-09-10 17:00:00,Bandar Lampung,Lampung,Sumatra,17.4,22.1,66.2
2026-09-10 18:00:00,Bandar Lampung,Lampung,Sumatra,17.4,21.9,66.2
2026-09-10 19:00:00,Bandar Lampung,Lampung,Sumatra,17.9,22.5,67.1
2026-09-10 20:00:00,Bandar Lampung,Lampung,Sumatra,18.3,23.0,67.9
2026-09-10 21:00:00,Bandar Lampung,Lampung,Sumatra,19.2,23.7,69.6
2026-09-10 22:00:00,Bandar Lampung,Lampung,Sumatra,20.2,24.9,71.5
2026-09-10 23:00:00,Bandar Lampung,Lampung,Sumatra,22.0,26.6,74.8
2026-09-11 00:00:00,Bandar Lampung,Lampung,Sumatra,26.9,32.4,84.0
2026-09-11 01:00:00,Bandar Lampung,Lampung,Sumatra,24.9,31.0,80.3
2026-09-11 02:00:00,Bandar Lampung,Lampung,Sumatra,27.0,33.4,84.2
2026-09-11 03:00:00,Bandar Lampung,Lampung,Sumatra,27.4,33.2,85.0
2026-09-11 04:00:00,Bandar Lampung,Lampung,Sumatra,27.8,32.1,85.7
2026-09-11 05:00:00,Bandar Lampung,Lampung,Sumatra,29.9,34.0,89.7
2026-09-11 06:00:00,Bandar Lampung,Lampung,Sumatra,32.7,36.8,94.9
2026-09-11 07:00:00,Bandar Lampung,Lampung,Sumatra,44.8,49.5,123.9
2026-09-11 08:00:00,Bandar Lampung,Lampung,Sumatra,39.2,43.7,110.1
2026-09-11 09:00:00,Bandar Lampung,Lampung,Sumatra,38.6,43.1,108.6
2026-09-11 10:00:00,Bandar Lampung,Lampung,Sumatra,35.6,39.9,101.2
2026-09-11 11:00:00,Bandar Lampung,Lampung,Sumatra,32.4,36.4,94.4
2026-09-11 12:00:00,Bandar Lampung,Lampung,Sumatra,34.5,38.4,98.3
2026-09-11 13:00:00,Bandar Lampung,Lampung,Sumatra,37.1,41.2,104.9
2026-09-11 14:00:00,Bandar Lampung,Lampung,Sumatra,43.2,47.4,120.0
2026-09-11 15:00:00,Bandar Lampung,Lampung,Sumatra,49.6,54.0,135.7
2026-09-11 16:00:00,Bandar Lampung,Lampung,Sumatra,54.8,59.4,148.5
2026-09-11 17:00:00,Bandar Lampung,Lampung,Sumatra,56.9,61.7,152.0
2026-09-11 18:00:00,Bandar Lampung,Lampung,Sumatra,57.6,62.6,152.5
2026-09-11 19:00:00,Bandar Lampung,Lampung,Sumatra,55.5,61.0,151.0
2026-09-11 20:00:00,Bandar Lampung,Lampung,Sumatra,52.0,57.5,141.6
2026-09-11 21:00:00,Bandar Lampung,Lampung,Sumatra,48.8,54.4,133.7
2026-09-11 22:00:00,Bandar Lampung,Lampung,Sumatra,47.1,52.7,129.6
2026-09-11 23:00:00,Bandar Lampung,Lampung,Sumatra,48.4,54.1,132.8
2026-09-12 00:00:00,Bandar Lampung,Lampung,Sumatra,34.5,40.4,98.3
2026-09-12 01:00:00,Bandar Lampung,Lampung,Sumatra,21.6,27.4,74.1
2026-09-12 02:00:00,Bandar Lampung,Lampung,Sumatra,19.4,24.7,70.0
2026-09-12 03:00:00,Bandar Lampung,Lampung,Sumatra,20.7,25.6,72.4
2026-09-12 04:00:00,Bandar Lampung,Lampung,Sumatra,24.0,28.9,78.6
2026-09-12 05:00:00,Bandar Lampung,Lampung,Sumatra,26.5,30.3,83.3
2026-09-12 06:00:00,Bandar Lampung,Lampung,Sumatra,29.5,32.5,88.9
2026-09-12 07:00:00,Bandar Lampung,Lampung,Sumatra,31.3,34.0,92.3
2026-09-12 08:00:00,Bandar Lampung,Lampung,Sumatra,32.4,35.0,94.4
2026-09-12 09:00:00,Bandar Lampung,Lampung,Sumatra,31.1,34.1,91.9
2026-09-12 10:00:00,Bandar Lampung,Lampung,Sumatra,27.8,31.5,85.7
2026-09-12 11:00:00,Bandar Lampung,Lampung,Sumatra,24.6,28.2,79.7
2026-09-12 12:00:00,Bandar Lampung,Lampung,Sumatra,24.5,27.9,79.5
2026-09-12 13:00:00,Bandar Lampung,Lampung,Sumatra,23.9,27.4,78.4
2026-09-12 14:00:00,Bandar Lampung,Lampung,Sumatra,25.8,29.4,82.0
2026-09-12 15:00:00,Bandar Lampung,Lampung,Sumatra,29.9,33.8,89.7
2026-09-12 16:00:00,Bandar Lampung,Lampung,Sumatra,34.6,38.5,98.5
2026-09-12 17:00:00,Bandar Lampung,Lampung,Sumatra,38.4,42.5,108.1
2026-09-12 18:00:00,Bandar Lampung,Lampung,Sumatra,42.1,46.6,117.3
2026-09-12 19:00:00,Bandar Lampung,Lampung,Sumatra,44.4,48.9,122.9
2026-09-12 20:00:00,Bandar Lampung,Lampung,Sumatra,42.5,47.0,118.2
2026-09-12 21:00:00,Bandar Lampung,Lampung,Sumatra,39.3,43.8,110.4
2026-09-12 22:00:00,Bandar Lampung,Lampung,Sumatra,33.3,37.3,96.1
2026-09-12 23:00:00,Bandar Lampung,Lampung,Sumatra,30.7,34.6,91.2
2026-09-13 00:00:00,Bandar Lampung,Lampung,Sumatra,23.9,27.6,78.4
2026-09-13 01:00:00,Bandar Lampung,Lampung,Sumatra,20.1,23.6,71.3
2026-09-13 02:00:00,Bandar Lampung,Lampung,Sumatra,17.1,19.2,65.6
2026-09-13 03:00:00,Bandar Lampung,Lampung,Sumatra,17.8,19.2,67.0
2026-09-13 04:00:00,Bandar Lampung,Lampung,Sumatra,20.4,21.4,71.8
2026-09-13 05:00:00,Bandar Lampung,Lampung,Sumatra,24.4,25.4,79.3
2026-09-13 06:00:00,Bandar Lampung,Lampung,Sumatra,27.7,28.8,85.5
2026-09-13 07:00:00,Bandar Lampung,Lampung,Sumatra,28.2,29.6,86.5
2026-09-13 08:00:00,Bandar Lampung,Lampung,Sumatra,24.2,26.1,79.0
2026-09-13 09:00:00,Bandar Lampung,Lampung,Sumatra,20.3,23.3,71.7
2026-09-13 10:00:00,Bandar Lampung,Lampung,Sumatra,18.7,21.9,68.6
2026-09-13 11:00:00,Bandar Lampung,Lampung,Sumatra,20.4,23.9,71.8
2026-09-13 12:00:00,Bandar Lampung,Lampung,Sumatra,36.8,42.0,104.2
2026-09-13 13:00:00,Bandar Lampung,Lampung,Sumatra,42.8,48.7,119.0
2026-09-13 14:00:00,Bandar Lampung,Lampung,Sumatra,49.7,55.5,136.0
2026-09-13 15:00:00,Bandar Lampung,Lampung,Sumatra,56.2,62.2,151.5
2026-09-13 16:00:00,Bandar Lampung,Lampung,Sumatra,60.5,66.4,154.5
2026-09-13 17:00:00,Bandar Lampung,Lampung,Sumatra,60.8,66.4,154.7
2026-09-13 18:00:00,Bandar Lampung,Lampung,Sumatra,59.8,65.2,154.0
2026-09-13 19:00:00,Bandar Lampung,Lampung,Sumatra,58.3,63.6,153.0
2026-09-13 20:00:00,Bandar Lampung,Lampung,Sumatra,57.7,62.9,152.5
2026-09-13 21:00:00,Bandar Lampung,Lampung,Sumatra,50.1,55.4,136.9
2026-09-13 22:00:00,Bandar Lampung,Lampung,Sumatra,50.2,56.1,137.2
2026-09-13 23:00:00,Bandar Lampung,Lampung,Sumatra,52.0,58.0,141.6
2026-09-14 00:00:00,Bandar Lampung,Lampung,Sumatra,64.5,72.4,157.3
2026-09-14 01:00:00,Bandar Lampung,Lampung,Sumatra,35.6,43.0,101.2
2026-09-14 02:00:00,Bandar Lampung,Lampung,Sumatra,31.8,38.8,93.2
2026-09-14 03:00:00,Bandar Lampung,Lampung,Sumatra,31.9,38.6,93.4
2026-09-14 04:00:00,Bandar Lampung,Lampung,Sumatra,31.0,36.6,91.7
2026-09-14 05:00:00,Bandar Lampung,Lampung,Sumatra,29.6,34.1,89.1
2026-09-14 06:00:00,Bandar Lampung,Lampung,Sumatra,27.9,31.9,85.9
2026-09-14 07:00:00,Bandar Lampung,Lampung,Sumatra,26.2,30.0,82.7
2026-09-14 08:00:00,Bandar Lampung,Lampung,Sumatra,24.3,28.1,79.2
2026-09-14 09:00:00,Bandar Lampung,Lampung,Sumatra,21.8,25.5,74.5
2026-09-14 10:00:00,Bandar Lampung,Lampung,Sumatra,20.7,24.4,72.4
2026-09-14 11:00:00,Bandar Lampung,Lampung,Sumatra,22.2,26.1,75.2
2026-09-14 12:00:00,Bandar Lampung,Lampung,Sumatra,21.7,25.4,74.3
2026-09-14 13:00:00,Bandar Lampung,Lampung,Sumatra,28.1,32.0,86.3
2026-09-14 14:00:00,Bandar Lampung,Lampung,Sumatra,35.7,39.8,101.5
2026-09-14 15:00:00,Bandar Lampung,Lampung,Sumatra,43.9,48.2,121.7
2026-09-14 16:00:00,Bandar Lampung,Lampung,Sumatra,50.2,54.6,137.2
2026-09-14 17:00:00,Bandar Lampung,Lampung,Sumatra,54.0,58.8,146.6
2026-09-14 18:00:00,Bandar Lampung,Lampung,Sumatra,58.4,63.3,153.0
2026-09-14 19:00:00,Bandar Lampung,Lampung,Sumatra,64.0,68.9,157.0
2026-09-14 20:00:00,Bandar Lampung,Lampung,Sumatra,68.0,72.9,159.8
2026-09-14 21:00:00,Bandar Lampung,Lampung,Sumatra,70.8,75.7,161.7
2026-09-14 22:00:00,Bandar Lampung,Lampung,Sumatra,72.4,77.1,162.8
2026-09-14 23:00:00,Bandar Lampung,Lampung,Sumatra,73.1,77.5,163.3
2026-09-15 00:00:00,Bandar Lampung,Lampung,Sumatra,83.1,88.0,170.3
2026-09-15 01:00:00,Bandar Lampung,Lampung,Sumatra,22.6,28.3,76.0
2026-09-15 02:00:00,Bandar Lampung,Lampung,Sumatra,21.4,27.5,73.7
2026-09-15 03:00:00,Bandar Lampung,Lampung,Sumatra,22.2,28.2,75.2
2026-09-15 04:00:00,Bandar Lampung,Lampung,Sumatra,20.8,24.9,72.6
2026-09-15 05:00:00,Bandar Lampung,Lampung,Sumatra,21.1,24.5,73.2
2026-09-15 06:00:00,Bandar Lampung,Lampung,Sumatra,21.7,24.9,74.3
2026-09-15 07:00:00,Bandar Lampung,Lampung,Sumatra,22.5,25.6,75.8
2026-09-15 08:00:00,Bandar Lampung,Lampung,Sumatra,22.5,25.3,75.8
2026-09-15 09:00:00,Bandar Lampung,Lampung,Sumatra,21.9,24.7,74.7
2026-09-15 10:00:00,Bandar Lampung,Lampung,Sumatra,21.4,24.3,73.7
2026-09-15 11:00:00,Bandar Lampung,Lampung,Sumatra,18.5,21.8,68.3
2026-09-15 12:00:00,Bandar Lampung,Lampung,Sumatra,24.3,28.1,79.2
2026-09-15 13:00:00,Bandar Lampung,Lampung,Sumatra,21.6,25.8,74.1
2026-09-15 14:00:00,Bandar Lampung,Lampung,Sumatra,18.1,22.3,67.5
2026-09-15 15:00:00,Bandar Lampung,Lampung,Sumatra,16.5,20.5,64.5
2026-09-15 16:00:00,Bandar Lampung,Lampung,Sumatra,16.5,20.2,64.5
2026-09-15 17:00:00,Bandar Lampung,Lampung,Sumatra,16.6,20.1,64.7
2026-09-15 18:00:00,Bandar Lampung,Lampung,Sumatra,17.2,20.8,65.8
2026-09-15 19:00:00,Bandar Lampung,Lampung,Sumatra,18.0,21.5,67.3
2026-09-15 20:00:00,Bandar Lampung,Lampung,Sumatra,18.4,22.0,68.1
2026-09-15 21:00:00,Bandar Lampung,Lampung,Sumatra,18.9,22.5,69.0
2026-09-15 22:00:00,Bandar Lampung,Lampung,Sumatra,18.9,22.6,69.0
2026-09-15 23:00:00,Bandar Lampung,Lampung,Sumatra,21.4,25.0,73.7
2026-09-16 00:00:00,Bandar Lampung,Lampung,Sumatra,20.9,24.5,72.8
2026-09-16 01:00:00,Bandar Lampung,Lampung,Sumatra,17.2,21.3,65.8
2026-09-16 02:00:00,Bandar Lampung,Lampung,Sumatra,18.6,23.7,68.5
2026-09-16 03:00:00,Bandar Lampung,Lampung,Sumatra,21.6,27.6,74.1
2026-09-16 04:00:00,Bandar Lampung,Lampung,Sumatra,21.8,27.3,74.5
2026-09-16 05:00:00,Bandar Lampung,Lampung,Sumatra,22.4,27.1,75.6
2026-09-16 06:00:00,Bandar Lampung,Lampung,Sumatra,22.4,26.3,75.6
2026-09-16 07:00:00,Bandar Lampung,Lampung,Sumatra,24.6,28.3,79.7
2026-09-16 08:00:00,Bandar Lampung,Lampung,Sumatra,26.8,30.5,83.9
2026-09-16 09:00:00,Bandar Lampung,Lampung,Sumatra,27.7,31.3,85.5
2026-09-16 10:00:00,Bandar Lampung,Lampung,Sumatra,26.5,29.9,83.3
2026-09-16 11:00:00,Bandar Lampung,Lampung,Sumatra,28.2,31.3,86.5
2026-09-16 12:00:00,Bandar Lampung,Lampung,Sumatra,26.4,29.3,83.1
2026-09-16 13:00:00,Bandar Lampung,Lampung,Sumatra,24.9,27.8,80.3
2026-09-16 14:00:00,Bandar Lampung,Lampung,Sumatra,23.7,26.6,78.0
2026-09-16 15:00:00,Bandar Lampung,Lampung,Sumatra,23.1,26.6,76.9
2026-09-16 16:00:00,Bandar Lampung,Lampung,Sumatra,21.9,25.4,74.7
2026-09-16 17:00:00,Bandar Lampung,Lampung,Sumatra,20.2,23.9,71.5
2026-09-16 18:00:00,Bandar Lampung,Lampung,Sumatra,19.2,22.8,69.6
2026-09-16 19:00:00,Bandar Lampung,Lampung,Sumatra,18.5,22.1,68.3
2026-09-16 20:00:00,Bandar Lampung,Lampung,Sumatra,17.7,21.4,66.8
2026-09-16 21:00:00,Bandar Lampung,Lampung,Sumatra,17.3,21.1,66.0
2026-09-16 22:00:00,Bandar Lampung,Lampung,Sumatra,17.8,21.6,67.0
2026-09-16 23:00:00,Bandar Lampung,Lampung,Sumatra,18.6,22.6,68.5
2026-09-07 00:00:00,Pangkal Pinang,Kep. Bangka Belitung,Sumatra,8.8,11.0,47.8
2026-09-07 01:00:00,Pangkal Pinang,Kep. Bangka Belitung,Sumatra,9.8,12.0,51.9
2026-09-07 02:00:00,Pangkal Pinang,Kep. Bangka Belitung,Sumatra,10.7,13.2,53.6
2026-09-07 03:00:00,Pangkal Pinang,Kep. Bangka Belitung,Sumatra,12.3,15.0,56.6
2026-09-07 04:00:00,Pangkal Pinang,Kep. Bangka Belitung,Sumatra,15.2,18.0,62.1
2026-09-07 05:00:00,Pangkal Pinang,Kep. Bangka Belitung,Sumatra,19.5,22.5,70.1
2026-09-07 06:00:00,Pangkal Pinang,Kep. Bangka Belitung,Sumatra,24.8,28.1,80.1
2026-09-07 07:00:00,Pangkal Pinang,Kep. Bangka Belitung,Sumatra,37.3,41.0,105.4
2026-09-07 08:00:00,Pangkal Pinang,Kep. Bangka Belitung,Sumatra,35.0,39.0,99.2
2026-09-07 09:00:00,Pangkal Pinang,Kep. Bangka Belitung,Sumatra,36.0,40.3,102.2
2026-09-07 10:00:00,Pangkal Pinang,Kep. Bangka Belitung,Sumatra,35.5,40.2,101.0
2026-09-07 11:00:00,Pangkal Pinang,Kep. Bangka Belitung,Sumatra,34.0,38.9,97.4
2026-09-07 12:00:00,Pangkal Pinang,Kep. Bangka Belitung,Sumatra,31.2,36.0,92.1
2026-09-07 13:00:00,Pangkal Pinang,Kep. Bangka Belitung,Sumatra,31.1,36.1,91.9
2026-09-07 14:00:00,Pangkal Pinang,Kep. Bangka Belitung,Sumatra,30.2,35.2,90.2
2026-09-07 15:00:00,Pangkal Pinang,Kep. Bangka Belitung,Sumatra,28.6,33.6,87.2
2026-09-07 16:00:00,Pangkal Pinang,Kep. Bangka Belitung,Sumatra,26.5,31.5,83.3
2026-09-07 17:00:00,Pangkal Pinang,Kep. Bangka Belitung,Sumatra,23.9,28.9,78.4
2026-09-07 18:00:00,Pangkal Pinang,Kep. Bangka Belitung,Sumatra,21.5,26.4,73.9
2026-09-07 19:00:00,Pangkal Pinang,Kep. Bangka Belitung,Sumatra,19.7,24.3,70.5
2026-09-07 20:00:00,Pangkal Pinang,Kep. Bangka Belitung,Sumatra,18.6,23.0,68.5
2026-09-07 21:00:00,Pangkal Pinang,Kep. Bangka Belitung,Sumatra,18.8,23.1,68.8
2026-09-07 22:00:00,Pangkal Pinang,Kep. Bangka Belitung,Sumatra,19.7,23.7,70.5
2026-09-07 23:00:00,Pangkal Pinang,Kep. Bangka Belitung,Sumatra,20.0,23.9,71.1
2026-09-08 00:00:00,Pangkal Pinang,Kep. Bangka Belitung,Sumatra,21.2,25.2,73.3
2026-09-08 01:00:00,Pangkal Pinang,Kep. Bangka Belitung,Sumatra,21.5,26.3,73.9
2026-09-08 02:00:00,Pangkal Pinang,Kep. Bangka Belitung,Sumatra,22.5,27.7,75.8
2026-09-08 03:00:00,Pangkal Pinang,Kep. Bangka Belitung,Sumatra,23.5,28.8,77.7
2026-09-08 04:00:00,Pangkal Pinang,Kep. Bangka Belitung,Sumatra,26.2,31.5,82.7
2026-09-08 05:00:00,Pangkal Pinang,Kep. Bangka Belitung,Sumatra,29.7,34.9,89.3
2026-09-08 06:00:00,Pangkal Pinang,Kep. Bangka Belitung,Sumatra,32.9,38.2,95.3
2026-09-08 07:00:00,Pangkal Pinang,Kep. Bangka Belitung,Sumatra,34.8,40.0,98.9
2026-09-08 08:00:00,Pangkal Pinang,Kep. Bangka Belitung,Sumatra,35.7,40.9,101.5
2026-09-08 09:00:00,Pangkal Pinang,Kep. Bangka Belitung,Sumatra,35.9,41.2,102.0
2026-09-08 10:00:00,Pangkal Pinang,Kep. Bangka Belitung,Sumatra,34.2,39.3,97.7
2026-09-08 11:00:00,Pangkal Pinang,Kep. Bangka Belitung,Sumatra,32.9,38.1,95.3
2026-09-08 12:00:00,Pangkal Pinang,Kep. Bangka Belitung,Sumatra,33.4,39.0,96.2
2026-09-08 13:00:00,Pangkal Pinang,Kep. Bangka Belitung,Sumatra,30.2,35.9,90.2
2026-09-08 14:00:00,Pangkal Pinang,Kep. Bangka Belitung,Sumatra,27.0,33.1,84.2
2026-09-08 15:00:00,Pangkal Pinang,Kep. Bangka Belitung,Sumatra,24.4,30.4,79.3
2026-09-08 16:00:00,Pangkal Pinang,Kep. Bangka Belitung,Sumatra,22.2,28.3,75.2
2026-09-08 17:00:00,Pangkal Pinang,Kep. Bangka Belitung,Sumatra,21.0,27.0,73.0
2026-09-08 18:00:00,Pangkal Pinang,Kep. Bangka Belitung,Sumatra,19.6,25.1,70.3
2026-09-08 19:00:00,Pangkal Pinang,Kep. Bangka Belitung,Sumatra,19.0,24.2,69.2
2026-09-08 20:00:00,Pangkal Pinang,Kep. Bangka Belitung,Sumatra,19.1,24.1,69.4
2026-09-08 21:00:00,Pangkal Pinang,Kep. Bangka Belitung,Sumatra,19.6,24.6,70.3
2026-09-08 22:00:00,Pangkal Pinang,Kep. Bangka Belitung,Sumatra,20.1,25.1,71.3
2026-09-08 23:00:00,Pangkal Pinang,Kep. Bangka Belitung,Sumatra,21.2,26.2,73.3
2026-09-09 00:00:00,Pangkal Pinang,Kep. Bangka Belitung,Sumatra,19.2,23.6,69.6
2026-09-09 01:00:00,Pangkal Pinang,Kep. Bangka Belitung,Sumatra,20.1,24.8,71.3
2026-09-09 02:00:00,Pangkal Pinang,Kep. Bangka Belitung,Sumatra,20.7,25.5,72.4
2026-09-09 03:00:00,Pangkal Pinang,Kep. Bangka Belitung,Sumatra,21.7,26.4,74.3
2026-09-09 04:00:00,Pangkal Pinang,Kep. Bangka Belitung,Sumatra,24.3,28.9,79.2
2026-09-09 05:00:00,Pangkal Pinang,Kep. Bangka Belitung,Sumatra,27.6,32.4,85.4
2026-09-09 06:00:00,Pangkal Pinang,Kep. Bangka Belitung,Sumatra,31.2,36.1,92.1
2026-09-09 07:00:00,Pangkal Pinang,Kep. Bangka Belitung,Sumatra,36.1,41.4,102.5
2026-09-09 08:00:00,Pangkal Pinang,Kep. Bangka Belitung,Sumatra,36.8,42.3,104.2
2026-09-09 09:00:00,Pangkal Pinang,Kep. Bangka Belitung,Sumatra,39.2,44.9,110.1
2026-09-09 10:00:00,Pangkal Pinang,Kep. Bangka Belitung,Sumatra,38.1,43.3,107.4
2026-09-09 11:00:00,Pangkal Pinang,Kep. Bangka Belitung,Sumatra,34.5,39.5,98.3
2026-09-09 12:00:00,Pangkal Pinang,Kep. Bangka Belitung,Sumatra,30.4,35.2,90.6
2026-09-09 13:00:00,Pangkal Pinang,Kep. Bangka Belitung,Sumatra,28.8,33.5,87.6
2026-09-09 14:00:00,Pangkal Pinang,Kep. Bangka Belitung,Sumatra,26.5,31.4,83.3
2026-09-09 15:00:00,Pangkal Pinang,Kep. Bangka Belitung,Sumatra,25.0,30.2,80.5
2026-09-09 16:00:00,Pangkal Pinang,Kep. Bangka Belitung,Sumatra,23.4,28.6,77.5
2026-09-09 17:00:00,Pangkal Pinang,Kep. Bangka Belitung,Sumatra,22.2,27.0,75.2
2026-09-09 18:00:00,Pangkal Pinang,Kep. Bangka Belitung,Sumatra,23.5,28.2,77.7
2026-09-09 19:00:00,Pangkal Pinang,Kep. Bangka Belitung,Sumatra,24.4,28.8,79.3
2026-09-09 20:00:00,Pangkal Pinang,Kep. Bangka Belitung,Sumatra,26.0,30.3,82.4
2026-09-09 21:00:00,Pangkal Pinang,Kep. Bangka Belitung,Sumatra,27.5,31.9,85.2
2026-09-09 22:00:00,Pangkal Pinang,Kep. Bangka Belitung,Sumatra,28.3,32.6,86.7
2026-09-09 23:00:00,Pangkal Pinang,Kep. Bangka Belitung,Sumatra,28.2,32.4,86.5
2026-09-10 00:00:00,Pangkal Pinang,Kep. Bangka Belitung,Sumatra,24.4,28.6,79.3
2026-09-10 01:00:00,Pangkal Pinang,Kep. Bangka Belitung,Sumatra,21.9,26.5,74.7
2026-09-10 02:00:00,Pangkal Pinang,Kep. Bangka Belitung,Sumatra,21.2,26.1,73.3
2026-09-10 03:00:00,Pangkal Pinang,Kep. Bangka Belitung,Sumatra,21.4,26.0,73.7
2026-09-10 04:00:00,Pangkal Pinang,Kep. Bangka Belitung,Sumatra,23.2,27.4,77.1
2026-09-10 05:00:00,Pangkal Pinang,Kep. Bangka Belitung,Sumatra,26.0,29.9,82.4
2026-09-10 06:00:00,Pangkal Pinang,Kep. Bangka Belitung,Sumatra,28.7,32.7,87.4
2026-09-10 07:00:00,Pangkal Pinang,Kep. Bangka Belitung,Sumatra,30.9,35.0,91.6
2026-09-10 08:00:00,Pangkal Pinang,Kep. Bangka Belitung,Sumatra,31.5,36.0,92.7
2026-09-10 09:00:00,Pangkal Pinang,Kep. Bangka Belitung,Sumatra,30.7,35.3,91.2
2026-09-10 10:00:00,Pangkal Pinang,Kep. Bangka Belitung,Sumatra,27.9,32.4,85.9
2026-09-10 11:00:00,Pangkal Pinang,Kep. Bangka Belitung,Sumatra,24.2,28.4,79.0
2026-09-10 12:00:00,Pangkal Pinang,Kep. Bangka Belitung,Sumatra,21.0,24.8,73.0
2026-09-10 13:00:00,Pangkal Pinang,Kep. Bangka Belitung,Sumatra,19.5,23.2,70.1
2026-09-10 14:00:00,Pangkal Pinang,Kep. Bangka Belitung,Sumatra,18.7,22.5,68.6
2026-09-10 15:00:00,Pangkal Pinang,Kep. Bangka Belitung,Sumatra,18.3,22.3,67.9
2026-09-10 16:00:00,Pangkal Pinang,Kep. Bangka Belitung,Sumatra,17.6,21.7,66.6
2026-09-10 17:00:00,Pangkal Pinang,Kep. Bangka Belitung,Sumatra,16.2,20.4,64.0
2026-09-10 18:00:00,Pangkal Pinang,Kep. Bangka Belitung,Sumatra,14.9,18.9,61.5
2026-09-10 19:00:00,Pangkal Pinang,Kep. Bangka Belitung,Sumatra,14.6,18.3,61.0
2026-09-10 20:00:00,Pangkal Pinang,Kep. Bangka Belitung,Sumatra,16.4,19.9,64.3
2026-09-10 21:00:00,Pangkal Pinang,Kep. Bangka Belitung,Sumatra,17.7,21.2,66.8
2026-09-10 22:00:00,Pangkal Pinang,Kep. Bangka Belitung,Sumatra,18.9,22.2,69.0
2026-09-10 23:00:00,Pangkal Pinang,Kep. Bangka Belitung,Sumatra,19.9,23.1,70.9
2026-09-11 00:00:00,Pangkal Pinang,Kep. Bangka Belitung,Sumatra,21.1,25.8,73.2
2026-09-11 01:00:00,Pangkal Pinang,Kep. Bangka Belitung,Sumatra,20.8,25.4,72.6
2026-09-11 02:00:00,Pangkal Pinang,Kep. Bangka Belitung,Sumatra,21.1,25.7,73.2
2026-09-11 03:00:00,Pangkal Pinang,Kep. Bangka Belitung,Sumatra,21.9,26.5,74.7
2026-09-11 04:00:00,Pangkal Pinang,Kep. Bangka Belitung,Sumatra,23.3,27.8,77.3
2026-09-11 05:00:00,Pangkal Pinang,Kep. Bangka Belitung,Sumatra,25.0,29.3,80.5
2026-09-11 06:00:00,Pangkal Pinang,Kep. Bangka Belitung,Sumatra,27.2,31.4,84.6
2026-09-11 07:00:00,Pangkal Pinang,Kep. Bangka Belitung,Sumatra,31.5,36.1,92.7
2026-09-11 08:00:00,Pangkal Pinang,Kep. Bangka Belitung,Sumatra,29.8,34.2,89.5
2026-09-11 09:00:00,Pangkal Pinang,Kep. Bangka Belitung,Sumatra,27.6,32.2,85.4
2026-09-11 10:00:00,Pangkal Pinang,Kep. Bangka Belitung,Sumatra,25.2,29.9,80.9
2026-09-11 11:00:00,Pangkal Pinang,Kep. Bangka Belitung,Sumatra,22.2,26.7,75.2
2026-09-11 12:00:00,Pangkal Pinang,Kep. Bangka Belitung,Sumatra,21.2,25.4,73.3
2026-09-11 13:00:00,Pangkal Pinang,Kep. Bangka Belitung,Sumatra,19.2,23.1,69.6
2026-09-11 14:00:00,Pangkal Pinang,Kep. Bangka Belitung,Sumatra,17.1,20.8,65.6
2026-09-11 15:00:00,Pangkal Pinang,Kep. Bangka Belitung,Sumatra,15.3,18.8,62.3
2026-09-11 16:00:00,Pangkal Pinang,Kep. Bangka Belitung,Sumatra,13.6,16.8,59.1
2026-09-11 17:00:00,Pangkal Pinang,Kep. Bangka Belitung,Sumatra,12.7,15.9,57.4
2026-09-11 18:00:00,Pangkal Pinang,Kep. Bangka Belitung,Sumatra,12.8,15.8,57.6
2026-09-11 19:00:00,Pangkal Pinang,Kep. Bangka Belitung,Sumatra,13.2,15.9,58.3
2026-09-11 20:00:00,Pangkal Pinang,Kep. Bangka Belitung,Sumatra,13.5,16.1,58.9
2026-09-11 21:00:00,Pangkal Pinang,Kep. Bangka Belitung,Sumatra,13.7,16.2,59.3
2026-09-11 22:00:00,Pangkal Pinang,Kep. Bangka Belitung,Sumatra,13.8,16.2,59.4
2026-09-11 23:00:00,Pangkal Pinang,Kep. Bangka Belitung,Sumatra,14.3,16.6,60.4
2026-09-12 00:00:00,Pangkal Pinang,Kep. Bangka Belitung,Sumatra,16.4,19.8,64.3
2026-09-12 01:00:00,Pangkal Pinang,Kep. Bangka Belitung,Sumatra,14.2,17.9,60.2
2026-09-12 02:00:00,Pangkal Pinang,Kep. Bangka Belitung,Sumatra,14.1,18.0,60.0
2026-09-12 03:00:00,Pangkal Pinang,Kep. Bangka Belitung,Sumatra,14.5,18.5,60.8
2026-09-12 04:00:00,Pangkal Pinang,Kep. Bangka Belitung,Sumatra,15.1,19.0,61.9
2026-09-12 05:00:00,Pangkal Pinang,Kep. Bangka Belitung,Sumatra,15.8,19.8,63.2
2026-09-12 06:00:00,Pangkal Pinang,Kep. Bangka Belitung,Sumatra,16.6,20.8,64.7
2026-09-12 07:00:00,Pangkal Pinang,Kep. Bangka Belitung,Sumatra,16.9,21.1,65.3
2026-09-12 08:00:00,Pangkal Pinang,Kep. Bangka Belitung,Sumatra,16.8,21.1,65.1
2026-09-12 09:00:00,Pangkal Pinang,Kep. Bangka Belitung,Sumatra,16.0,20.4,63.6
2026-09-12 10:00:00,Pangkal Pinang,Kep. Bangka Belitung,Sumatra,15.0,19.5,61.7
2026-09-12 11:00:00,Pangkal Pinang,Kep. Bangka Belitung,Sumatra,14.1,18.5,60.0
2026-09-12 12:00:00,Pangkal Pinang,Kep. Bangka Belitung,Sumatra,12.4,16.5,56.8
2026-09-12 13:00:00,Pangkal Pinang,Kep. Bangka Belitung,Sumatra,11.8,15.3,55.7
2026-09-12 14:00:00,Pangkal Pinang,Kep. Bangka Belitung,Sumatra,10.2,13.0,52.7
2026-09-12 15:00:00,Pangkal Pinang,Kep. Bangka Belitung,Sumatra,9.4,12.1,51.2
2026-09-12 16:00:00,Pangkal Pinang,Kep. Bangka Belitung,Sumatra,9.3,12.2,51.0
2026-09-12 17:00:00,Pangkal Pinang,Kep. Bangka Belitung,Sumatra,9.5,12.5,51.4
2026-09-12 18:00:00,Pangkal Pinang,Kep. Bangka Belitung,Sumatra,10.1,13.5,52.5
2026-09-12 19:00:00,Pangkal Pinang,Kep. Bangka Belitung,Sumatra,10.4,13.9,53.1
2026-09-12 20:00:00,Pangkal Pinang,Kep. Bangka Belitung,Sumatra,11.7,15.4,55.5
2026-09-12 21:00:00,Pangkal Pinang,Kep. Bangka Belitung,Sumatra,14.2,17.7,60.2
2026-09-12 22:00:00,Pangkal Pinang,Kep. Bangka Belitung,Sumatra,14.9,18.2,61.5
2026-09-12 23:00:00,Pangkal Pinang,Kep. Bangka Belitung,Sumatra,12.8,15.8,57.6
2026-09-13 00:00:00,Pangkal Pinang,Kep. Bangka Belitung,Sumatra,6.0,8.0,32.6
2026-09-13 01:00:00,Pangkal Pinang,Kep. Bangka Belitung,Sumatra,8.7,11.0,47.3
2026-09-13 02:00:00,Pangkal Pinang,Kep. Bangka Belitung,Sumatra,14.6,17.1,61.0
2026-09-13 03:00:00,Pangkal Pinang,Kep. Bangka Belitung,Sumatra,26.3,29.3,82.9
2026-09-13 04:00:00,Pangkal Pinang,Kep. Bangka Belitung,Sumatra,41.2,44.9,115.0
2026-09-13 05:00:00,Pangkal Pinang,Kep. Bangka Belitung,Sumatra,56.5,60.8,151.7
2026-09-13 06:00:00,Pangkal Pinang,Kep. Bangka Belitung,Sumatra,68.2,73.1,159.9
2026-09-13 07:00:00,Pangkal Pinang,Kep. Bangka Belitung,Sumatra,77.8,83.1,166.6
2026-09-13 08:00:00,Pangkal Pinang,Kep. Bangka Belitung,Sumatra,81.5,87.1,169.2
2026-09-13 09:00:00,Pangkal Pinang,Kep. Bangka Belitung,Sumatra,77.8,83.6,166.6
2026-09-13 10:00:00,Pangkal Pinang,Kep. Bangka Belitung,Sumatra,66.1,71.9,158.4
2026-09-13 11:00:00,Pangkal Pinang,Kep. Bangka Belitung,Sumatra,50.6,56.5,138.2
2026-09-13 12:00:00,Pangkal Pinang,Kep. Bangka Belitung,Sumatra,50.6,58.6,138.2
2026-09-13 13:00:00,Pangkal Pinang,Kep. Bangka Belitung,Sumatra,39.0,47.4,109.6
2026-09-13 14:00:00,Pangkal Pinang,Kep. Bangka Belitung,Sumatra,32.9,41.7,95.3
2026-09-13 15:00:00,Pangkal Pinang,Kep. Bangka Belitung,Sumatra,30.0,38.6,89.9
2026-09-13 16:00:00,Pangkal Pinang,Kep. Bangka Belitung,Sumatra,29.5,37.7,88.9
2026-09-13 17:00:00,Pangkal Pinang,Kep. Bangka Belitung,Sumatra,30.5,38.5,90.8
2026-09-13 18:00:00,Pangkal Pinang,Kep. Bangka Belitung,Sumatra,29.6,36.7,89.1
2026-09-13 19:00:00,Pangkal Pinang,Kep. Bangka Belitung,Sumatra,28.3,34.7,86.7
2026-09-13 20:00:00,Pangkal Pinang,Kep. Bangka Belitung,Sumatra,26.1,31.7,82.5
2026-09-13 21:00:00,Pangkal Pinang,Kep. Bangka Belitung,Sumatra,25.5,30.5,81.4
2026-09-13 22:00:00,Pangkal Pinang,Kep. Bangka Belitung,Sumatra,27.9,32.2,85.9
2026-09-13 23:00:00,Pangkal Pinang,Kep. Bangka Belitung,Sumatra,27.9,31.8,85.9
2026-09-14 00:00:00,Pangkal Pinang,Kep. Bangka Belitung,Sumatra,24.3,28.8,79.2
2026-09-14 01:00:00,Pangkal Pinang,Kep. Bangka Belitung,Sumatra,24.2,28.9,79.0
2026-09-14 02:00:00,Pangkal Pinang,Kep. Bangka Belitung,Sumatra,23.3,28.2,77.3
2026-09-14 03:00:00,Pangkal Pinang,Kep. Bangka Belitung,Sumatra,22.4,27.1,75.6
2026-09-14 04:00:00,Pangkal Pinang,Kep. Bangka Belitung,Sumatra,22.5,26.8,75.8
2026-09-14 05:00:00,Pangkal Pinang,Kep. Bangka Belitung,Sumatra,24.9,28.9,80.3
2026-09-14 06:00:00,Pangkal Pinang,Kep. Bangka Belitung,Sumatra,28.3,32.2,86.7
2026-09-14 07:00:00,Pangkal Pinang,Kep. Bangka Belitung,Sumatra,31.5,35.5,92.7
2026-09-14 08:00:00,Pangkal Pinang,Kep. Bangka Belitung,Sumatra,32.6,36.7,94.7
2026-09-14 09:00:00,Pangkal Pinang,Kep. Bangka Belitung,Sumatra,31.1,35.2,91.9
2026-09-14 10:00:00,Pangkal Pinang,Kep. Bangka Belitung,Sumatra,27.0,31.0,84.2
2026-09-14 11:00:00,Pangkal Pinang,Kep. Bangka Belitung,Sumatra,22.2,26.0,75.2
2026-09-14 12:00:00,Pangkal Pinang,Kep. Bangka Belitung,Sumatra,29.5,33.9,88.9
2026-09-14 13:00:00,Pangkal Pinang,Kep. Bangka Belitung,Sumatra,24.5,28.6,79.5
2026-09-14 14:00:00,Pangkal Pinang,Kep. Bangka Belitung,Sumatra,18.7,22.6,68.6
2026-09-14 15:00:00,Pangkal Pinang,Kep. Bangka Belitung,Sumatra,15.4,19.2,62.5
2026-09-14 16:00:00,Pangkal Pinang,Kep. Bangka Belitung,Sumatra,13.5,17.1,58.9
2026-09-14 17:00:00,Pangkal Pinang,Kep. Bangka Belitung,Sumatra,12.1,15.4,56.3
2026-09-14 18:00:00,Pangkal Pinang,Kep. Bangka Belitung,Sumatra,20.4,23.7,71.8
2026-09-14 19:00:00,Pangkal Pinang,Kep. Bangka Belitung,Sumatra,28.5,31.9,87.0
2026-09-14 20:00:00,Pangkal Pinang,Kep. Bangka Belitung,Sumatra,34.0,37.6,97.4
2026-09-14 21:00:00,Pangkal Pinang,Kep. Bangka Belitung,Sumatra,38.1,41.8,107.4
2026-09-14 22:00:00,Pangkal Pinang,Kep. Bangka Belitung,Sumatra,40.7,44.6,113.8
2026-09-14 23:00:00,Pangkal Pinang,Kep. Bangka Belitung,Sumatra,43.4,47.3,120.5
2026-09-15 00:00:00,Pangkal Pinang,Kep. Bangka Belitung,Sumatra,42.4,46.9,118.0
2026-09-15 01:00:00,Pangkal Pinang,Kep. Bangka Belitung,Sumatra,26.4,31.5,83.1
2026-09-15 02:00:00,Pangkal Pinang,Kep. Bangka Belitung,Sumatra,22.7,27.9,76.2
2026-09-15 03:00:00,Pangkal Pinang,Kep. Bangka Belitung,Sumatra,23.1,27.8,76.9
2026-09-15 04:00:00,Pangkal Pinang,Kep. Bangka Belitung,Sumatra,28.0,32.5,86.1
2026-09-15 05:00:00,Pangkal Pinang,Kep. Bangka Belitung,Sumatra,38.2,42.5,107.6
2026-09-15 06:00:00,Pangkal Pinang,Kep. Bangka Belitung,Sumatra,49.4,53.8,135.2
2026-09-15 07:00:00,Pangkal Pinang,Kep. Bangka Belitung,Sumatra,57.9,62.4,152.7
2026-09-15 08:00:00,Pangkal Pinang,Kep. Bangka Belitung,Sumatra,59.8,64.5,154.0
2026-09-15 09:00:00,Pangkal Pinang,Kep. Bangka Belitung,Sumatra,54.1,58.9,146.8
2026-09-15 10:00:00,Pangkal Pinang,Kep. Bangka Belitung,Sumatra,43.8,48.5,121.4
2026-09-15 11:00:00,Pangkal Pinang,Kep. Bangka Belitung,Sumatra,32.6,37.5,94.7
2026-09-15 12:00:00,Pangkal Pinang,Kep. Bangka Belitung,Sumatra,22.5,27.1,75.8
2026-09-15 13:00:00,Pangkal Pinang,Kep. Bangka Belitung,Sumatra,21.0,25.8,73.0
2026-09-15 14:00:00,Pangkal Pinang,Kep. Bangka Belitung,Sumatra,18.0,22.9,67.3
2026-09-15 15:00:00,Pangkal Pinang,Kep. Bangka Belitung,Sumatra,16.2,21.1,64.0
2026-09-15 16:00:00,Pangkal Pinang,Kep. Bangka Belitung,Sumatra,14.7,19.6,61.1
2026-09-15 17:00:00,Pangkal Pinang,Kep. Bangka Belitung,Sumatra,20.0,24.8,71.1
2026-09-15 18:00:00,Pangkal Pinang,Kep. Bangka Belitung,Sumatra,28.3,32.9,86.7
2026-09-15 19:00:00,Pangkal Pinang,Kep. Bangka Belitung,Sumatra,33.6,38.4,96.6
2026-09-15 20:00:00,Pangkal Pinang,Kep. Bangka Belitung,Sumatra,36.3,41.1,103.0
2026-09-15 21:00:00,Pangkal Pinang,Kep. Bangka Belitung,Sumatra,37.3,42.0,105.4
2026-09-15 22:00:00,Pangkal Pinang,Kep. Bangka Belitung,Sumatra,37.4,42.1,105.7
2026-09-15 23:00:00,Pangkal Pinang,Kep. Bangka Belitung,Sumatra,36.6,41.1,103.7
2026-09-16 00:00:00,Pangkal Pinang,Kep. Bangka Belitung,Sumatra,37.7,41.8,106.4
2026-09-16 01:00:00,Pangkal Pinang,Kep. Bangka Belitung,Sumatra,17.5,22.4,66.4
2026-09-16 02:00:00,Pangkal Pinang,Kep. Bangka Belitung,Sumatra,15.8,20.5,63.2
2026-09-16 03:00:00,Pangkal Pinang,Kep. Bangka Belitung,Sumatra,18.1,22.5,67.5
2026-09-16 04:00:00,Pangkal Pinang,Kep. Bangka Belitung,Sumatra,23.3,27.5,77.3
2026-09-16 05:00:00,Pangkal Pinang,Kep. Bangka Belitung,Sumatra,31.5,35.6,92.7
2026-09-16 06:00:00,Pangkal Pinang,Kep. Bangka Belitung,Sumatra,41.4,45.5,115.5
2026-09-16 07:00:00,Pangkal Pinang,Kep. Bangka Belitung,Sumatra,49.9,54.2,136.5
2026-09-16 08:00:00,Pangkal Pinang,Kep. Bangka Belitung,Sumatra,55.6,60.3,151.1
2026-09-16 09:00:00,Pangkal Pinang,Kep. Bangka Belitung,Sumatra,55.2,60.1,149.5
2026-09-16 10:00:00,Pangkal Pinang,Kep. Bangka Belitung,Sumatra,46.2,51.5,127.3
2026-09-16 11:00:00,Pangkal Pinang,Kep. Bangka Belitung,Sumatra,35.0,40.4,99.2
2026-09-16 12:00:00,Pangkal Pinang,Kep. Bangka Belitung,Sumatra,41.3,46.7,115.3
2026-09-16 13:00:00,Pangkal Pinang,Kep. Bangka Belitung,Sumatra,38.9,44.1,109.4
2026-09-16 14:00:00,Pangkal Pinang,Kep. Bangka Belitung,Sumatra,26.0,31.1,82.4
2026-09-16 15:00:00,Pangkal Pinang,Kep. Bangka Belitung,Sumatra,20.3,25.4,71.7
2026-09-16 16:00:00,Pangkal Pinang,Kep. Bangka Belitung,Sumatra,18.0,23.3,67.3
2026-09-16 17:00:00,Pangkal Pinang,Kep. Bangka Belitung,Sumatra,14.7,19.3,61.1
2026-09-16 18:00:00,Pangkal Pinang,Kep. Bangka Belitung,Sumatra,16.6,20.8,64.7
2026-09-16 19:00:00,Pangkal Pinang,Kep. Bangka Belitung,Sumatra,25.3,29.2,81.0
2026-09-16 20:00:00,Pangkal Pinang,Kep. Bangka Belitung,Sumatra,30.5,34.3,90.8
2026-09-16 21:00:00,Pangkal Pinang,Kep. Bangka Belitung,Sumatra,33.9,37.6,97.2
2026-09-16 22:00:00,Pangkal Pinang,Kep. Bangka Belitung,Sumatra,35.7,39.5,101.5
2026-09-16 23:00:00,Pangkal Pinang,Kep. Bangka Belitung,Sumatra,38.1,41.7,107.4
2026-09-07 00:00:00,Tanjung Pinang,Kep. Riau,Sumatra,18.6,23.6,68.5
2026-09-07 01:00:00,Tanjung Pinang,Kep. Riau,Sumatra,17.1,22.2,65.6
2026-09-07 02:00:00,Tanjung Pinang,Kep. Riau,Sumatra,15.8,21.2,63.2
2026-09-07 03:00:00,Tanjung Pinang,Kep. Riau,Sumatra,15.1,20.6,61.9
2026-09-07 04:00:00,Tanjung Pinang,Kep. Riau,Sumatra,15.0,20.4,61.7
2026-09-07 05:00:00,Tanjung Pinang,Kep. Riau,Sumatra,15.0,20.1,61.7
2026-09-07 06:00:00,Tanjung Pinang,Kep. Riau,Sumatra,15.2,19.9,62.1
2026-09-07 07:00:00,Tanjung Pinang,Kep. Riau,Sumatra,14.9,19.2,61.5
2026-09-07 08:00:00,Tanjung Pinang,Kep. Riau,Sumatra,14.2,18.1,60.2
2026-09-07 09:00:00,Tanjung Pinang,Kep. Riau,Sumatra,12.8,16.4,57.6
2026-09-07 10:00:00,Tanjung Pinang,Kep. Riau,Sumatra,11.2,14.6,54.6
2026-09-07 11:00:00,Tanjung Pinang,Kep. Riau,Sumatra,10.2,13.5,52.7
2026-09-07 12:00:00,Tanjung Pinang,Kep. Riau,Sumatra,10.8,14.7,53.8
2026-09-07 13:00:00,Tanjung Pinang,Kep. Riau,Sumatra,11.1,14.9,54.4
2026-09-07 14:00:00,Tanjung Pinang,Kep. Riau,Sumatra,12.0,15.9,56.1
2026-09-07 15:00:00,Tanjung Pinang,Kep. Riau,Sumatra,13.3,17.5,58.5
2026-09-07 16:00:00,Tanjung Pinang,Kep. Riau,Sumatra,14.5,19.2,60.8
2026-09-07 17:00:00,Tanjung Pinang,Kep. Riau,Sumatra,15.5,20.6,62.6
2026-09-07 18:00:00,Tanjung Pinang,Kep. Riau,Sumatra,16.7,22.2,64.9
2026-09-07 19:00:00,Tanjung Pinang,Kep. Riau,Sumatra,17.8,23.6,67.0
2026-09-07 20:00:00,Tanjung Pinang,Kep. Riau,Sumatra,18.7,24.9,68.6
2026-09-07 21:00:00,Tanjung Pinang,Kep. Riau,Sumatra,19.5,25.9,70.1
2026-09-07 22:00:00,Tanjung Pinang,Kep. Riau,Sumatra,21.4,27.9,73.7
2026-09-07 23:00:00,Tanjung Pinang,Kep. Riau,Sumatra,23.8,30.2,78.2
2026-09-08 00:00:00,Tanjung Pinang,Kep. Riau,Sumatra,21.0,26.2,73.0
2026-09-08 01:00:00,Tanjung Pinang,Kep. Riau,Sumatra,24.6,29.8,79.7
2026-09-08 02:00:00,Tanjung Pinang,Kep. Riau,Sumatra,27.5,33.1,85.2
2026-09-08 03:00:00,Tanjung Pinang,Kep. Riau,Sumatra,29.4,35.2,88.7
2026-09-08 04:00:00,Tanjung Pinang,Kep. Riau,Sumatra,30.4,36.3,90.6
2026-09-08 05:00:00,Tanjung Pinang,Kep. Riau,Sumatra,30.5,36.7,90.8
2026-09-08 06:00:00,Tanjung Pinang,Kep. Riau,Sumatra,30.3,36.4,90.4
2026-09-08 07:00:00,Tanjung Pinang,Kep. Riau,Sumatra,29.4,35.7,88.7
2026-09-08 08:00:00,Tanjung Pinang,Kep. Riau,Sumatra,28.1,34.3,86.3
2026-09-08 09:00:00,Tanjung Pinang,Kep. Riau,Sumatra,26.4,32.4,83.1
2026-09-08 10:00:00,Tanjung Pinang,Kep. Riau,Sumatra,24.7,30.4,79.9
2026-09-08 11:00:00,Tanjung Pinang,Kep. Riau,Sumatra,23.1,28.6,76.9
2026-09-08 12:00:00,Tanjung Pinang,Kep. Riau,Sumatra,34.0,40.7,97.4
2026-09-08 13:00:00,Tanjung Pinang,Kep. Riau,Sumatra,32.4,38.9,94.4
2026-09-08 14:00:00,Tanjung Pinang,Kep. Riau,Sumatra,31.3,37.7,92.3
2026-09-08 15:00:00,Tanjung Pinang,Kep. Riau,Sumatra,31.0,37.3,91.7
2026-09-08 16:00:00,Tanjung Pinang,Kep. Riau,Sumatra,30.7,37.0,91.2
2026-09-08 17:00:00,Tanjung Pinang,Kep. Riau,Sumatra,31.1,37.4,91.9
2026-09-08 18:00:00,Tanjung Pinang,Kep. Riau,Sumatra,31.5,38.0,92.7
2026-09-08 19:00:00,Tanjung Pinang,Kep. Riau,Sumatra,32.1,38.4,93.8
2026-09-08 20:00:00,Tanjung Pinang,Kep. Riau,Sumatra,32.2,38.4,94.0
2026-09-08 21:00:00,Tanjung Pinang,Kep. Riau,Sumatra,31.8,37.6,93.2
2026-09-08 22:00:00,Tanjung Pinang,Kep. Riau,Sumatra,30.3,35.9,90.4
2026-09-08 23:00:00,Tanjung Pinang,Kep. Riau,Sumatra,27.6,33.1,85.4
2026-09-09 00:00:00,Tanjung Pinang,Kep. Riau,Sumatra,32.1,38.9,93.8
2026-09-09 01:00:00,Tanjung Pinang,Kep. Riau,Sumatra,31.5,38.2,92.7
2026-09-09 02:00:00,Tanjung Pinang,Kep. Riau,Sumatra,31.3,37.8,92.3
2026-09-09 03:00:00,Tanjung Pinang,Kep. Riau,Sumatra,30.5,36.9,90.8
2026-09-09 04:00:00,Tanjung Pinang,Kep. Riau,Sumatra,30.4,37.1,90.6
2026-09-09 05:00:00,Tanjung Pinang,Kep. Riau,Sumatra,30.0,37.0,89.9
2026-09-09 06:00:00,Tanjung Pinang,Kep. Riau,Sumatra,28.6,35.5,87.2
2026-09-09 07:00:00,Tanjung Pinang,Kep. Riau,Sumatra,27.2,33.9,84.6
2026-09-09 08:00:00,Tanjung Pinang,Kep. Riau,Sumatra,25.3,31.8,81.0
2026-09-09 09:00:00,Tanjung Pinang,Kep. Riau,Sumatra,23.2,29.5,77.1
2026-09-09 10:00:00,Tanjung Pinang,Kep. Riau,Sumatra,21.2,27.4,73.3
2026-09-09 11:00:00,Tanjung Pinang,Kep. Riau,Sumatra,20.1,26.3,71.3
2026-09-09 12:00:00,Tanjung Pinang,Kep. Riau,Sumatra,26.7,34.5,83.7
2026-09-09 13:00:00,Tanjung Pinang,Kep. Riau,Sumatra,25.7,33.3,81.8
2026-09-09 14:00:00,Tanjung Pinang,Kep. Riau,Sumatra,25.1,32.8,80.7
2026-09-09 15:00:00,Tanjung Pinang,Kep. Riau,Sumatra,25.2,32.9,80.9
2026-09-09 16:00:00,Tanjung Pinang,Kep. Riau,Sumatra,24.7,32.2,79.9
2026-09-09 17:00:00,Tanjung Pinang,Kep. Riau,Sumatra,25.0,32.6,80.5
2026-09-09 18:00:00,Tanjung Pinang,Kep. Riau,Sumatra,25.2,32.7,80.9
2026-09-09 19:00:00,Tanjung Pinang,Kep. Riau,Sumatra,25.2,32.5,80.9
2026-09-09 20:00:00,Tanjung Pinang,Kep. Riau,Sumatra,25.3,32.4,81.0
2026-09-09 21:00:00,Tanjung Pinang,Kep. Riau,Sumatra,25.6,32.5,81.6
2026-09-09 22:00:00,Tanjung Pinang,Kep. Riau,Sumatra,25.8,32.4,82.0
2026-09-09 23:00:00,Tanjung Pinang,Kep. Riau,Sumatra,25.8,32.2,82.0
2026-09-10 00:00:00,Tanjung Pinang,Kep. Riau,Sumatra,29.6,37.3,89.1
2026-09-10 01:00:00,Tanjung Pinang,Kep. Riau,Sumatra,29.6,37.1,89.1
2026-09-10 02:00:00,Tanjung Pinang,Kep. Riau,Sumatra,29.4,36.8,88.7
2026-09-10 03:00:00,Tanjung Pinang,Kep. Riau,Sumatra,29.5,36.9,88.9
2026-09-10 04:00:00,Tanjung Pinang,Kep. Riau,Sumatra,28.4,35.5,86.9
2026-09-10 05:00:00,Tanjung Pinang,Kep. Riau,Sumatra,28.0,34.9,86.1
2026-09-10 06:00:00,Tanjung Pinang,Kep. Riau,Sumatra,28.3,35.3,86.7
2026-09-10 07:00:00,Tanjung Pinang,Kep. Riau,Sumatra,26.7,33.4,83.7
2026-09-10 08:00:00,Tanjung Pinang,Kep. Riau,Sumatra,24.7,31.1,79.9
2026-09-10 09:00:00,Tanjung Pinang,Kep. Riau,Sumatra,22.6,28.5,76.0
2026-09-10 10:00:00,Tanjung Pinang,Kep. Riau,Sumatra,20.7,26.2,72.4
2026-09-10 11:00:00,Tanjung Pinang,Kep. Riau,Sumatra,19.4,24.7,70.0
2026-09-10 12:00:00,Tanjung Pinang,Kep. Riau,Sumatra,28.1,35.2,86.3
2026-09-10 13:00:00,Tanjung Pinang,Kep. Riau,Sumatra,26.7,33.5,83.7
2026-09-10 14:00:00,Tanjung Pinang,Kep. Riau,Sumatra,24.9,31.4,80.3
2026-09-10 15:00:00,Tanjung Pinang,Kep. Riau,Sumatra,23.3,29.6,77.3
2026-09-10 16:00:00,Tanjung Pinang,Kep. Riau,Sumatra,21.8,28.2,74.5
2026-09-10 17:00:00,Tanjung Pinang,Kep. Riau,Sumatra,20.6,27.1,72.2
2026-09-10 18:00:00,Tanjung Pinang,Kep. Riau,Sumatra,20.0,26.9,71.1
2026-09-10 19:00:00,Tanjung Pinang,Kep. Riau,Sumatra,19.9,27.1,70.9
2026-09-10 20:00:00,Tanjung Pinang,Kep. Riau,Sumatra,19.4,26.4,70.0
2026-09-10 21:00:00,Tanjung Pinang,Kep. Riau,Sumatra,19.4,26.1,70.0
2026-09-10 22:00:00,Tanjung Pinang,Kep. Riau,Sumatra,19.3,25.5,69.8
2026-09-10 23:00:00,Tanjung Pinang,Kep. Riau,Sumatra,18.9,24.4,69.0
2026-09-11 00:00:00,Tanjung Pinang,Kep. Riau,Sumatra,21.7,27.6,74.3
2026-09-11 01:00:00,Tanjung Pinang,Kep. Riau,Sumatra,21.8,27.5,74.5
2026-09-11 02:00:00,Tanjung Pinang,Kep. Riau,Sumatra,21.5,27.1,73.9
2026-09-11 03:00:00,Tanjung Pinang,Kep. Riau,Sumatra,22.0,27.7,74.8
2026-09-11 04:00:00,Tanjung Pinang,Kep. Riau,Sumatra,22.7,28.6,76.2
2026-09-11 05:00:00,Tanjung Pinang,Kep. Riau,Sumatra,23.0,28.8,76.7
2026-09-11 06:00:00,Tanjung Pinang,Kep. Riau,Sumatra,23.1,28.7,76.9
2026-09-11 07:00:00,Tanjung Pinang,Kep. Riau,Sumatra,23.5,29.0,77.7
2026-09-11 08:00:00,Tanjung Pinang,Kep. Riau,Sumatra,23.5,28.9,77.7
2026-09-11 09:00:00,Tanjung Pinang,Kep. Riau,Sumatra,22.7,28.2,76.2
2026-09-11 10:00:00,Tanjung Pinang,Kep. Riau,Sumatra,21.3,26.7,73.5
2026-09-11 11:00:00,Tanjung Pinang,Kep. Riau,Sumatra,19.5,24.7,70.1
2026-09-11 12:00:00,Tanjung Pinang,Kep. Riau,Sumatra,29.1,36.3,88.2
2026-09-11 13:00:00,Tanjung Pinang,Kep. Riau,Sumatra,24.6,31.1,79.7
2026-09-11 14:00:00,Tanjung Pinang,Kep. Riau,Sumatra,19.8,26.0,70.7
2026-09-11 15:00:00,Tanjung Pinang,Kep. Riau,Sumatra,16.6,22.5,64.7
2026-09-11 16:00:00,Tanjung Pinang,Kep. Riau,Sumatra,15.6,21.5,62.8
2026-09-11 17:00:00,Tanjung Pinang,Kep. Riau,Sumatra,15.9,21.9,63.4
2026-09-11 18:00:00,Tanjung Pinang,Kep. Riau,Sumatra,16.9,23.1,65.3
2026-09-11 19:00:00,Tanjung Pinang,Kep. Riau,Sumatra,18.0,24.4,67.3
2026-09-11 20:00:00,Tanjung Pinang,Kep. Riau,Sumatra,19.1,26.0,69.4
2026-09-11 21:00:00,Tanjung Pinang,Kep. Riau,Sumatra,20.3,27.4,71.7
2026-09-11 22:00:00,Tanjung Pinang,Kep. Riau,Sumatra,20.3,26.7,71.7
2026-09-11 23:00:00,Tanjung Pinang,Kep. Riau,Sumatra,19.2,25.0,69.6
2026-09-12 00:00:00,Tanjung Pinang,Kep. Riau,Sumatra,21.3,27.9,73.5
2026-09-12 01:00:00,Tanjung Pinang,Kep. Riau,Sumatra,21.9,28.3,74.7
2026-09-12 02:00:00,Tanjung Pinang,Kep. Riau,Sumatra,22.1,28.3,75.0
2026-09-12 03:00:00,Tanjung Pinang,Kep. Riau,Sumatra,21.1,27.1,73.2
2026-09-12 04:00:00,Tanjung Pinang,Kep. Riau,Sumatra,20.2,25.7,71.5
2026-09-12 05:00:00,Tanjung Pinang,Kep. Riau,Sumatra,19.6,24.9,70.3
2026-09-12 06:00:00,Tanjung Pinang,Kep. Riau,Sumatra,19.6,24.6,70.3
2026-09-12 07:00:00,Tanjung Pinang,Kep. Riau,Sumatra,20.1,25.0,71.3
2026-09-12 08:00:00,Tanjung Pinang,Kep. Riau,Sumatra,21.0,26.0,73.0
2026-09-12 09:00:00,Tanjung Pinang,Kep. Riau,Sumatra,22.6,27.5,76.0
2026-09-12 10:00:00,Tanjung Pinang,Kep. Riau,Sumatra,25.3,30.3,81.0
2026-09-12 11:00:00,Tanjung Pinang,Kep. Riau,Sumatra,29.8,34.9,89.5
2026-09-12 12:00:00,Tanjung Pinang,Kep. Riau,Sumatra,37.5,43.1,105.9
2026-09-12 13:00:00,Tanjung Pinang,Kep. Riau,Sumatra,41.9,47.7,116.8
2026-09-12 14:00:00,Tanjung Pinang,Kep. Riau,Sumatra,45.8,51.7,126.4
2026-09-12 15:00:00,Tanjung Pinang,Kep. Riau,Sumatra,48.4,54.5,132.8
2026-09-12 16:00:00,Tanjung Pinang,Kep. Riau,Sumatra,52.2,58.6,142.1
2026-09-12 17:00:00,Tanjung Pinang,Kep. Riau,Sumatra,52.5,59.0,142.9
2026-09-12 18:00:00,Tanjung Pinang,Kep. Riau,Sumatra,48.8,54.9,133.7
2026-09-12 19:00:00,Tanjung Pinang,Kep. Riau,Sumatra,44.4,50.2,122.9
2026-09-12 20:00:00,Tanjung Pinang,Kep. Riau,Sumatra,37.1,42.6,104.9
2026-09-12 21:00:00,Tanjung Pinang,Kep. Riau,Sumatra,27.5,32.6,85.2
2026-09-12 22:00:00,Tanjung Pinang,Kep. Riau,Sumatra,18.0,22.8,67.3
2026-09-12 23:00:00,Tanjung Pinang,Kep. Riau,Sumatra,12.3,16.9,56.6
2026-09-13 00:00:00,Tanjung Pinang,Kep. Riau,Sumatra,8.0,12.0,43.5
2026-09-13 01:00:00,Tanjung Pinang,Kep. Riau,Sumatra,8.8,12.8,47.8
2026-09-13 02:00:00,Tanjung Pinang,Kep. Riau,Sumatra,9.4,13.3,51.2
2026-09-13 03:00:00,Tanjung Pinang,Kep. Riau,Sumatra,10.0,14.0,52.3
2026-09-13 04:00:00,Tanjung Pinang,Kep. Riau,Sumatra,9.7,13.5,51.8
2026-09-13 05:00:00,Tanjung Pinang,Kep. Riau,Sumatra,9.0,12.7,48.9
2026-09-13 06:00:00,Tanjung Pinang,Kep. Riau,Sumatra,8.4,11.8,45.7
2026-09-13 07:00:00,Tanjung Pinang,Kep. Riau,Sumatra,8.0,11.2,43.5
2026-09-13 08:00:00,Tanjung Pinang,Kep. Riau,Sumatra,8.4,11.4,45.7
2026-09-13 09:00:00,Tanjung Pinang,Kep. Riau,Sumatra,10.4,13.3,53.1
2026-09-13 10:00:00,Tanjung Pinang,Kep. Riau,Sumatra,15.2,18.3,62.1
2026-09-13 11:00:00,Tanjung Pinang,Kep. Riau,Sumatra,23.6,27.2,77.8
2026-09-13 12:00:00,Tanjung Pinang,Kep. Riau,Sumatra,28.6,33.4,87.2
2026-09-13 13:00:00,Tanjung Pinang,Kep. Riau,Sumatra,34.9,39.8,99.1
2026-09-13 14:00:00,Tanjung Pinang,Kep. Riau,Sumatra,43.8,49.1,121.4
2026-09-13 15:00:00,Tanjung Pinang,Kep. Riau,Sumatra,54.9,61.0,148.8
2026-09-13 16:00:00,Tanjung Pinang,Kep. Riau,Sumatra,67.3,74.0,159.3
2026-09-13 17:00:00,Tanjung Pinang,Kep. Riau,Sumatra,79.6,87.3,167.9
2026-09-13 18:00:00,Tanjung Pinang,Kep. Riau,Sumatra,90.1,98.7,175.3
2026-09-13 19:00:00,Tanjung Pinang,Kep. Riau,Sumatra,98.0,107.3,180.8
2026-09-13 20:00:00,Tanjung Pinang,Kep. Riau,Sumatra,101.7,111.3,183.4
2026-09-13 21:00:00,Tanjung Pinang,Kep. Riau,Sumatra,97.6,106.6,180.5
2026-09-13 22:00:00,Tanjung Pinang,Kep. Riau,Sumatra,82.0,89.9,169.6
2026-09-13 23:00:00,Tanjung Pinang,Kep. Riau,Sumatra,58.3,63.8,153.0
2026-09-14 00:00:00,Tanjung Pinang,Kep. Riau,Sumatra,62.9,69.4,156.2
2026-09-14 01:00:00,Tanjung Pinang,Kep. Riau,Sumatra,44.8,49.9,123.9
2026-09-14 02:00:00,Tanjung Pinang,Kep. Riau,Sumatra,35.3,39.7,99.8
2026-09-14 03:00:00,Tanjung Pinang,Kep. Riau,Sumatra,35.5,40.0,101.0
2026-09-14 04:00:00,Tanjung Pinang,Kep. Riau,Sumatra,39.6,44.6,111.1
2026-09-14 05:00:00,Tanjung Pinang,Kep. Riau,Sumatra,48.1,54.0,132.0
2026-09-14 06:00:00,Tanjung Pinang,Kep. Riau,Sumatra,56.6,63.1,151.8
2026-09-14 07:00:00,Tanjung Pinang,Kep. Riau,Sumatra,64.0,70.5,157.0
2026-09-14 08:00:00,Tanjung Pinang,Kep. Riau,Sumatra,62.6,68.5,156.0
2026-09-14 09:00:00,Tanjung Pinang,Kep. Riau,Sumatra,51.8,57.5,141.1
2026-09-14 10:00:00,Tanjung Pinang,Kep. Riau,Sumatra,40.3,45.3,112.8
2026-09-14 11:00:00,Tanjung Pinang,Kep. Riau,Sumatra,31.9,36.3,93.4
2026-09-14 12:00:00,Tanjung Pinang,Kep. Riau,Sumatra,48.5,55.3,133.0
2026-09-14 13:00:00,Tanjung Pinang,Kep. Riau,Sumatra,43.0,49.4,119.5
2026-09-14 14:00:00,Tanjung Pinang,Kep. Riau,Sumatra,39.0,45.3,109.6
2026-09-14 15:00:00,Tanjung Pinang,Kep. Riau,Sumatra,36.4,42.7,103.2
2026-09-14 16:00:00,Tanjung Pinang,Kep. Riau,Sumatra,35.0,41.2,99.2
2026-09-14 17:00:00,Tanjung Pinang,Kep. Riau,Sumatra,34.2,40.4,97.7
2026-09-14 18:00:00,Tanjung Pinang,Kep. Riau,Sumatra,32.9,39.2,95.3
2026-09-14 19:00:00,Tanjung Pinang,Kep. Riau,Sumatra,30.9,36.8,91.6
2026-09-14 20:00:00,Tanjung Pinang,Kep. Riau,Sumatra,29.0,34.7,88.0
2026-09-14 21:00:00,Tanjung Pinang,Kep. Riau,Sumatra,29.0,34.3,88.0
2026-09-14 22:00:00,Tanjung Pinang,Kep. Riau,Sumatra,30.3,35.3,90.4
2026-09-14 23:00:00,Tanjung Pinang,Kep. Riau,Sumatra,30.9,35.5,91.6
2026-09-15 00:00:00,Tanjung Pinang,Kep. Riau,Sumatra,38.9,42.7,109.4
2026-09-15 01:00:00,Tanjung Pinang,Kep. Riau,Sumatra,38.2,42.5,107.6
2026-09-15 02:00:00,Tanjung Pinang,Kep. Riau,Sumatra,35.6,40.0,101.2
2026-09-15 03:00:00,Tanjung Pinang,Kep. Riau,Sumatra,32.4,36.9,94.4
2026-09-15 04:00:00,Tanjung Pinang,Kep. Riau,Sumatra,29.0,33.6,88.0
2026-09-15 05:00:00,Tanjung Pinang,Kep. Riau,Sumatra,26.4,31.0,83.1
2026-09-15 06:00:00,Tanjung Pinang,Kep. Riau,Sumatra,24.3,28.8,79.2
2026-09-15 07:00:00,Tanjung Pinang,Kep. Riau,Sumatra,22.5,27.0,75.8
2026-09-15 08:00:00,Tanjung Pinang,Kep. Riau,Sumatra,21.2,25.7,73.3
2026-09-15 09:00:00,Tanjung Pinang,Kep. Riau,Sumatra,20.1,24.7,71.3
2026-09-15 10:00:00,Tanjung Pinang,Kep. Riau,Sumatra,19.8,24.7,70.7
2026-09-15 11:00:00,Tanjung Pinang,Kep. Riau,Sumatra,20.5,25.8,72.0
2026-09-15 12:00:00,Tanjung Pinang,Kep. Riau,Sumatra,19.5,24.3,70.1
2026-09-15 13:00:00,Tanjung Pinang,Kep. Riau,Sumatra,19.2,23.6,69.6
2026-09-15 14:00:00,Tanjung Pinang,Kep. Riau,Sumatra,18.6,22.7,68.5
2026-09-15 15:00:00,Tanjung Pinang,Kep. Riau,Sumatra,17.2,21.4,65.8
2026-09-15 16:00:00,Tanjung Pinang,Kep. Riau,Sumatra,15.0,19.4,61.7
2026-09-15 17:00:00,Tanjung Pinang,Kep. Riau,Sumatra,12.5,16.9,57.0
2026-09-15 18:00:00,Tanjung Pinang,Kep. Riau,Sumatra,10.4,15.0,53.1
2026-09-15 19:00:00,Tanjung Pinang,Kep. Riau,Sumatra,9.3,14.1,51.0
2026-09-15 20:00:00,Tanjung Pinang,Kep. Riau,Sumatra,10.0,15.1,52.3
2026-09-15 21:00:00,Tanjung Pinang,Kep. Riau,Sumatra,11.5,17.2,55.1
2026-09-15 22:00:00,Tanjung Pinang,Kep. Riau,Sumatra,13.6,19.6,59.1
2026-09-15 23:00:00,Tanjung Pinang,Kep. Riau,Sumatra,15.1,21.4,61.9
2026-09-16 00:00:00,Tanjung Pinang,Kep. Riau,Sumatra,15.7,22.0,63.0
2026-09-16 01:00:00,Tanjung Pinang,Kep. Riau,Sumatra,15.4,21.7,62.5
2026-09-16 02:00:00,Tanjung Pinang,Kep. Riau,Sumatra,14.8,21.0,61.3
2026-09-16 03:00:00,Tanjung Pinang,Kep. Riau,Sumatra,14.3,20.3,60.4
2026-09-16 04:00:00,Tanjung Pinang,Kep. Riau,Sumatra,14.1,19.9,60.0
2026-09-16 05:00:00,Tanjung Pinang,Kep. Riau,Sumatra,14.3,19.8,60.4
2026-09-16 06:00:00,Tanjung Pinang,Kep. Riau,Sumatra,14.7,20.1,61.1
2026-09-16 07:00:00,Tanjung Pinang,Kep. Riau,Sumatra,15.1,20.4,61.9
2026-09-16 08:00:00,Tanjung Pinang,Kep. Riau,Sumatra,15.3,20.4,62.3
2026-09-16 09:00:00,Tanjung Pinang,Kep. Riau,Sumatra,15.0,20.1,61.7
2026-09-16 10:00:00,Tanjung Pinang,Kep. Riau,Sumatra,14.3,19.2,60.4
2026-09-16 11:00:00,Tanjung Pinang,Kep. Riau,Sumatra,13.1,17.9,58.1
2026-09-16 12:00:00,Tanjung Pinang,Kep. Riau,Sumatra,11.9,16.6,55.9
2026-09-16 13:00:00,Tanjung Pinang,Kep. Riau,Sumatra,11.0,15.8,54.2
2026-09-16 14:00:00,Tanjung Pinang,Kep. Riau,Sumatra,10.5,15.5,53.3
2026-09-16 15:00:00,Tanjung Pinang,Kep. Riau,Sumatra,10.5,15.9,53.3
2026-09-16 16:00:00,Tanjung Pinang,Kep. Riau,Sumatra,10.7,16.4,53.6
2026-09-16 17:00:00,Tanjung Pinang,Kep. Riau,Sumatra,11.2,17.3,54.6
2026-09-16 18:00:00,Tanjung Pinang,Kep. Riau,Sumatra,12.8,19.4,57.6
2026-09-16 19:00:00,Tanjung Pinang,Kep. Riau,Sumatra,16.8,23.8,65.1
2026-09-16 20:00:00,Tanjung Pinang,Kep. Riau,Sumatra,24.9,32.2,80.3
2026-09-16 21:00:00,Tanjung Pinang,Kep. Riau,Sumatra,36.4,44.2,103.2
2026-09-16 22:00:00,Tanjung Pinang,Kep. Riau,Sumatra,47.6,55.8,130.8
2026-09-16 23:00:00,Tanjung Pinang,Kep. Riau,Sumatra,53.0,61.0,144.1
2026-09-07 00:00:00,Jakarta,DKI Jakarta,Java,64.7,65.9,157.4
2026-09-07 01:00:00,Jakarta,DKI Jakarta,Java,38.6,40.0,108.6
2026-09-07 02:00:00,Jakarta,DKI Jakarta,Java,33.6,34.0,96.6
2026-09-07 03:00:00,Jakarta,DKI Jakarta,Java,33.9,34.2,97.2
2026-09-07 04:00:00,Jakarta,DKI Jakarta,Java,37.8,38.2,106.7
2026-09-07 05:00:00,Jakarta,DKI Jakarta,Java,43.1,43.4,119.7
2026-09-07 06:00:00,Jakarta,DKI Jakarta,Java,47.4,47.7,130.3
2026-09-07 07:00:00,Jakarta,DKI Jakarta,Java,50.2,50.5,137.2
2026-09-07 08:00:00,Jakarta,DKI Jakarta,Java,51.7,52.2,140.9
2026-09-07 09:00:00,Jakarta,DKI Jakarta,Java,52.4,53.0,142.6
2026-09-07 10:00:00,Jakarta,DKI Jakarta,Java,51.2,52.0,139.7
2026-09-07 11:00:00,Jakarta,DKI Jakarta,Java,46.9,49.0,129.1
2026-09-07 12:00:00,Jakarta,DKI Jakarta,Java,37.3,41.0,105.4
2026-09-07 13:00:00,Jakarta,DKI Jakarta,Java,38.3,42.4,107.9
2026-09-07 14:00:00,Jakarta,DKI Jakarta,Java,42.7,46.9,118.7
2026-09-07 15:00:00,Jakarta,DKI Jakarta,Java,48.1,52.6,132.0
2026-09-07 16:00:00,Jakarta,DKI Jakarta,Java,53.8,58.4,146.1
2026-09-07 17:00:00,Jakarta,DKI Jakarta,Java,63.1,68.0,156.3
2026-09-07 18:00:00,Jakarta,DKI Jakarta,Java,68.2,73.6,159.9
2026-09-07 19:00:00,Jakarta,DKI Jakarta,Java,75.7,80.8,165.2
2026-09-07 20:00:00,Jakarta,DKI Jakarta,Java,82.9,88.0,170.2
2026-09-07 21:00:00,Jakarta,DKI Jakarta,Java,90.3,94.5,175.4
2026-09-07 22:00:00,Jakarta,DKI Jakarta,Java,98.5,102.4,181.1
2026-09-07 23:00:00,Jakarta,DKI Jakarta,Java,116.4,120.1,193.7
2026-09-08 00:00:00,Jakarta,DKI Jakarta,Java,87.3,92.2,173.3
2026-09-08 01:00:00,Jakarta,DKI Jakarta,Java,64.3,69.4,157.2
2026-09-08 02:00:00,Jakarta,DKI Jakarta,Java,60.1,64.3,154.2
2026-09-08 03:00:00,Jakarta,DKI Jakarta,Java,61.7,65.0,155.3
2026-09-08 04:00:00,Jakarta,DKI Jakarta,Java,66.1,69.8,158.4
2026-09-08 05:00:00,Jakarta,DKI Jakarta,Java,70.5,74.5,161.5
2026-09-08 06:00:00,Jakarta,DKI Jakarta,Java,74.0,77.1,164.0
2026-09-08 07:00:00,Jakarta,DKI Jakarta,Java,84.1,87.5,171.0
2026-09-08 08:00:00,Jakarta,DKI Jakarta,Java,85.0,88.2,171.7
2026-09-08 09:00:00,Jakarta,DKI Jakarta,Java,86.1,89.9,172.5
2026-09-08 10:00:00,Jakarta,DKI Jakarta,Java,85.2,88.7,171.8
2026-09-08 11:00:00,Jakarta,DKI Jakarta,Java,85.0,89.9,171.7
2026-09-08 12:00:00,Jakarta,DKI Jakarta,Java,95.5,100.4,179.0
2026-09-08 13:00:00,Jakarta,DKI Jakarta,Java,109.9,115.3,189.1
2026-09-08 14:00:00,Jakarta,DKI Jakarta,Java,124.3,129.5,199.2
2026-09-08 15:00:00,Jakarta,DKI Jakarta,Java,133.6,138.3,209.0
2026-09-08 16:00:00,Jakarta,DKI Jakarta,Java,139.2,143.4,214.6
2026-09-08 17:00:00,Jakarta,DKI Jakarta,Java,147.1,150.9,222.4
2026-09-08 18:00:00,Jakarta,DKI Jakarta,Java,151.8,155.1,227.1
2026-09-08 19:00:00,Jakarta,DKI Jakarta,Java,154.6,157.9,229.8
2026-09-08 20:00:00,Jakarta,DKI Jakarta,Java,154.1,157.4,229.3
2026-09-08 21:00:00,Jakarta,DKI Jakarta,Java,155.1,157.9,230.3
2026-09-08 22:00:00,Jakarta,DKI Jakarta,Java,156.0,158.8,231.2
2026-09-08 23:00:00,Jakarta,DKI Jakarta,Java,164.8,167.2,239.9
2026-09-09 00:00:00,Jakarta,DKI Jakarta,Java,109.2,109.7,188.6
2026-09-09 01:00:00,Jakarta,DKI Jakarta,Java,72.2,74.7,162.7
2026-09-09 02:00:00,Jakarta,DKI Jakarta,Java,60.8,62.4,154.7
2026-09-09 03:00:00,Jakarta,DKI Jakarta,Java,62.2,62.9,155.7
2026-09-09 04:00:00,Jakarta,DKI Jakarta,Java,65.4,66.4,157.9
2026-09-09 05:00:00,Jakarta,DKI Jakarta,Java,70.8,71.7,161.7
2026-09-09 06:00:00,Jakarta,DKI Jakarta,Java,73.8,75.0,163.8
2026-09-09 07:00:00,Jakarta,DKI Jakarta,Java,82.2,83.4,169.7
2026-09-09 08:00:00,Jakarta,DKI Jakarta,Java,78.2,79.2,166.9
2026-09-09 09:00:00,Jakarta,DKI Jakarta,Java,73.1,74.3,163.3
2026-09-09 10:00:00,Jakarta,DKI Jakarta,Java,68.9,70.1,160.4
2026-09-09 11:00:00,Jakarta,DKI Jakarta,Java,71.0,72.9,161.9
2026-09-09 12:00:00,Jakarta,DKI Jakarta,Java,62.4,65.0,155.8
2026-09-09 13:00:00,Jakarta,DKI Jakarta,Java,71.5,73.8,162.2
2026-09-09 14:00:00,Jakarta,DKI Jakarta,Java,84.5,86.8,171.3
2026-09-09 15:00:00,Jakarta,DKI Jakarta,Java,81.5,83.8,169.2
2026-09-09 16:00:00,Jakarta,DKI Jakarta,Java,87.3,89.4,173.3
2026-09-09 17:00:00,Jakarta,DKI Jakarta,Java,87.1,88.7,173.2
2026-09-09 18:00:00,Jakarta,DKI Jakarta,Java,81.3,82.9,169.1
2026-09-09 19:00:00,Jakarta,DKI Jakarta,Java,83.1,84.5,170.3
2026-09-09 20:00:00,Jakarta,DKI Jakarta,Java,85.7,86.6,172.2
2026-09-09 21:00:00,Jakarta,DKI Jakarta,Java,93.1,94.3,177.4
2026-09-09 22:00:00,Jakarta,DKI Jakarta,Java,104.3,105.7,185.2
2026-09-09 23:00:00,Jakarta,DKI Jakarta,Java,120.6,122.5,196.6
2026-09-10 00:00:00,Jakarta,DKI Jakarta,Java,155.5,157.4,230.7
2026-09-10 01:00:00,Jakarta,DKI Jakarta,Java,104.1,105.5,185.1
2026-09-10 02:00:00,Jakarta,DKI Jakarta,Java,84.5,86.4,171.3
2026-09-10 03:00:00,Jakarta,DKI Jakarta,Java,78.7,80.3,167.3
2026-09-10 04:00:00,Jakarta,DKI Jakarta,Java,75.0,76.4,164.7
2026-09-10 05:00:00,Jakarta,DKI Jakarta,Java,80.1,81.7,168.2
2026-09-10 06:00:00,Jakarta,DKI Jakarta,Java,81.0,82.7,168.9
2026-09-10 07:00:00,Jakarta,DKI Jakarta,Java,79.6,81.3,167.9
2026-09-10 08:00:00,Jakarta,DKI Jakarta,Java,76.1,78.0,165.4
2026-09-10 09:00:00,Jakarta,DKI Jakarta,Java,71.9,74.3,162.5
2026-09-10 10:00:00,Jakarta,DKI Jakarta,Java,69.6,72.2,160.9
2026-09-10 11:00:00,Jakarta,DKI Jakarta,Java,67.1,69.8,159.1
2026-09-10 12:00:00,Jakarta,DKI Jakarta,Java,72.4,76.1,162.8
2026-09-10 13:00:00,Jakarta,DKI Jakarta,Java,86.4,89.9,172.7
2026-09-10 14:00:00,Jakarta,DKI Jakarta,Java,105.0,109.0,185.7
2026-09-10 15:00:00,Jakarta,DKI Jakarta,Java,123.9,129.0,198.9
2026-09-10 16:00:00,Jakarta,DKI Jakarta,Java,142.0,149.9,217.4
2026-09-10 17:00:00,Jakarta,DKI Jakarta,Java,162.5,170.4,237.7
2026-09-10 18:00:00,Jakarta,DKI Jakarta,Java,177.0,183.0,252.0
2026-09-10 19:00:00,Jakarta,DKI Jakarta,Java,181.6,185.3,256.6
2026-09-10 20:00:00,Jakarta,DKI Jakarta,Java,183.9,186.3,258.9
2026-09-10 21:00:00,Jakarta,DKI Jakarta,Java,188.1,189.5,263.0
2026-09-10 22:00:00,Jakarta,DKI Jakarta,Java,195.1,196.5,270.0
2026-09-10 23:00:00,Jakarta,DKI Jakarta,Java,206.8,208.6,281.6
2026-09-11 00:00:00,Jakarta,DKI Jakarta,Java,159.7,160.7,234.9
2026-09-11 01:00:00,Jakarta,DKI Jakarta,Java,113.4,116.2,191.6
2026-09-11 02:00:00,Jakarta,DKI Jakarta,Java,80.1,83.6,168.2
2026-09-11 03:00:00,Jakarta,DKI Jakarta,Java,69.4,72.6,160.7
2026-09-11 04:00:00,Jakarta,DKI Jakarta,Java,66.1,68.9,158.4
2026-09-11 05:00:00,Jakarta,DKI Jakarta,Java,67.1,69.8,159.1
2026-09-11 06:00:00,Jakarta,DKI Jakarta,Java,66.1,68.9,158.4
2026-09-11 07:00:00,Jakarta,DKI Jakarta,Java,64.0,66.8,157.0
2026-09-11 08:00:00,Jakarta,DKI Jakarta,Java,61.5,64.0,155.2
2026-09-11 09:00:00,Jakarta,DKI Jakarta,Java,58.4,61.0,153.0
2026-09-11 10:00:00,Jakarta,DKI Jakarta,Java,56.7,59.1,151.8
2026-09-11 11:00:00,Jakarta,DKI Jakarta,Java,58.6,61.0,153.2
2026-09-11 12:00:00,Jakarta,DKI Jakarta,Java,55.1,57.5,149.3
2026-09-11 13:00:00,Jakarta,DKI Jakarta,Java,62.6,65.2,156.0
2026-09-11 14:00:00,Jakarta,DKI Jakarta,Java,74.3,77.1,164.2
2026-09-11 15:00:00,Jakarta,DKI Jakarta,Java,86.1,88.9,172.5
2026-09-11 16:00:00,Jakarta,DKI Jakarta,Java,92.0,96.2,176.6
2026-09-11 17:00:00,Jakarta,DKI Jakarta,Java,85.2,89.2,171.8
2026-09-11 18:00:00,Jakarta,DKI Jakarta,Java,84.1,87.3,171.0
2026-09-11 19:00:00,Jakarta,DKI Jakarta,Java,82.7,84.8,170.1
2026-09-11 20:00:00,Jakarta,DKI Jakarta,Java,88.2,90.1,173.9
2026-09-11 21:00:00,Jakarta,DKI Jakarta,Java,102.7,105.2,184.1
2026-09-11 22:00:00,Jakarta,DKI Jakarta,Java,123.9,126.2,198.9
2026-09-11 23:00:00,Jakarta,DKI Jakarta,Java,150.9,153.7,226.2
2026-09-12 00:00:00,Jakarta,DKI Jakarta,Java,117.8,120.6,194.7
2026-09-12 01:00:00,Jakarta,DKI Jakarta,Java,84.8,88.0,171.5
2026-09-12 02:00:00,Jakarta,DKI Jakarta,Java,70.5,73.8,161.5
2026-09-12 03:00:00,Jakarta,DKI Jakarta,Java,61.5,64.3,155.2
2026-09-12 04:00:00,Jakarta,DKI Jakarta,Java,57.9,60.3,152.7
2026-09-12 05:00:00,Jakarta,DKI Jakarta,Java,54.9,57.0,148.8
2026-09-12 06:00:00,Jakarta,DKI Jakarta,Java,51.9,53.8,141.4
2026-09-12 07:00:00,Jakarta,DKI Jakarta,Java,49.8,51.6,136.2
2026-09-12 08:00:00,Jakarta,DKI Jakarta,Java,48.1,49.7,132.0
2026-09-12 09:00:00,Jakarta,DKI Jakarta,Java,48.3,49.9,132.5
2026-09-12 10:00:00,Jakarta,DKI Jakarta,Java,49.9,51.7,136.5
2026-09-12 11:00:00,Jakarta,DKI Jakarta,Java,53.4,55.2,145.1
2026-09-12 12:00:00,Jakarta,DKI Jakarta,Java,52.5,54.2,142.9
2026-09-12 13:00:00,Jakarta,DKI Jakarta,Java,59.3,61.0,153.7
2026-09-12 14:00:00,Jakarta,DKI Jakarta,Java,76.6,78.0,165.8
2026-09-12 15:00:00,Jakarta,DKI Jakarta,Java,93.1,94.5,177.4
2026-09-12 16:00:00,Jakarta,DKI Jakarta,Java,99.7,100.8,182.0
2026-09-12 17:00:00,Jakarta,DKI Jakarta,Java,106.4,108.0,186.7
2026-09-12 18:00:00,Jakarta,DKI Jakarta,Java,109.4,111.3,188.8
2026-09-12 19:00:00,Jakarta,DKI Jakarta,Java,114.8,117.6,192.6
2026-09-12 20:00:00,Jakarta,DKI Jakarta,Java,118.0,121.5,194.8
2026-09-12 21:00:00,Jakarta,DKI Jakarta,Java,125.7,129.5,201.2
2026-09-12 22:00:00,Jakarta,DKI Jakarta,Java,136.4,140.6,211.8
2026-09-12 23:00:00,Jakarta,DKI Jakarta,Java,154.6,159.3,229.8
2026-09-13 00:00:00,Jakarta,DKI Jakarta,Java,114.3,116.4,192.2
2026-09-13 01:00:00,Jakarta,DKI Jakarta,Java,74.7,76.1,164.5
2026-09-13 02:00:00,Jakarta,DKI Jakarta,Java,58.2,59.6,152.9
2026-09-13 03:00:00,Jakarta,DKI Jakarta,Java,50.8,51.9,138.7
2026-09-13 04:00:00,Jakarta,DKI Jakarta,Java,39.6,40.4,111.1
2026-09-13 05:00:00,Jakarta,DKI Jakarta,Java,32.9,33.5,95.3
2026-09-13 06:00:00,Jakarta,DKI Jakarta,Java,27.1,27.6,84.4
2026-09-13 07:00:00,Jakarta,DKI Jakarta,Java,23.5,24.1,77.7
2026-09-13 08:00:00,Jakarta,DKI Jakarta,Java,21.8,22.5,74.5
2026-09-13 09:00:00,Jakarta,DKI Jakarta,Java,21.7,22.4,74.3
2026-09-13 10:00:00,Jakarta,DKI Jakarta,Java,24.0,24.9,78.6
2026-09-13 11:00:00,Jakarta,DKI Jakarta,Java,32.1,33.2,93.8
2026-09-13 12:00:00,Jakarta,DKI Jakarta,Java,44.1,46.1,122.2
2026-09-13 13:00:00,Jakarta,DKI Jakarta,Java,56.9,59.3,152.0
2026-09-13 14:00:00,Jakarta,DKI Jakarta,Java,75.4,78.5,164.9
2026-09-13 15:00:00,Jakarta,DKI Jakarta,Java,93.6,98.0,177.7
2026-09-13 16:00:00,Jakarta,DKI Jakarta,Java,108.7,114.3,188.3
2026-09-13 17:00:00,Jakarta,DKI Jakarta,Java,121.5,127.1,197.3
2026-09-13 18:00:00,Jakarta,DKI Jakarta,Java,137.4,142.5,212.8
2026-09-13 19:00:00,Jakarta,DKI Jakarta,Java,148.1,152.7,223.4
2026-09-13 20:00:00,Jakarta,DKI Jakarta,Java,143.9,148.5,219.2
2026-09-13 21:00:00,Jakarta,DKI Jakarta,Java,143.4,147.6,218.7
2026-09-13 22:00:00,Jakarta,DKI Jakarta,Java,142.0,145.3,217.4
2026-09-13 23:00:00,Jakarta,DKI Jakarta,Java,145.3,148.1,220.6
2026-09-14 00:00:00,Jakarta,DKI Jakarta,Java,105.5,108.0,186.1
2026-09-14 01:00:00,Jakarta,DKI Jakarta,Java,81.3,84.1,169.1
2026-09-14 02:00:00,Jakarta,DKI Jakarta,Java,60.3,62.9,154.4
2026-09-14 03:00:00,Jakarta,DKI Jakarta,Java,48.5,51.0,133.0
2026-09-14 04:00:00,Jakarta,DKI Jakarta,Java,42.0,44.0,117.0
2026-09-14 05:00:00,Jakarta,DKI Jakarta,Java,34.9,36.4,99.1
2026-09-14 06:00:00,Jakarta,DKI Jakarta,Java,29.0,30.4,88.0
2026-09-14 07:00:00,Jakarta,DKI Jakarta,Java,25.9,27.2,82.2
2026-09-14 08:00:00,Jakarta,DKI Jakarta,Java,25.1,26.4,80.7
2026-09-14 09:00:00,Jakarta,DKI Jakarta,Java,26.4,27.8,83.1
2026-09-14 10:00:00,Jakarta,DKI Jakarta,Java,29.8,31.4,89.5
2026-09-14 11:00:00,Jakarta,DKI Jakarta,Java,36.3,38.2,103.0
2026-09-14 12:00:00,Jakarta,DKI Jakarta,Java,41.4,43.8,115.5
2026-09-14 13:00:00,Jakarta,DKI Jakarta,Java,55.9,59.0,151.3
2026-09-14 14:00:00,Jakarta,DKI Jakarta,Java,77.3,81.3,166.3
2026-09-14 15:00:00,Jakarta,DKI Jakarta,Java,102.2,106.4,183.7
2026-09-14 16:00:00,Jakarta,DKI Jakarta,Java,126.2,130.4,201.7
2026-09-14 17:00:00,Jakarta,DKI Jakarta,Java,141.1,145.8,216.5
2026-09-14 18:00:00,Jakarta,DKI Jakarta,Java,149.5,154.1,224.8
2026-09-14 19:00:00,Jakarta,DKI Jakarta,Java,157.4,162.1,232.6
2026-09-14 20:00:00,Jakarta,DKI Jakarta,Java,163.0,168.1,238.2
2026-09-14 21:00:00,Jakarta,DKI Jakarta,Java,167.2,171.8,242.3
2026-09-14 22:00:00,Jakarta,DKI Jakarta,Java,173.7,178.3,248.8
2026-09-14 23:00:00,Jakarta,DKI Jakarta,Java,186.7,190.9,261.6
2026-09-15 00:00:00,Jakarta,DKI Jakarta,Java,109.9,115.9,189.1
2026-09-15 01:00:00,Jakarta,DKI Jakarta,Java,75.0,79.9,164.7
2026-09-15 02:00:00,Jakarta,DKI Jakarta,Java,64.5,66.8,157.3
2026-09-15 03:00:00,Jakarta,DKI Jakarta,Java,51.3,53.2,139.9
2026-09-15 04:00:00,Jakarta,DKI Jakarta,Java,43.0,44.7,119.5
2026-09-15 05:00:00,Jakarta,DKI Jakarta,Java,41.6,43.0,116.0
2026-09-15 06:00:00,Jakarta,DKI Jakarta,Java,42.0,43.4,117.0
2026-09-15 07:00:00,Jakarta,DKI Jakarta,Java,42.5,43.7,118.2
2026-09-15 08:00:00,Jakarta,DKI Jakarta,Java,42.3,43.4,117.7
2026-09-15 09:00:00,Jakarta,DKI Jakarta,Java,40.5,41.7,113.3
2026-09-15 10:00:00,Jakarta,DKI Jakarta,Java,38.0,38.9,107.2
2026-09-15 11:00:00,Jakarta,DKI Jakarta,Java,36.4,37.4,103.2
2026-09-15 12:00:00,Jakarta,DKI Jakarta,Java,38.3,39.5,107.9
2026-09-15 13:00:00,Jakarta,DKI Jakarta,Java,48.5,49.7,133.0
2026-09-15 14:00:00,Jakarta,DKI Jakarta,Java,69.8,71.5,161.0
2026-09-15 15:00:00,Jakarta,DKI Jakarta,Java,92.7,95.2,177.1
2026-09-15 16:00:00,Jakarta,DKI Jakarta,Java,111.1,114.1,190.0
2026-09-15 17:00:00,Jakarta,DKI Jakarta,Java,121.1,124.8,197.0
2026-09-15 18:00:00,Jakarta,DKI Jakarta,Java,126.2,129.9,201.7
2026-09-15 19:00:00,Jakarta,DKI Jakarta,Java,135.0,138.3,210.4
2026-09-15 20:00:00,Jakarta,DKI Jakarta,Java,141.1,144.4,216.5
2026-09-15 21:00:00,Jakarta,DKI Jakarta,Java,143.0,146.2,218.3
2026-09-15 22:00:00,Jakarta,DKI Jakarta,Java,142.0,144.8,217.4
2026-09-15 23:00:00,Jakarta,DKI Jakarta,Java,150.9,153.7,226.2
2026-09-16 00:00:00,Jakarta,DKI Jakarta,Java,138.3,142.0,213.7
2026-09-16 01:00:00,Jakarta,DKI Jakarta,Java,74.3,77.8,164.2
2026-09-16 02:00:00,Jakarta,DKI Jakarta,Java,65.9,68.5,158.3
2026-09-16 03:00:00,Jakarta,DKI Jakarta,Java,61.5,62.9,155.2
2026-09-16 04:00:00,Jakarta,DKI Jakarta,Java,52.3,53.8,142.4
2026-09-16 05:00:00,Jakarta,DKI Jakarta,Java,52.3,53.7,142.4
2026-09-16 06:00:00,Jakarta,DKI Jakarta,Java,54.1,55.5,146.8
2026-09-16 07:00:00,Jakarta,DKI Jakarta,Java,54.5,55.8,147.8
2026-09-16 08:00:00,Jakarta,DKI Jakarta,Java,54.0,55.3,146.6
2026-09-16 09:00:00,Jakarta,DKI Jakarta,Java,53.6,54.9,145.6
2026-09-16 10:00:00,Jakarta,DKI Jakarta,Java,52.3,53.8,142.4
2026-09-16 11:00:00,Jakarta,DKI Jakarta,Java,47.6,49.7,130.8
2026-09-16 12:00:00,Jakarta,DKI Jakarta,Java,47.0,50.4,129.3
2026-09-16 13:00:00,Jakarta,DKI Jakarta,Java,50.2,54.1,137.2
2026-09-16 14:00:00,Jakarta,DKI Jakarta,Java,58.1,62.4,152.8
2026-09-16 15:00:00,Jakarta,DKI Jakarta,Java,70.1,74.7,161.2
2026-09-16 16:00:00,Jakarta,DKI Jakarta,Java,85.2,89.9,171.8
2026-09-16 17:00:00,Jakarta,DKI Jakarta,Java,98.7,103.4,181.3
2026-09-16 18:00:00,Jakarta,DKI Jakarta,Java,110.4,115.0,189.5
2026-09-16 19:00:00,Jakarta,DKI Jakarta,Java,121.1,126.2,197.0
2026-09-16 20:00:00,Jakarta,DKI Jakarta,Java,132.2,137.4,207.6
2026-09-16 21:00:00,Jakarta,DKI Jakarta,Java,144.4,149.9,219.7
2026-09-16 22:00:00,Jakarta,DKI Jakarta,Java,157.9,163.4,233.1
2026-09-16 23:00:00,Jakarta,DKI Jakarta,Java,180.2,185.8,255.2
2026-09-07 00:00:00,Bandung,Jawa Barat,Java,14.3,14.8,60.4
2026-09-07 01:00:00,Bandung,Jawa Barat,Java,24.6,25.3,79.7
2026-09-07 02:00:00,Bandung,Jawa Barat,Java,24.3,25.1,79.2
2026-09-07 03:00:00,Bandung,Jawa Barat,Java,24.0,24.9,78.6
2026-09-07 04:00:00,Bandung,Jawa Barat,Java,25.7,26.5,81.8
2026-09-07 05:00:00,Bandung,Jawa Barat,Java,28.9,29.8,87.8
2026-09-07 06:00:00,Bandung,Jawa Barat,Java,32.2,33.2,94.0
2026-09-07 07:00:00,Bandung,Jawa Barat,Java,34.6,35.6,98.5
2026-09-07 08:00:00,Bandung,Jawa Barat,Java,36.6,37.6,103.7
2026-09-07 09:00:00,Bandung,Jawa Barat,Java,38.9,40.0,109.4
2026-09-07 10:00:00,Bandung,Jawa Barat,Java,43.8,44.9,121.4
2026-09-07 11:00:00,Bandung,Jawa Barat,Java,62.4,63.8,155.8
2026-09-07 12:00:00,Bandung,Jawa Barat,Java,77.3,81.3,166.3
2026-09-07 13:00:00,Bandung,Jawa Barat,Java,103.1,107.8,184.4
2026-09-07 14:00:00,Bandung,Jawa Barat,Java,118.0,122.9,194.8
2026-09-07 15:00:00,Bandung,Jawa Barat,Java,125.7,129.9,201.2
2026-09-07 16:00:00,Bandung,Jawa Barat,Java,128.5,132.7,204.0
2026-09-07 17:00:00,Bandung,Jawa Barat,Java,128.1,131.8,203.6
2026-09-07 18:00:00,Bandung,Jawa Barat,Java,126.2,129.5,201.7
2026-09-07 19:00:00,Bandung,Jawa Barat,Java,124.8,128.1,199.6
2026-09-07 20:00:00,Bandung,Jawa Barat,Java,122.0,125.3,197.6
2026-09-07 21:00:00,Bandung,Jawa Barat,Java,112.7,117.6,191.1
2026-09-07 22:00:00,Bandung,Jawa Barat,Java,114.1,118.7,192.1
2026-09-07 23:00:00,Bandung,Jawa Barat,Java,125.3,129.0,199.9
2026-09-08 00:00:00,Bandung,Jawa Barat,Java,162.1,168.6,237.3
2026-09-08 01:00:00,Bandung,Jawa Barat,Java,110.6,115.5,189.6
2026-09-08 02:00:00,Bandung,Jawa Barat,Java,99.4,102.7,181.8
2026-09-08 03:00:00,Bandung,Jawa Barat,Java,96.6,100.4,179.8
2026-09-08 04:00:00,Bandung,Jawa Barat,Java,94.3,98.3,178.2
2026-09-08 05:00:00,Bandung,Jawa Barat,Java,93.6,97.3,177.7
2026-09-08 06:00:00,Bandung,Jawa Barat,Java,94.3,98.0,178.2
2026-09-08 07:00:00,Bandung,Jawa Barat,Java,93.8,96.9,177.8
2026-09-08 08:00:00,Bandung,Jawa Barat,Java,92.4,95.5,176.9
2026-09-08 09:00:00,Bandung,Jawa Barat,Java,91.7,94.5,176.4
2026-09-08 10:00:00,Bandung,Jawa Barat,Java,96.4,99.2,179.7
2026-09-08 11:00:00,Bandung,Jawa Barat,Java,115.0,117.8,192.7
2026-09-08 12:00:00,Bandung,Jawa Barat,Java,146.7,149.5,222.0
2026-09-08 13:00:00,Bandung,Jawa Barat,Java,156.5,159.3,231.7
2026-09-08 14:00:00,Bandung,Jawa Barat,Java,146.2,148.5,221.5
2026-09-08 15:00:00,Bandung,Jawa Barat,Java,148.1,150.9,223.4
2026-09-08 16:00:00,Bandung,Jawa Barat,Java,137.4,139.2,212.8
2026-09-08 17:00:00,Bandung,Jawa Barat,Java,119.2,121.1,195.7
2026-09-08 18:00:00,Bandung,Jawa Barat,Java,108.7,110.4,188.3
2026-09-08 19:00:00,Bandung,Jawa Barat,Java,105.7,107.1,186.2
2026-09-08 20:00:00,Bandung,Jawa Barat,Java,100.1,101.3,182.3
2026-09-08 21:00:00,Bandung,Jawa Barat,Java,94.1,95.0,178.1
2026-09-08 22:00:00,Bandung,Jawa Barat,Java,90.1,91.0,175.3
2026-09-08 23:00:00,Bandung,Jawa Barat,Java,93.8,94.8,177.8
2026-09-09 00:00:00,Bandung,Jawa Barat,Java,40.0,40.3,112.1
2026-09-09 01:00:00,Bandung,Jawa Barat,Java,28.9,29.2,87.8
2026-09-09 02:00:00,Bandung,Jawa Barat,Java,25.9,26.3,82.2
2026-09-09 03:00:00,Bandung,Jawa Barat,Java,32.6,33.1,94.7
2026-09-09 04:00:00,Bandung,Jawa Barat,Java,40.2,40.5,112.6
2026-09-09 05:00:00,Bandung,Jawa Barat,Java,47.0,47.4,129.3
2026-09-09 06:00:00,Bandung,Jawa Barat,Java,53.7,54.0,145.8
2026-09-09 07:00:00,Bandung,Jawa Barat,Java,53.2,53.6,144.6
2026-09-09 08:00:00,Bandung,Jawa Barat,Java,53.7,54.1,145.8
2026-09-09 09:00:00,Bandung,Jawa Barat,Java,55.2,55.6,149.5
2026-09-09 10:00:00,Bandung,Jawa Barat,Java,59.4,60.1,153.7
2026-09-09 11:00:00,Bandung,Jawa Barat,Java,75.7,76.4,165.2
2026-09-09 12:00:00,Bandung,Jawa Barat,Java,92.2,93.8,176.7
2026-09-09 13:00:00,Bandung,Jawa Barat,Java,104.5,105.9,185.3
2026-09-09 14:00:00,Bandung,Jawa Barat,Java,115.7,117.1,193.2
2026-09-09 15:00:00,Bandung,Jawa Barat,Java,123.4,125.3,198.6
2026-09-09 16:00:00,Bandung,Jawa Barat,Java,125.3,126.7,199.9
2026-09-09 17:00:00,Bandung,Jawa Barat,Java,124.8,126.7,199.6
2026-09-09 18:00:00,Bandung,Jawa Barat,Java,119.2,121.1,195.7
2026-09-09 19:00:00,Bandung,Jawa Barat,Java,115.5,117.3,193.1
2026-09-09 20:00:00,Bandung,Jawa Barat,Java,122.9,124.8,198.2
2026-09-09 21:00:00,Bandung,Jawa Barat,Java,128.1,129.9,203.6
2026-09-09 22:00:00,Bandung,Jawa Barat,Java,92.2,93.6,176.7
2026-09-09 23:00:00,Bandung,Jawa Barat,Java,109.7,111.3,189.0
2026-09-10 00:00:00,Bandung,Jawa Barat,Java,120.1,122.0,196.3
2026-09-10 01:00:00,Bandung,Jawa Barat,Java,80.1,81.7,168.2
2026-09-10 02:00:00,Bandung,Jawa Barat,Java,68.9,70.8,160.4
2026-09-10 03:00:00,Bandung,Jawa Barat,Java,67.1,68.7,159.1
2026-09-10 04:00:00,Bandung,Jawa Barat,Java,66.1,67.3,158.4
2026-09-10 05:00:00,Bandung,Jawa Barat,Java,66.8,68.0,158.9
2026-09-10 06:00:00,Bandung,Jawa Barat,Java,69.2,70.5,160.6
2026-09-10 07:00:00,Bandung,Jawa Barat,Java,68.9,70.5,160.4
2026-09-10 08:00:00,Bandung,Jawa Barat,Java,69.4,71.2,160.7
2026-09-10 09:00:00,Bandung,Jawa Barat,Java,75.0,76.6,164.7
2026-09-10 10:00:00,Bandung,Jawa Barat,Java,85.2,86.8,171.8
2026-09-10 11:00:00,Bandung,Jawa Barat,Java,101.7,103.4,183.4
2026-09-10 12:00:00,Bandung,Jawa Barat,Java,106.9,109.0,187.0
2026-09-10 13:00:00,Bandung,Jawa Barat,Java,125.7,127.6,201.2
2026-09-10 14:00:00,Bandung,Jawa Barat,Java,105.7,107.3,186.2
2026-09-10 15:00:00,Bandung,Jawa Barat,Java,121.1,122.9,197.0
2026-09-10 16:00:00,Bandung,Jawa Barat,Java,131.3,133.6,206.7
2026-09-10 17:00:00,Bandung,Jawa Barat,Java,114.8,117.1,192.6
2026-09-10 18:00:00,Bandung,Jawa Barat,Java,116.4,118.5,193.7
2026-09-10 19:00:00,Bandung,Jawa Barat,Java,122.0,123.9,197.6
2026-09-10 20:00:00,Bandung,Jawa Barat,Java,123.9,125.7,198.9
2026-09-10 21:00:00,Bandung,Jawa Barat,Java,127.1,128.5,202.6
2026-09-10 22:00:00,Bandung,Jawa Barat,Java,129.5,130.9,205.0
2026-09-10 23:00:00,Bandung,Jawa Barat,Java,134.1,135.5,209.5
2026-09-11 00:00:00,Bandung,Jawa Barat,Java,108.3,110.1,188.0
2026-09-11 01:00:00,Bandung,Jawa Barat,Java,90.8,92.7,175.7
2026-09-11 02:00:00,Bandung,Jawa Barat,Java,69.4,71.7,160.7
2026-09-11 03:00:00,Bandung,Jawa Barat,Java,64.7,67.3,157.4
2026-09-11 04:00:00,Bandung,Jawa Barat,Java,62.4,64.7,155.8
2026-09-11 05:00:00,Bandung,Jawa Barat,Java,60.1,62.2,154.2
2026-09-11 06:00:00,Bandung,Jawa Barat,Java,59.3,61.5,153.7
2026-09-11 07:00:00,Bandung,Jawa Barat,Java,59.0,61.2,153.5
2026-09-11 08:00:00,Bandung,Jawa Barat,Java,57.9,60.1,152.7
2026-09-11 09:00:00,Bandung,Jawa Barat,Java,57.5,59.8,152.4
2026-09-11 10:00:00,Bandung,Jawa Barat,Java,67.5,69.8,159.4
2026-09-11 11:00:00,Bandung,Jawa Barat,Java,96.9,99.2,180.0
2026-09-11 12:00:00,Bandung,Jawa Barat,Java,109.2,111.3,188.6
2026-09-11 13:00:00,Bandung,Jawa Barat,Java,133.2,135.5,208.6
2026-09-11 14:00:00,Bandung,Jawa Barat,Java,149.0,151.3,224.3
2026-09-11 15:00:00,Bandung,Jawa Barat,Java,157.9,160.7,233.1
2026-09-11 16:00:00,Bandung,Jawa Barat,Java,129.0,131.3,204.5
2026-09-11 17:00:00,Bandung,Jawa Barat,Java,122.5,124.8,198.0
2026-09-11 18:00:00,Bandung,Jawa Barat,Java,120.6,122.9,196.6
2026-09-11 19:00:00,Bandung,Jawa Barat,Java,136.4,138.3,211.8
2026-09-11 20:00:00,Bandung,Jawa Barat,Java,150.4,151.8,225.7
2026-09-11 21:00:00,Bandung,Jawa Barat,Java,147.6,149.0,222.9
2026-09-11 22:00:00,Bandung,Jawa Barat,Java,136.9,138.3,212.3
2026-09-11 23:00:00,Bandung,Jawa Barat,Java,137.4,138.3,212.8
2026-09-12 00:00:00,Bandung,Jawa Barat,Java,136.0,138.3,211.4
2026-09-12 01:00:00,Bandung,Jawa Barat,Java,104.3,106.6,185.2
2026-09-12 02:00:00,Bandung,Jawa Barat,Java,80.8,83.4,168.7
2026-09-12 03:00:00,Bandung,Jawa Barat,Java,67.3,69.8,159.3
2026-09-12 04:00:00,Bandung,Jawa Barat,Java,56.3,58.6,151.6
2026-09-12 05:00:00,Bandung,Jawa Barat,Java,50.9,52.7,138.9
2026-09-12 06:00:00,Bandung,Jawa Barat,Java,47.1,48.9,129.6
2026-09-12 07:00:00,Bandung,Jawa Barat,Java,44.4,45.9,122.9
2026-09-12 08:00:00,Bandung,Jawa Barat,Java,42.4,43.9,118.0
2026-09-12 09:00:00,Bandung,Jawa Barat,Java,42.3,43.8,117.7
2026-09-12 10:00:00,Bandung,Jawa Barat,Java,44.5,46.0,123.2
2026-09-12 11:00:00,Bandung,Jawa Barat,Java,64.7,66.4,157.4
2026-09-12 12:00:00,Bandung,Jawa Barat,Java,84.3,85.2,171.2
2026-09-12 13:00:00,Bandung,Jawa Barat,Java,94.5,95.2,178.3
2026-09-12 14:00:00,Bandung,Jawa Barat,Java,125.7,126.7,201.2
2026-09-12 15:00:00,Bandung,Jawa Barat,Java,152.7,153.7,228.0
2026-09-12 16:00:00,Bandung,Jawa Barat,Java,166.7,167.6,241.8
2026-09-12 17:00:00,Bandung,Jawa Barat,Java,161.6,162.1,236.8
2026-09-12 18:00:00,Bandung,Jawa Barat,Java,159.3,159.7,234.5
2026-09-12 19:00:00,Bandung,Jawa Barat,Java,163.9,164.8,239.1
2026-09-12 20:00:00,Bandung,Jawa Barat,Java,173.2,173.7,248.3
2026-09-12 21:00:00,Bandung,Jawa Barat,Java,178.8,179.3,253.8
2026-09-12 22:00:00,Bandung,Jawa Barat,Java,174.6,175.6,249.7
2026-09-12 23:00:00,Bandung,Jawa Barat,Java,172.3,172.8,247.4
2026-09-13 00:00:00,Bandung,Jawa Barat,Java,99.2,99.7,181.6
2026-09-13 01:00:00,Bandung,Jawa Barat,Java,62.9,63.3,156.2
2026-09-13 02:00:00,Bandung,Jawa Barat,Java,49.6,50.1,135.7
2026-09-13 03:00:00,Bandung,Jawa Barat,Java,33.1,33.5,95.7
2026-09-13 04:00:00,Bandung,Jawa Barat,Java,24.6,24.9,79.7
2026-09-13 05:00:00,Bandung,Jawa Barat,Java,19.3,19.7,69.8
2026-09-13 06:00:00,Bandung,Jawa Barat,Java,15.7,16.2,63.0
2026-09-13 07:00:00,Bandung,Jawa Barat,Java,14.0,14.7,59.8
2026-09-13 08:00:00,Bandung,Jawa Barat,Java,14.5,15.2,60.8
2026-09-13 09:00:00,Bandung,Jawa Barat,Java,16.7,17.5,64.9
2026-09-13 10:00:00,Bandung,Jawa Barat,Java,23.2,24.1,77.1
2026-09-13 11:00:00,Bandung,Jawa Barat,Java,46.4,47.5,127.8
2026-09-13 12:00:00,Bandung,Jawa Barat,Java,77.3,79.4,166.3
2026-09-13 13:00:00,Bandung,Jawa Barat,Java,101.5,105.5,183.2
2026-09-13 14:00:00,Bandung,Jawa Barat,Java,124.3,128.1,199.2
2026-09-13 15:00:00,Bandung,Jawa Barat,Java,144.4,147.6,219.7
2026-09-13 16:00:00,Bandung,Jawa Barat,Java,149.5,151.3,224.8
2026-09-13 17:00:00,Bandung,Jawa Barat,Java,145.8,147.6,221.1
2026-09-13 18:00:00,Bandung,Jawa Barat,Java,126.2,129.0,201.7
2026-09-13 19:00:00,Bandung,Jawa Barat,Java,125.3,127.1,199.9
2026-09-13 20:00:00,Bandung,Jawa Barat,Java,116.6,118.7,193.8
2026-09-13 21:00:00,Bandung,Jawa Barat,Java,117.6,119.2,194.5
2026-09-13 22:00:00,Bandung,Jawa Barat,Java,115.9,117.3,193.3
2026-09-13 23:00:00,Bandung,Jawa Barat,Java,103.8,105.5,184.9
2026-09-14 00:00:00,Bandung,Jawa Barat,Java,76.6,78.5,165.8
2026-09-14 01:00:00,Bandung,Jawa Barat,Java,60.3,64.7,154.4
2026-09-14 02:00:00,Bandung,Jawa Barat,Java,47.6,53.6,130.8
2026-09-14 03:00:00,Bandung,Jawa Barat,Java,40.6,45.5,113.6
2026-09-14 04:00:00,Bandung,Jawa Barat,Java,34.0,37.7,97.4
2026-09-14 05:00:00,Bandung,Jawa Barat,Java,28.8,31.5,87.6
2026-09-14 06:00:00,Bandung,Jawa Barat,Java,24.7,26.6,79.9
2026-09-14 07:00:00,Bandung,Jawa Barat,Java,22.4,23.7,75.6
2026-09-14 08:00:00,Bandung,Jawa Barat,Java,22.2,23.6,75.2
2026-09-14 09:00:00,Bandung,Jawa Barat,Java,23.9,25.4,78.4
2026-09-14 10:00:00,Bandung,Jawa Barat,Java,31.1,32.7,91.9
2026-09-14 11:00:00,Bandung,Jawa Barat,Java,56.3,58.1,151.6
2026-09-14 12:00:00,Bandung,Jawa Barat,Java,89.2,92.0,174.6
2026-09-14 13:00:00,Bandung,Jawa Barat,Java,119.7,123.9,196.0
2026-09-14 14:00:00,Bandung,Jawa Barat,Java,149.5,154.1,224.8
2026-09-14 15:00:00,Bandung,Jawa Barat,Java,174.2,177.9,249.3
2026-09-14 16:00:00,Bandung,Jawa Barat,Java,179.7,182.5,254.7
2026-09-14 17:00:00,Bandung,Jawa Barat,Java,129.9,133.6,205.4
2026-09-14 18:00:00,Bandung,Jawa Barat,Java,134.1,137.4,209.5
2026-09-14 19:00:00,Bandung,Jawa Barat,Java,133.6,136.0,209.0
2026-09-14 20:00:00,Bandung,Jawa Barat,Java,120.6,121.5,196.6
2026-09-14 21:00:00,Bandung,Jawa Barat,Java,115.7,116.4,193.2
2026-09-14 22:00:00,Bandung,Jawa Barat,Java,110.1,110.6,189.3
2026-09-14 23:00:00,Bandung,Jawa Barat,Java,107.8,108.3,187.7
2026-09-15 00:00:00,Bandung,Jawa Barat,Java,92.4,92.7,176.9
2026-09-15 01:00:00,Bandung,Jawa Barat,Java,53.7,56.3,145.8
2026-09-15 02:00:00,Bandung,Jawa Barat,Java,36.3,40.2,103.0
2026-09-15 03:00:00,Bandung,Jawa Barat,Java,32.4,36.7,94.4
2026-09-15 04:00:00,Bandung,Jawa Barat,Java,31.7,36.3,93.1
2026-09-15 05:00:00,Bandung,Jawa Barat,Java,30.4,34.3,90.6
2026-09-15 06:00:00,Bandung,Jawa Barat,Java,28.1,30.7,86.3
2026-09-15 07:00:00,Bandung,Jawa Barat,Java,26.3,27.9,82.9
2026-09-15 08:00:00,Bandung,Jawa Barat,Java,24.6,25.7,79.7
2026-09-15 09:00:00,Bandung,Jawa Barat,Java,24.1,24.9,78.8
2026-09-15 10:00:00,Bandung,Jawa Barat,Java,26.8,27.5,83.9
2026-09-15 11:00:00,Bandung,Jawa Barat,Java,46.2,46.9,127.3
2026-09-15 12:00:00,Bandung,Jawa Barat,Java,64.7,65.7,157.4
2026-09-15 13:00:00,Bandung,Jawa Barat,Java,96.6,99.0,179.8
2026-09-15 14:00:00,Bandung,Jawa Barat,Java,114.3,117.6,192.2
2026-09-15 15:00:00,Bandung,Jawa Barat,Java,122.0,125.3,197.6
2026-09-15 16:00:00,Bandung,Jawa Barat,Java,134.6,137.8,210.0
2026-09-15 17:00:00,Bandung,Jawa Barat,Java,136.4,139.2,211.8
2026-09-15 18:00:00,Bandung,Jawa Barat,Java,134.6,136.9,210.0
2026-09-15 19:00:00,Bandung,Jawa Barat,Java,132.7,134.6,208.1
2026-09-15 20:00:00,Bandung,Jawa Barat,Java,126.7,128.1,202.2
2026-09-15 21:00:00,Bandung,Jawa Barat,Java,119.7,121.1,196.0
2026-09-15 22:00:00,Bandung,Jawa Barat,Java,111.8,112.9,190.5
2026-09-15 23:00:00,Bandung,Jawa Barat,Java,107.6,108.5,187.5
2026-09-16 00:00:00,Bandung,Jawa Barat,Java,99.4,101.0,181.8
2026-09-16 01:00:00,Bandung,Jawa Barat,Java,56.2,57.7,151.5
2026-09-16 02:00:00,Bandung,Jawa Barat,Java,46.8,48.0,128.8
2026-09-16 03:00:00,Bandung,Jawa Barat,Java,49.2,50.5,134.7
2026-09-16 04:00:00,Bandung,Jawa Barat,Java,44.1,45.4,122.2
2026-09-16 05:00:00,Bandung,Jawa Barat,Java,45.2,46.4,124.9
2026-09-16 06:00:00,Bandung,Jawa Barat,Java,49.4,50.8,135.2
2026-09-16 07:00:00,Bandung,Jawa Barat,Java,51.1,52.5,139.4
2026-09-16 08:00:00,Bandung,Jawa Barat,Java,52.0,53.3,141.6
2026-09-16 09:00:00,Bandung,Jawa Barat,Java,52.0,53.4,141.6
2026-09-16 10:00:00,Bandung,Jawa Barat,Java,56.6,58.0,151.8
2026-09-16 11:00:00,Bandung,Jawa Barat,Java,78.5,79.9,167.1
2026-09-16 12:00:00,Bandung,Jawa Barat,Java,109.4,110.6,188.8
2026-09-16 13:00:00,Bandung,Jawa Barat,Java,134.1,135.5,209.5
2026-09-16 14:00:00,Bandung,Jawa Barat,Java,156.0,157.4,231.2
2026-09-16 15:00:00,Bandung,Jawa Barat,Java,174.2,175.6,249.3
2026-09-16 16:00:00,Bandung,Jawa Barat,Java,183.5,185.8,258.5
2026-09-16 17:00:00,Bandung,Jawa Barat,Java,134.6,136.4,210.0
2026-09-16 18:00:00,Bandung,Jawa Barat,Java,106.6,109.4,186.8
2026-09-16 19:00:00,Bandung,Jawa Barat,Java,119.7,123.9,196.0
2026-09-16 20:00:00,Bandung,Jawa Barat,Java,127.6,131.3,203.1
2026-09-16 21:00:00,Bandung,Jawa Barat,Java,132.2,134.6,207.6
2026-09-16 22:00:00,Bandung,Jawa Barat,Java,132.7,133.6,208.1
2026-09-16 23:00:00,Bandung,Jawa Barat,Java,134.6,135.5,210.0
2026-09-07 00:00:00,Semarang,Jawa Tengah,Java,16.6,19.6,64.7
2026-09-07 01:00:00,Semarang,Jawa Tengah,Java,20.4,23.8,71.8
2026-09-07 02:00:00,Semarang,Jawa Tengah,Java,23.0,27.5,76.7
2026-09-07 03:00:00,Semarang,Jawa Tengah,Java,25.4,30.9,81.2
2026-09-07 04:00:00,Semarang,Jawa Tengah,Java,27.5,33.5,85.2
2026-09-07 05:00:00,Semarang,Jawa Tengah,Java,29.7,36.0,89.3
2026-09-07 06:00:00,Semarang,Jawa Tengah,Java,33.4,39.9,96.2
2026-09-07 07:00:00,Semarang,Jawa Tengah,Java,39.2,46.6,110.1
2026-09-07 08:00:00,Semarang,Jawa Tengah,Java,43.9,52.0,121.7
2026-09-07 09:00:00,Semarang,Jawa Tengah,Java,43.9,51.6,121.7
2026-09-07 10:00:00,Semarang,Jawa Tengah,Java,41.2,48.2,115.0
2026-09-07 11:00:00,Semarang,Jawa Tengah,Java,38.6,45.2,108.6
2026-09-07 12:00:00,Semarang,Jawa Tengah,Java,43.1,53.7,119.7
2026-09-07 13:00:00,Semarang,Jawa Tengah,Java,39.8,49.4,111.6
2026-09-07 14:00:00,Semarang,Jawa Tengah,Java,37.3,46.1,105.4
2026-09-07 15:00:00,Semarang,Jawa Tengah,Java,36.7,45.3,104.0
2026-09-07 16:00:00,Semarang,Jawa Tengah,Java,40.6,49.1,113.6
2026-09-07 17:00:00,Semarang,Jawa Tengah,Java,44.0,52.4,121.9
2026-09-07 18:00:00,Semarang,Jawa Tengah,Java,47.0,54.9,129.3
2026-09-07 19:00:00,Semarang,Jawa Tengah,Java,48.2,55.4,132.3
2026-09-07 20:00:00,Semarang,Jawa Tengah,Java,46.2,52.6,127.3
2026-09-07 21:00:00,Semarang,Jawa Tengah,Java,41.8,47.1,116.5
2026-09-07 22:00:00,Semarang,Jawa Tengah,Java,36.4,40.6,103.2
2026-09-07 23:00:00,Semarang,Jawa Tengah,Java,30.5,33.6,90.8
2026-09-08 00:00:00,Semarang,Jawa Tengah,Java,26.9,29.6,84.0
2026-09-08 01:00:00,Semarang,Jawa Tengah,Java,23.4,26.0,77.5
2026-09-08 02:00:00,Semarang,Jawa Tengah,Java,21.7,25.0,74.3
2026-09-08 03:00:00,Semarang,Jawa Tengah,Java,23.6,28.4,77.8
2026-09-08 04:00:00,Semarang,Jawa Tengah,Java,27.8,33.8,85.7
2026-09-08 05:00:00,Semarang,Jawa Tengah,Java,31.1,37.5,91.9
2026-09-08 06:00:00,Semarang,Jawa Tengah,Java,33.9,39.8,97.2
2026-09-08 07:00:00,Semarang,Jawa Tengah,Java,36.9,42.6,104.4
2026-09-08 08:00:00,Semarang,Jawa Tengah,Java,39.3,46.3,110.4
2026-09-08 09:00:00,Semarang,Jawa Tengah,Java,39.5,46.2,110.8
2026-09-08 10:00:00,Semarang,Jawa Tengah,Java,40.3,46.8,112.8
2026-09-08 11:00:00,Semarang,Jawa Tengah,Java,42.5,48.9,118.2
2026-09-08 12:00:00,Semarang,Jawa Tengah,Java,60.3,72.4,154.4
2026-09-08 13:00:00,Semarang,Jawa Tengah,Java,60.5,71.5,154.5
2026-09-08 14:00:00,Semarang,Jawa Tengah,Java,57.7,67.5,152.5
2026-09-08 15:00:00,Semarang,Jawa Tengah,Java,53.4,61.7,145.1
2026-09-08 16:00:00,Semarang,Jawa Tengah,Java,44.5,51.0,123.2
2026-09-08 17:00:00,Semarang,Jawa Tengah,Java,34.6,39.3,98.5
2026-09-08 18:00:00,Semarang,Jawa Tengah,Java,25.1,28.3,80.7
2026-09-08 19:00:00,Semarang,Jawa Tengah,Java,17.5,19.8,66.4
2026-09-08 20:00:00,Semarang,Jawa Tengah,Java,13.6,15.7,59.1
2026-09-08 21:00:00,Semarang,Jawa Tengah,Java,13.0,15.4,57.9
2026-09-08 22:00:00,Semarang,Jawa Tengah,Java,13.8,16.4,59.4
2026-09-08 23:00:00,Semarang,Jawa Tengah,Java,15.4,18.3,62.5
2026-09-09 00:00:00,Semarang,Jawa Tengah,Java,18.7,21.7,68.6
2026-09-09 01:00:00,Semarang,Jawa Tengah,Java,22.6,26.1,76.0
2026-09-09 02:00:00,Semarang,Jawa Tengah,Java,24.7,28.8,79.9
2026-09-09 03:00:00,Semarang,Jawa Tengah,Java,27.2,32.5,84.6
2026-09-09 04:00:00,Semarang,Jawa Tengah,Java,29.5,35.5,88.9
2026-09-09 05:00:00,Semarang,Jawa Tengah,Java,31.5,38.0,92.7
2026-09-09 06:00:00,Semarang,Jawa Tengah,Java,34.9,41.8,99.1
2026-09-09 07:00:00,Semarang,Jawa Tengah,Java,40.4,48.0,113.1
2026-09-09 08:00:00,Semarang,Jawa Tengah,Java,42.8,51.0,119.0
2026-09-09 09:00:00,Semarang,Jawa Tengah,Java,40.7,48.2,113.8
2026-09-09 10:00:00,Semarang,Jawa Tengah,Java,37.4,44.4,105.7
2026-09-09 11:00:00,Semarang,Jawa Tengah,Java,34.3,41.2,97.9
2026-09-09 12:00:00,Semarang,Jawa Tengah,Java,41.4,51.0,115.5
2026-09-09 13:00:00,Semarang,Jawa Tengah,Java,39.5,48.7,110.8
2026-09-09 14:00:00,Semarang,Jawa Tengah,Java,39.5,48.3,110.8
2026-09-09 15:00:00,Semarang,Jawa Tengah,Java,41.8,51.0,116.5
2026-09-09 16:00:00,Semarang,Jawa Tengah,Java,47.6,57.2,130.8
2026-09-09 17:00:00,Semarang,Jawa Tengah,Java,52.6,62.6,143.1
2026-09-09 18:00:00,Semarang,Jawa Tengah,Java,55.6,65.2,151.1
2026-09-09 19:00:00,Semarang,Jawa Tengah,Java,55.9,64.7,151.3
2026-09-09 20:00:00,Semarang,Jawa Tengah,Java,53.4,61.2,145.1
2026-09-09 21:00:00,Semarang,Jawa Tengah,Java,47.0,53.2,129.3
2026-09-09 22:00:00,Semarang,Jawa Tengah,Java,38.9,43.7,109.4
2026-09-09 23:00:00,Semarang,Jawa Tengah,Java,31.7,35.2,93.1
2026-09-10 00:00:00,Semarang,Jawa Tengah,Java,28.4,32.0,86.9
2026-09-10 01:00:00,Semarang,Jawa Tengah,Java,25.6,29.2,81.6
2026-09-10 02:00:00,Semarang,Jawa Tengah,Java,26.3,31.2,82.9
2026-09-10 03:00:00,Semarang,Jawa Tengah,Java,33.6,40.9,96.6
2026-09-10 04:00:00,Semarang,Jawa Tengah,Java,39.2,47.4,110.1
2026-09-10 05:00:00,Semarang,Jawa Tengah,Java,43.3,51.8,120.2
2026-09-10 06:00:00,Semarang,Jawa Tengah,Java,46.8,54.8,128.8
2026-09-10 07:00:00,Semarang,Jawa Tengah,Java,51.5,60.1,140.4
2026-09-10 08:00:00,Semarang,Jawa Tengah,Java,55.4,64.0,150.0
2026-09-10 09:00:00,Semarang,Jawa Tengah,Java,56.5,65.2,151.7
2026-09-10 10:00:00,Semarang,Jawa Tengah,Java,53.9,61.9,146.3
2026-09-10 11:00:00,Semarang,Jawa Tengah,Java,50.4,58.1,137.7
2026-09-10 12:00:00,Semarang,Jawa Tengah,Java,47.3,55.9,130.1
2026-09-10 13:00:00,Semarang,Jawa Tengah,Java,44.1,52.4,122.2
2026-09-10 14:00:00,Semarang,Jawa Tengah,Java,42.8,51.2,119.0
2026-09-10 15:00:00,Semarang,Jawa Tengah,Java,43.0,51.6,119.5
2026-09-10 16:00:00,Semarang,Jawa Tengah,Java,44.2,53.1,122.4
2026-09-10 17:00:00,Semarang,Jawa Tengah,Java,44.8,53.8,123.9
2026-09-10 18:00:00,Semarang,Jawa Tengah,Java,46.3,54.9,127.6
2026-09-10 19:00:00,Semarang,Jawa Tengah,Java,48.8,56.6,133.7
2026-09-10 20:00:00,Semarang,Jawa Tengah,Java,51.2,58.7,139.7
2026-09-10 21:00:00,Semarang,Jawa Tengah,Java,53.6,61.0,145.6
2026-09-10 22:00:00,Semarang,Jawa Tengah,Java,56.1,63.3,151.4
2026-09-10 23:00:00,Semarang,Jawa Tengah,Java,57.9,64.5,152.7
2026-09-11 00:00:00,Semarang,Jawa Tengah,Java,48.7,53.7,133.5
2026-09-11 01:00:00,Semarang,Jawa Tengah,Java,46.1,51.5,127.1
2026-09-11 02:00:00,Semarang,Jawa Tengah,Java,41.8,48.1,116.5
2026-09-11 03:00:00,Semarang,Jawa Tengah,Java,41.9,49.1,116.8
2026-09-11 04:00:00,Semarang,Jawa Tengah,Java,41.9,46.0,116.8
2026-09-11 05:00:00,Semarang,Jawa Tengah,Java,45.4,48.0,125.4
2026-09-11 06:00:00,Semarang,Jawa Tengah,Java,49.8,52.4,136.2
2026-09-11 07:00:00,Semarang,Jawa Tengah,Java,56.5,59.0,151.7
2026-09-11 08:00:00,Semarang,Jawa Tengah,Java,63.1,65.9,156.3
2026-09-11 09:00:00,Semarang,Jawa Tengah,Java,62.6,65.9,156.0
2026-09-11 10:00:00,Semarang,Jawa Tengah,Java,54.2,57.6,147.0
2026-09-11 11:00:00,Semarang,Jawa Tengah,Java,38.0,41.1,107.2
2026-09-11 12:00:00,Semarang,Jawa Tengah,Java,12.5,15.5,57.0
2026-09-11 13:00:00,Semarang,Jawa Tengah,Java,7.6,9.7,41.3
2026-09-11 14:00:00,Semarang,Jawa Tengah,Java,8.0,9.7,43.5
2026-09-11 15:00:00,Semarang,Jawa Tengah,Java,11.7,13.3,55.5
2026-09-11 16:00:00,Semarang,Jawa Tengah,Java,14.6,16.3,61.0
2026-09-11 17:00:00,Semarang,Jawa Tengah,Java,15.8,17.6,63.2
2026-09-11 18:00:00,Semarang,Jawa Tengah,Java,18.3,20.4,67.9
2026-09-11 19:00:00,Semarang,Jawa Tengah,Java,22.0,24.4,74.8
2026-09-11 20:00:00,Semarang,Jawa Tengah,Java,23.9,26.4,78.4
2026-09-11 21:00:00,Semarang,Jawa Tengah,Java,25.6,27.9,81.6
2026-09-11 22:00:00,Semarang,Jawa Tengah,Java,29.7,32.2,89.3
2026-09-11 23:00:00,Semarang,Jawa Tengah,Java,35.9,38.8,102.0
2026-09-12 00:00:00,Semarang,Jawa Tengah,Java,53.6,58.3,145.6
2026-09-12 01:00:00,Semarang,Jawa Tengah,Java,56.9,62.9,152.0
2026-09-12 02:00:00,Semarang,Jawa Tengah,Java,54.0,60.3,146.6
2026-09-12 03:00:00,Semarang,Jawa Tengah,Java,51.7,54.4,140.9
2026-09-12 04:00:00,Semarang,Jawa Tengah,Java,55.2,57.7,149.5
2026-09-12 05:00:00,Semarang,Jawa Tengah,Java,56.0,58.4,151.4
2026-09-12 06:00:00,Semarang,Jawa Tengah,Java,54.5,56.8,147.8
2026-09-12 07:00:00,Semarang,Jawa Tengah,Java,48.5,50.8,133.0
2026-09-12 08:00:00,Semarang,Jawa Tengah,Java,43.8,46.0,121.4
2026-09-12 09:00:00,Semarang,Jawa Tengah,Java,40.3,43.1,112.8
2026-09-12 10:00:00,Semarang,Jawa Tengah,Java,33.1,35.7,95.7
2026-09-12 11:00:00,Semarang,Jawa Tengah,Java,25.1,28.2,80.7
2026-09-12 12:00:00,Semarang,Jawa Tengah,Java,15.8,19.1,63.2
2026-09-12 13:00:00,Semarang,Jawa Tengah,Java,15.8,19.2,63.2
2026-09-12 14:00:00,Semarang,Jawa Tengah,Java,17.2,20.7,65.8
2026-09-12 15:00:00,Semarang,Jawa Tengah,Java,17.8,21.4,67.0
2026-09-12 16:00:00,Semarang,Jawa Tengah,Java,17.9,21.3,67.1
2026-09-12 17:00:00,Semarang,Jawa Tengah,Java,18.2,21.4,67.7
2026-09-12 18:00:00,Semarang,Jawa Tengah,Java,19.2,22.2,69.6
2026-09-12 19:00:00,Semarang,Jawa Tengah,Java,21.1,24.3,73.2
2026-09-12 20:00:00,Semarang,Jawa Tengah,Java,23.9,27.4,78.4
2026-09-12 21:00:00,Semarang,Jawa Tengah,Java,27.2,31.1,84.6
2026-09-12 22:00:00,Semarang,Jawa Tengah,Java,31.7,35.9,93.1
2026-09-12 23:00:00,Semarang,Jawa Tengah,Java,38.3,42.8,107.9
2026-09-13 00:00:00,Semarang,Jawa Tengah,Java,29.4,32.5,88.7
2026-09-13 01:00:00,Semarang,Jawa Tengah,Java,36.9,40.6,104.4
2026-09-13 02:00:00,Semarang,Jawa Tengah,Java,36.6,41.1,103.7
2026-09-13 03:00:00,Semarang,Jawa Tengah,Java,34.0,39.0,97.4
2026-09-13 04:00:00,Semarang,Jawa Tengah,Java,33.9,38.9,97.2
2026-09-13 05:00:00,Semarang,Jawa Tengah,Java,34.5,38.8,98.3
2026-09-13 06:00:00,Semarang,Jawa Tengah,Java,34.0,37.4,97.4
2026-09-13 07:00:00,Semarang,Jawa Tengah,Java,32.1,34.5,93.8
2026-09-13 08:00:00,Semarang,Jawa Tengah,Java,32.1,34.6,93.8
2026-09-13 09:00:00,Semarang,Jawa Tengah,Java,32.2,34.9,94.0
2026-09-13 10:00:00,Semarang,Jawa Tengah,Java,31.9,34.6,93.4
2026-09-13 11:00:00,Semarang,Jawa Tengah,Java,29.7,32.7,89.3
2026-09-13 12:00:00,Semarang,Jawa Tengah,Java,21.8,26.2,74.5
2026-09-13 13:00:00,Semarang,Jawa Tengah,Java,21.1,25.3,73.2
2026-09-13 14:00:00,Semarang,Jawa Tengah,Java,23.3,27.1,77.3
2026-09-13 15:00:00,Semarang,Jawa Tengah,Java,25.6,29.2,81.6
2026-09-13 16:00:00,Semarang,Jawa Tengah,Java,26.3,29.6,82.9
2026-09-13 17:00:00,Semarang,Jawa Tengah,Java,27.0,29.9,84.2
2026-09-13 18:00:00,Semarang,Jawa Tengah,Java,29.3,32.4,88.5
2026-09-13 19:00:00,Semarang,Jawa Tengah,Java,31.9,35.2,93.4
2026-09-13 20:00:00,Semarang,Jawa Tengah,Java,35.2,38.8,99.6
2026-09-13 21:00:00,Semarang,Jawa Tengah,Java,38.5,42.5,108.4
2026-09-13 22:00:00,Semarang,Jawa Tengah,Java,41.3,45.8,115.3
2026-09-13 23:00:00,Semarang,Jawa Tengah,Java,44.4,49.1,122.9
2026-09-14 00:00:00,Semarang,Jawa Tengah,Java,55.6,59.8,151.1
2026-09-14 01:00:00,Semarang,Jawa Tengah,Java,57.3,62.2,152.3
2026-09-14 02:00:00,Semarang,Jawa Tengah,Java,53.6,60.1,145.6
2026-09-14 03:00:00,Semarang,Jawa Tengah,Java,54.8,63.1,148.5
2026-09-14 04:00:00,Semarang,Jawa Tengah,Java,56.5,64.5,151.7
2026-09-14 05:00:00,Semarang,Jawa Tengah,Java,56.5,62.9,151.7
2026-09-14 06:00:00,Semarang,Jawa Tengah,Java,68.9,71.5,160.4
2026-09-14 07:00:00,Semarang,Jawa Tengah,Java,80.1,83.8,168.2
2026-09-14 08:00:00,Semarang,Jawa Tengah,Java,71.7,75.4,162.4
2026-09-14 09:00:00,Semarang,Jawa Tengah,Java,61.0,65.2,154.9
2026-09-14 10:00:00,Semarang,Jawa Tengah,Java,53.8,59.3,146.1
2026-09-14 11:00:00,Semarang,Jawa Tengah,Java,44.9,51.8,124.1
2026-09-14 12:00:00,Semarang,Jawa Tengah,Java,21.6,25.7,74.1
2026-09-14 13:00:00,Semarang,Jawa Tengah,Java,16.5,20.2,64.5
2026-09-14 14:00:00,Semarang,Jawa Tengah,Java,16.5,19.8,64.5
2026-09-14 15:00:00,Semarang,Jawa Tengah,Java,22.6,26.0,76.0
2026-09-14 16:00:00,Semarang,Jawa Tengah,Java,28.5,32.2,87.0
2026-09-14 17:00:00,Semarang,Jawa Tengah,Java,31.9,36.0,93.4
2026-09-14 18:00:00,Semarang,Jawa Tengah,Java,32.2,36.4,94.0
2026-09-14 19:00:00,Semarang,Jawa Tengah,Java,31.9,36.2,93.4
2026-09-14 20:00:00,Semarang,Jawa Tengah,Java,32.5,36.9,94.6
2026-09-14 21:00:00,Semarang,Jawa Tengah,Java,32.0,36.6,93.6
2026-09-14 22:00:00,Semarang,Jawa Tengah,Java,31.8,36.4,93.2
2026-09-14 23:00:00,Semarang,Jawa Tengah,Java,32.1,36.9,93.8
2026-09-15 00:00:00,Semarang,Jawa Tengah,Java,15.9,18.7,63.4
2026-09-15 01:00:00,Semarang,Jawa Tengah,Java,20.0,23.5,71.1
2026-09-15 02:00:00,Semarang,Jawa Tengah,Java,22.6,26.8,76.0
2026-09-15 03:00:00,Semarang,Jawa Tengah,Java,23.2,27.4,77.1
2026-09-15 04:00:00,Semarang,Jawa Tengah,Java,22.8,26.1,76.3
2026-09-15 05:00:00,Semarang,Jawa Tengah,Java,23.6,25.3,77.8
2026-09-15 06:00:00,Semarang,Jawa Tengah,Java,28.2,29.5,86.5
2026-09-15 07:00:00,Semarang,Jawa Tengah,Java,36.7,38.3,104.0
2026-09-15 08:00:00,Semarang,Jawa Tengah,Java,40.4,42.7,113.1
2026-09-15 09:00:00,Semarang,Jawa Tengah,Java,44.7,47.1,123.7
2026-09-15 10:00:00,Semarang,Jawa Tengah,Java,44.9,48.1,124.1
2026-09-15 11:00:00,Semarang,Jawa Tengah,Java,41.1,46.8,114.8
2026-09-15 12:00:00,Semarang,Jawa Tengah,Java,28.1,33.5,86.3
2026-09-15 13:00:00,Semarang,Jawa Tengah,Java,27.5,33.2,85.2
2026-09-15 14:00:00,Semarang,Jawa Tengah,Java,28.5,34.5,87.0
2026-09-15 15:00:00,Semarang,Jawa Tengah,Java,29.3,35.0,88.5
2026-09-15 16:00:00,Semarang,Jawa Tengah,Java,29.9,35.4,89.7
2026-09-15 17:00:00,Semarang,Jawa Tengah,Java,30.5,35.7,90.8
2026-09-15 18:00:00,Semarang,Jawa Tengah,Java,32.7,37.8,94.9
2026-09-15 19:00:00,Semarang,Jawa Tengah,Java,36.8,41.9,104.2
2026-09-15 20:00:00,Semarang,Jawa Tengah,Java,42.8,47.8,119.0
2026-09-15 21:00:00,Semarang,Jawa Tengah,Java,50.9,55.8,138.9
2026-09-15 22:00:00,Semarang,Jawa Tengah,Java,63.1,67.3,156.3
2026-09-15 23:00:00,Semarang,Jawa Tengah,Java,65.2,68.9,157.8
2026-09-16 00:00:00,Semarang,Jawa Tengah,Java,59.0,62.9,153.5
2026-09-16 01:00:00,Semarang,Jawa Tengah,Java,46.8,51.1,128.8
2026-09-16 02:00:00,Semarang,Jawa Tengah,Java,39.9,45.2,111.8
2026-09-16 03:00:00,Semarang,Jawa Tengah,Java,37.4,43.7,105.7
2026-09-16 04:00:00,Semarang,Jawa Tengah,Java,38.5,45.8,108.4
2026-09-16 05:00:00,Semarang,Jawa Tengah,Java,41.7,49.4,116.3
2026-09-16 06:00:00,Semarang,Jawa Tengah,Java,46.8,55.1,128.8
2026-09-16 07:00:00,Semarang,Jawa Tengah,Java,50.5,59.8,137.9
2026-09-16 08:00:00,Semarang,Jawa Tengah,Java,48.7,56.6,133.5
2026-09-16 09:00:00,Semarang,Jawa Tengah,Java,45.8,53.3,126.4
2026-09-16 10:00:00,Semarang,Jawa Tengah,Java,42.8,50.4,119.0
2026-09-16 11:00:00,Semarang,Jawa Tengah,Java,39.6,46.8,111.1
2026-09-16 12:00:00,Semarang,Jawa Tengah,Java,37.1,44.5,104.9
2026-09-16 13:00:00,Semarang,Jawa Tengah,Java,35.7,43.1,101.5
2026-09-16 14:00:00,Semarang,Jawa Tengah,Java,34.0,41.2,97.4
2026-09-16 15:00:00,Semarang,Jawa Tengah,Java,32.4,39.3,94.4
2026-09-16 16:00:00,Semarang,Jawa Tengah,Java,31.1,38.0,91.9
2026-09-16 17:00:00,Semarang,Jawa Tengah,Java,30.7,37.7,91.2
2026-09-16 18:00:00,Semarang,Jawa Tengah,Java,36.6,43.9,103.7
2026-09-16 19:00:00,Semarang,Jawa Tengah,Java,44.2,51.9,122.4
2026-09-16 20:00:00,Semarang,Jawa Tengah,Java,51.1,59.0,139.4
2026-09-16 21:00:00,Semarang,Jawa Tengah,Java,57.0,64.7,152.1
2026-09-16 22:00:00,Semarang,Jawa Tengah,Java,61.2,68.5,155.0
2026-09-16 23:00:00,Semarang,Jawa Tengah,Java,64.7,71.2,157.4
2026-09-07 00:00:00,Yogyakarta,DI Yogyakarta,Java,15.4,20.4,62.5
2026-09-07 01:00:00,Yogyakarta,DI Yogyakarta,Java,14.4,19.4,60.6
2026-09-07 02:00:00,Yogyakarta,DI Yogyakarta,Java,13.4,18.6,58.7
2026-09-07 03:00:00,Yogyakarta,DI Yogyakarta,Java,12.4,17.4,56.8
2026-09-07 04:00:00,Yogyakarta,DI Yogyakarta,Java,11.2,16.1,54.6
2026-09-07 05:00:00,Yogyakarta,DI Yogyakarta,Java,11.2,16.2,54.6
2026-09-07 06:00:00,Yogyakarta,DI Yogyakarta,Java,11.1,16.2,54.4
2026-09-07 07:00:00,Yogyakarta,DI Yogyakarta,Java,10.9,16.2,54.0
2026-09-07 08:00:00,Yogyakarta,DI Yogyakarta,Java,10.7,15.9,53.6
2026-09-07 09:00:00,Yogyakarta,DI Yogyakarta,Java,11.4,16.9,54.9
2026-09-07 10:00:00,Yogyakarta,DI Yogyakarta,Java,12.3,18.2,56.6
2026-09-07 11:00:00,Yogyakarta,DI Yogyakarta,Java,13.0,17.5,57.9
2026-09-07 12:00:00,Yogyakarta,DI Yogyakarta,Java,13.0,17.9,57.9
2026-09-07 13:00:00,Yogyakarta,DI Yogyakarta,Java,15.2,20.3,62.1
2026-09-07 14:00:00,Yogyakarta,DI Yogyakarta,Java,16.8,21.8,65.1
2026-09-07 15:00:00,Yogyakarta,DI Yogyakarta,Java,17.6,22.6,66.6
2026-09-07 16:00:00,Yogyakarta,DI Yogyakarta,Java,17.2,22.1,65.8
2026-09-07 17:00:00,Yogyakarta,DI Yogyakarta,Java,16.4,21.1,64.3
2026-09-07 18:00:00,Yogyakarta,DI Yogyakarta,Java,15.5,20.1,62.6
2026-09-07 19:00:00,Yogyakarta,DI Yogyakarta,Java,16.4,21.7,64.3
2026-09-07 20:00:00,Yogyakarta,DI Yogyakarta,Java,15.8,20.1,63.2
2026-09-07 21:00:00,Yogyakarta,DI Yogyakarta,Java,16.8,20.9,65.1
2026-09-07 22:00:00,Yogyakarta,DI Yogyakarta,Java,19.1,23.1,69.4
2026-09-07 23:00:00,Yogyakarta,DI Yogyakarta,Java,25.0,29.0,80.5
2026-09-08 00:00:00,Yogyakarta,DI Yogyakarta,Java,14.7,18.7,61.1
2026-09-08 01:00:00,Yogyakarta,DI Yogyakarta,Java,13.0,17.0,57.9
2026-09-08 02:00:00,Yogyakarta,DI Yogyakarta,Java,12.5,16.5,57.0
2026-09-08 03:00:00,Yogyakarta,DI Yogyakarta,Java,12.7,16.8,57.4
2026-09-08 04:00:00,Yogyakarta,DI Yogyakarta,Java,11.8,15.8,55.7
2026-09-08 05:00:00,Yogyakarta,DI Yogyakarta,Java,11.6,15.7,55.3
2026-09-08 06:00:00,Yogyakarta,DI Yogyakarta,Java,11.2,15.5,54.6
2026-09-08 07:00:00,Yogyakarta,DI Yogyakarta,Java,11.4,16.1,54.9
2026-09-08 08:00:00,Yogyakarta,DI Yogyakarta,Java,10.6,15.2,53.4
2026-09-08 09:00:00,Yogyakarta,DI Yogyakarta,Java,12.8,18.1,57.6
2026-09-08 10:00:00,Yogyakarta,DI Yogyakarta,Java,10.8,15.1,53.8
2026-09-08 11:00:00,Yogyakarta,DI Yogyakarta,Java,11.9,15.5,55.9
2026-09-08 12:00:00,Yogyakarta,DI Yogyakarta,Java,14.2,19.0,60.2
2026-09-08 13:00:00,Yogyakarta,DI Yogyakarta,Java,14.6,19.3,61.0
2026-09-08 14:00:00,Yogyakarta,DI Yogyakarta,Java,15.4,20.2,62.5
2026-09-08 15:00:00,Yogyakarta,DI Yogyakarta,Java,15.9,20.8,63.4
2026-09-08 16:00:00,Yogyakarta,DI Yogyakarta,Java,16.5,21.5,64.5
2026-09-08 17:00:00,Yogyakarta,DI Yogyakarta,Java,16.9,21.9,65.3
2026-09-08 18:00:00,Yogyakarta,DI Yogyakarta,Java,17.2,22.4,65.8
2026-09-08 19:00:00,Yogyakarta,DI Yogyakarta,Java,17.8,22.8,67.0
2026-09-08 20:00:00,Yogyakarta,DI Yogyakarta,Java,18.9,24.0,69.0
2026-09-08 21:00:00,Yogyakarta,DI Yogyakarta,Java,20.0,25.0,71.1
2026-09-08 22:00:00,Yogyakarta,DI Yogyakarta,Java,19.9,24.7,70.9
2026-09-08 23:00:00,Yogyakarta,DI Yogyakarta,Java,20.5,25.0,72.0
2026-09-09 00:00:00,Yogyakarta,DI Yogyakarta,Java,14.2,18.3,60.2
2026-09-09 01:00:00,Yogyakarta,DI Yogyakarta,Java,13.2,17.3,58.3
2026-09-09 02:00:00,Yogyakarta,DI Yogyakarta,Java,12.9,17.3,57.8
2026-09-09 03:00:00,Yogyakarta,DI Yogyakarta,Java,13.0,17.6,57.9
2026-09-09 04:00:00,Yogyakarta,DI Yogyakarta,Java,12.6,17.3,57.2
2026-09-09 05:00:00,Yogyakarta,DI Yogyakarta,Java,15.8,21.7,63.2
2026-09-09 06:00:00,Yogyakarta,DI Yogyakarta,Java,12.7,18.0,57.4
2026-09-09 07:00:00,Yogyakarta,DI Yogyakarta,Java,12.6,17.9,57.2
2026-09-09 08:00:00,Yogyakarta,DI Yogyakarta,Java,12.6,18.1,57.2
2026-09-09 09:00:00,Yogyakarta,DI Yogyakarta,Java,13.4,19.2,58.7
2026-09-09 10:00:00,Yogyakarta,DI Yogyakarta,Java,13.6,19.4,59.1
2026-09-09 11:00:00,Yogyakarta,DI Yogyakarta,Java,13.3,18.2,58.5
2026-09-09 12:00:00,Yogyakarta,DI Yogyakarta,Java,14.7,20.7,61.1
2026-09-09 13:00:00,Yogyakarta,DI Yogyakarta,Java,15.4,21.1,62.5
2026-09-09 14:00:00,Yogyakarta,DI Yogyakarta,Java,17.5,23.1,66.4
2026-09-09 15:00:00,Yogyakarta,DI Yogyakarta,Java,19.8,25.3,70.7
2026-09-09 16:00:00,Yogyakarta,DI Yogyakarta,Java,21.1,26.7,73.2
2026-09-09 17:00:00,Yogyakarta,DI Yogyakarta,Java,21.5,27.1,73.9
2026-09-09 18:00:00,Yogyakarta,DI Yogyakarta,Java,22.6,28.4,76.0
2026-09-09 19:00:00,Yogyakarta,DI Yogyakarta,Java,22.2,27.9,75.2
2026-09-09 20:00:00,Yogyakarta,DI Yogyakarta,Java,22.8,28.6,76.3
2026-09-09 21:00:00,Yogyakarta,DI Yogyakarta,Java,23.7,29.7,78.0
2026-09-09 22:00:00,Yogyakarta,DI Yogyakarta,Java,25.9,32.0,82.2
2026-09-09 23:00:00,Yogyakarta,DI Yogyakarta,Java,32.0,38.4,93.6
2026-09-10 00:00:00,Yogyakarta,DI Yogyakarta,Java,21.7,27.4,74.3
2026-09-10 01:00:00,Yogyakarta,DI Yogyakarta,Java,18.1,23.7,67.5
2026-09-10 02:00:00,Yogyakarta,DI Yogyakarta,Java,17.3,22.9,66.0
2026-09-10 03:00:00,Yogyakarta,DI Yogyakarta,Java,18.0,23.7,67.3
2026-09-10 04:00:00,Yogyakarta,DI Yogyakarta,Java,18.9,25.0,69.0
2026-09-10 05:00:00,Yogyakarta,DI Yogyakarta,Java,20.0,26.7,71.1
2026-09-10 06:00:00,Yogyakarta,DI Yogyakarta,Java,20.3,27.0,71.7
2026-09-10 07:00:00,Yogyakarta,DI Yogyakarta,Java,19.8,26.4,70.7
2026-09-10 08:00:00,Yogyakarta,DI Yogyakarta,Java,18.4,24.6,68.1
2026-09-10 09:00:00,Yogyakarta,DI Yogyakarta,Java,17.1,23.1,65.6
2026-09-10 10:00:00,Yogyakarta,DI Yogyakarta,Java,16.4,22.2,64.3
2026-09-10 11:00:00,Yogyakarta,DI Yogyakarta,Java,16.4,21.3,64.3
2026-09-10 12:00:00,Yogyakarta,DI Yogyakarta,Java,21.7,27.0,74.3
2026-09-10 13:00:00,Yogyakarta,DI Yogyakarta,Java,23.7,28.8,78.0
2026-09-10 14:00:00,Yogyakarta,DI Yogyakarta,Java,29.0,34.2,88.0
2026-09-10 15:00:00,Yogyakarta,DI Yogyakarta,Java,32.4,37.7,94.4
2026-09-10 16:00:00,Yogyakarta,DI Yogyakarta,Java,37.0,42.6,104.7
2026-09-10 17:00:00,Yogyakarta,DI Yogyakarta,Java,43.1,48.7,119.7
2026-09-10 18:00:00,Yogyakarta,DI Yogyakarta,Java,49.6,55.1,135.7
2026-09-10 19:00:00,Yogyakarta,DI Yogyakarta,Java,52.6,58.0,143.1
2026-09-10 20:00:00,Yogyakarta,DI Yogyakarta,Java,51.3,56.2,139.9
2026-09-10 21:00:00,Yogyakarta,DI Yogyakarta,Java,57.0,61.9,152.1
2026-09-10 22:00:00,Yogyakarta,DI Yogyakarta,Java,62.6,67.1,156.0
2026-09-10 23:00:00,Yogyakarta,DI Yogyakarta,Java,66.8,71.0,158.9
2026-09-11 00:00:00,Yogyakarta,DI Yogyakarta,Java,24.6,28.4,79.7
2026-09-11 01:00:00,Yogyakarta,DI Yogyakarta,Java,19.3,23.1,69.8
2026-09-11 02:00:00,Yogyakarta,DI Yogyakarta,Java,19.0,23.1,69.2
2026-09-11 03:00:00,Yogyakarta,DI Yogyakarta,Java,20.2,24.7,71.5
2026-09-11 04:00:00,Yogyakarta,DI Yogyakarta,Java,19.9,24.4,70.9
2026-09-11 05:00:00,Yogyakarta,DI Yogyakarta,Java,19.0,23.7,69.2
2026-09-11 06:00:00,Yogyakarta,DI Yogyakarta,Java,19.1,24.3,69.4
2026-09-11 07:00:00,Yogyakarta,DI Yogyakarta,Java,15.0,19.9,61.7
2026-09-11 08:00:00,Yogyakarta,DI Yogyakarta,Java,12.4,17.1,56.8
2026-09-11 09:00:00,Yogyakarta,DI Yogyakarta,Java,10.6,15.3,53.4
2026-09-11 10:00:00,Yogyakarta,DI Yogyakarta,Java,9.4,13.1,51.2
2026-09-11 11:00:00,Yogyakarta,DI Yogyakarta,Java,10.6,14.0,53.4
2026-09-11 12:00:00,Yogyakarta,DI Yogyakarta,Java,12.9,16.8,57.8
2026-09-11 13:00:00,Yogyakarta,DI Yogyakarta,Java,13.9,17.8,59.6
2026-09-11 14:00:00,Yogyakarta,DI Yogyakarta,Java,16.4,20.3,64.3
2026-09-11 15:00:00,Yogyakarta,DI Yogyakarta,Java,19.8,23.7,70.7
2026-09-11 16:00:00,Yogyakarta,DI Yogyakarta,Java,22.5,26.4,75.8
2026-09-11 17:00:00,Yogyakarta,DI Yogyakarta,Java,25.4,29.2,81.2
2026-09-11 18:00:00,Yogyakarta,DI Yogyakarta,Java,27.5,31.2,85.2
2026-09-11 19:00:00,Yogyakarta,DI Yogyakarta,Java,32.0,35.3,93.6
2026-09-11 20:00:00,Yogyakarta,DI Yogyakarta,Java,33.3,36.3,96.1
2026-09-11 21:00:00,Yogyakarta,DI Yogyakarta,Java,33.3,36.4,96.1
2026-09-11 22:00:00,Yogyakarta,DI Yogyakarta,Java,37.1,40.0,104.9
2026-09-11 23:00:00,Yogyakarta,DI Yogyakarta,Java,44.6,47.5,123.4
2026-09-12 00:00:00,Yogyakarta,DI Yogyakarta,Java,20.5,24.0,72.0
2026-09-12 01:00:00,Yogyakarta,DI Yogyakarta,Java,16.7,20.3,64.9
2026-09-12 02:00:00,Yogyakarta,DI Yogyakarta,Java,19.6,23.8,70.3
2026-09-12 03:00:00,Yogyakarta,DI Yogyakarta,Java,20.0,24.1,71.1
2026-09-12 04:00:00,Yogyakarta,DI Yogyakarta,Java,20.2,24.4,71.5
2026-09-12 05:00:00,Yogyakarta,DI Yogyakarta,Java,19.4,23.7,70.0
2026-09-12 06:00:00,Yogyakarta,DI Yogyakarta,Java,17.2,21.7,65.8
2026-09-12 07:00:00,Yogyakarta,DI Yogyakarta,Java,13.8,18.5,59.4
2026-09-12 08:00:00,Yogyakarta,DI Yogyakarta,Java,11.6,16.2,55.3
2026-09-12 09:00:00,Yogyakarta,DI Yogyakarta,Java,10.6,15.5,53.4
2026-09-12 10:00:00,Yogyakarta,DI Yogyakarta,Java,9.8,13.9,51.9
2026-09-12 11:00:00,Yogyakarta,DI Yogyakarta,Java,9.8,13.5,51.9
2026-09-12 12:00:00,Yogyakarta,DI Yogyakarta,Java,12.3,17.4,56.6
2026-09-12 13:00:00,Yogyakarta,DI Yogyakarta,Java,12.7,17.7,57.4
2026-09-12 14:00:00,Yogyakarta,DI Yogyakarta,Java,13.6,18.8,59.1
2026-09-12 15:00:00,Yogyakarta,DI Yogyakarta,Java,13.9,19.1,59.6
2026-09-12 16:00:00,Yogyakarta,DI Yogyakarta,Java,14.0,19.1,59.8
2026-09-12 17:00:00,Yogyakarta,DI Yogyakarta,Java,15.4,20.5,62.5
2026-09-12 18:00:00,Yogyakarta,DI Yogyakarta,Java,16.4,21.4,64.3
2026-09-12 19:00:00,Yogyakarta,DI Yogyakarta,Java,17.6,22.5,66.6
2026-09-12 20:00:00,Yogyakarta,DI Yogyakarta,Java,19.9,24.7,70.9
2026-09-12 21:00:00,Yogyakarta,DI Yogyakarta,Java,23.4,27.9,77.5
2026-09-12 22:00:00,Yogyakarta,DI Yogyakarta,Java,25.7,30.3,81.8
2026-09-12 23:00:00,Yogyakarta,DI Yogyakarta,Java,32.2,36.3,94.0
2026-09-13 00:00:00,Yogyakarta,DI Yogyakarta,Java,32.6,36.6,94.7
2026-09-13 01:00:00,Yogyakarta,DI Yogyakarta,Java,25.7,29.8,81.8
2026-09-13 02:00:00,Yogyakarta,DI Yogyakarta,Java,23.4,27.8,77.5
2026-09-13 03:00:00,Yogyakarta,DI Yogyakarta,Java,20.9,25.1,72.8
2026-09-13 04:00:00,Yogyakarta,DI Yogyakarta,Java,18.6,22.6,68.5
2026-09-13 05:00:00,Yogyakarta,DI Yogyakarta,Java,17.1,21.0,65.6
2026-09-13 06:00:00,Yogyakarta,DI Yogyakarta,Java,15.7,19.7,63.0
2026-09-13 07:00:00,Yogyakarta,DI Yogyakarta,Java,14.0,18.2,59.8
2026-09-13 08:00:00,Yogyakarta,DI Yogyakarta,Java,12.4,16.6,56.8
2026-09-13 09:00:00,Yogyakarta,DI Yogyakarta,Java,11.6,16.1,55.3
2026-09-13 10:00:00,Yogyakarta,DI Yogyakarta,Java,10.6,14.3,53.4
2026-09-13 11:00:00,Yogyakarta,DI Yogyakarta,Java,11.4,15.1,54.9
2026-09-13 12:00:00,Yogyakarta,DI Yogyakarta,Java,14.7,19.2,61.1
2026-09-13 13:00:00,Yogyakarta,DI Yogyakarta,Java,15.8,20.1,63.2
2026-09-13 14:00:00,Yogyakarta,DI Yogyakarta,Java,17.1,21.4,65.6
2026-09-13 15:00:00,Yogyakarta,DI Yogyakarta,Java,18.8,22.9,68.8
2026-09-13 16:00:00,Yogyakarta,DI Yogyakarta,Java,20.3,24.3,71.7
2026-09-13 17:00:00,Yogyakarta,DI Yogyakarta,Java,21.6,25.6,74.1
2026-09-13 18:00:00,Yogyakarta,DI Yogyakarta,Java,23.9,27.9,78.4
2026-09-13 19:00:00,Yogyakarta,DI Yogyakarta,Java,25.9,30.2,82.2
2026-09-13 20:00:00,Yogyakarta,DI Yogyakarta,Java,23.1,27.8,76.9
2026-09-13 21:00:00,Yogyakarta,DI Yogyakarta,Java,23.1,27.8,76.9
2026-09-13 22:00:00,Yogyakarta,DI Yogyakarta,Java,25.0,29.4,80.5
2026-09-13 23:00:00,Yogyakarta,DI Yogyakarta,Java,28.2,32.6,86.5
2026-09-14 00:00:00,Yogyakarta,DI Yogyakarta,Java,20.5,24.6,72.0
2026-09-14 01:00:00,Yogyakarta,DI Yogyakarta,Java,15.9,19.6,63.4
2026-09-14 02:00:00,Yogyakarta,DI Yogyakarta,Java,15.5,19.1,62.6
2026-09-14 03:00:00,Yogyakarta,DI Yogyakarta,Java,14.8,18.4,61.3
2026-09-14 04:00:00,Yogyakarta,DI Yogyakarta,Java,13.9,17.6,59.6
2026-09-14 05:00:00,Yogyakarta,DI Yogyakarta,Java,13.0,16.6,57.9
2026-09-14 06:00:00,Yogyakarta,DI Yogyakarta,Java,12.0,15.4,56.1
2026-09-14 07:00:00,Yogyakarta,DI Yogyakarta,Java,10.9,14.2,54.0
2026-09-14 08:00:00,Yogyakarta,DI Yogyakarta,Java,10.0,13.5,52.3
2026-09-14 09:00:00,Yogyakarta,DI Yogyakarta,Java,10.0,13.6,52.3
2026-09-14 10:00:00,Yogyakarta,DI Yogyakarta,Java,10.2,13.6,52.7
2026-09-14 11:00:00,Yogyakarta,DI Yogyakarta,Java,12.3,15.5,56.6
2026-09-14 12:00:00,Yogyakarta,DI Yogyakarta,Java,16.1,20.5,63.8
2026-09-14 13:00:00,Yogyakarta,DI Yogyakarta,Java,16.2,20.9,64.0
2026-09-14 14:00:00,Yogyakarta,DI Yogyakarta,Java,16.9,21.5,65.3
2026-09-14 15:00:00,Yogyakarta,DI Yogyakarta,Java,16.4,20.7,64.3
2026-09-14 16:00:00,Yogyakarta,DI Yogyakarta,Java,15.4,19.3,62.5
2026-09-14 17:00:00,Yogyakarta,DI Yogyakarta,Java,15.4,19.0,62.5
2026-09-14 18:00:00,Yogyakarta,DI Yogyakarta,Java,15.9,19.4,63.4
2026-09-14 19:00:00,Yogyakarta,DI Yogyakarta,Java,15.9,19.4,63.4
2026-09-14 20:00:00,Yogyakarta,DI Yogyakarta,Java,16.6,19.8,64.7
2026-09-14 21:00:00,Yogyakarta,DI Yogyakarta,Java,18.3,21.5,67.9
2026-09-14 22:00:00,Yogyakarta,DI Yogyakarta,Java,22.9,26.0,76.5
2026-09-14 23:00:00,Yogyakarta,DI Yogyakarta,Java,32.5,35.7,94.6
2026-09-15 00:00:00,Yogyakarta,DI Yogyakarta,Java,17.9,21.3,67.1
2026-09-15 01:00:00,Yogyakarta,DI Yogyakarta,Java,16.5,19.9,64.5
2026-09-15 02:00:00,Yogyakarta,DI Yogyakarta,Java,15.5,19.0,62.6
2026-09-15 03:00:00,Yogyakarta,DI Yogyakarta,Java,14.7,18.4,61.1
2026-09-15 04:00:00,Yogyakarta,DI Yogyakarta,Java,13.7,17.3,59.3
2026-09-15 05:00:00,Yogyakarta,DI Yogyakarta,Java,13.0,16.8,57.9
2026-09-15 06:00:00,Yogyakarta,DI Yogyakarta,Java,12.8,16.9,57.6
2026-09-15 07:00:00,Yogyakarta,DI Yogyakarta,Java,12.3,16.7,56.6
2026-09-15 08:00:00,Yogyakarta,DI Yogyakarta,Java,11.9,16.8,55.9
2026-09-15 09:00:00,Yogyakarta,DI Yogyakarta,Java,12.1,17.6,56.3
2026-09-15 10:00:00,Yogyakarta,DI Yogyakarta,Java,11.2,15.8,54.6
2026-09-15 11:00:00,Yogyakarta,DI Yogyakarta,Java,13.6,17.9,59.1
2026-09-15 12:00:00,Yogyakarta,DI Yogyakarta,Java,14.8,20.1,61.3
2026-09-15 13:00:00,Yogyakarta,DI Yogyakarta,Java,17.1,22.2,65.6
2026-09-15 14:00:00,Yogyakarta,DI Yogyakarta,Java,25.2,30.6,80.9
2026-09-15 15:00:00,Yogyakarta,DI Yogyakarta,Java,40.7,46.2,113.8
2026-09-15 16:00:00,Yogyakarta,DI Yogyakarta,Java,51.8,57.5,141.1
2026-09-15 17:00:00,Yogyakarta,DI Yogyakarta,Java,52.9,58.6,143.8
2026-09-15 18:00:00,Yogyakarta,DI Yogyakarta,Java,41.7,47.5,116.3
2026-09-15 19:00:00,Yogyakarta,DI Yogyakarta,Java,42.3,48.1,117.7
2026-09-15 20:00:00,Yogyakarta,DI Yogyakarta,Java,44.5,50.3,123.2
2026-09-15 21:00:00,Yogyakarta,DI Yogyakarta,Java,41.4,47.4,115.5
2026-09-15 22:00:00,Yogyakarta,DI Yogyakarta,Java,36.1,42.0,102.5
2026-09-15 23:00:00,Yogyakarta,DI Yogyakarta,Java,40.2,45.9,112.6
2026-09-16 00:00:00,Yogyakarta,DI Yogyakarta,Java,31.9,36.8,93.4
2026-09-16 01:00:00,Yogyakarta,DI Yogyakarta,Java,20.0,24.7,71.1
2026-09-16 02:00:00,Yogyakarta,DI Yogyakarta,Java,15.3,19.6,62.3
2026-09-16 03:00:00,Yogyakarta,DI Yogyakarta,Java,13.2,17.4,58.3
2026-09-16 04:00:00,Yogyakarta,DI Yogyakarta,Java,11.9,15.9,55.9
2026-09-16 05:00:00,Yogyakarta,DI Yogyakarta,Java,11.3,15.2,54.8
2026-09-16 06:00:00,Yogyakarta,DI Yogyakarta,Java,11.2,15.1,54.6
2026-09-16 07:00:00,Yogyakarta,DI Yogyakarta,Java,11.3,15.3,54.8
2026-09-16 08:00:00,Yogyakarta,DI Yogyakarta,Java,11.5,15.5,55.1
2026-09-16 09:00:00,Yogyakarta,DI Yogyakarta,Java,12.0,16.2,56.1
2026-09-16 10:00:00,Yogyakarta,DI Yogyakarta,Java,13.0,17.4,57.9
2026-09-16 11:00:00,Yogyakarta,DI Yogyakarta,Java,14.7,18.4,61.1
2026-09-16 12:00:00,Yogyakarta,DI Yogyakarta,Java,19.2,23.2,69.6
2026-09-16 13:00:00,Yogyakarta,DI Yogyakarta,Java,22.5,27.1,75.8
2026-09-16 14:00:00,Yogyakarta,DI Yogyakarta,Java,28.7,34.0,87.4
2026-09-16 15:00:00,Yogyakarta,DI Yogyakarta,Java,36.9,42.5,104.4
2026-09-16 16:00:00,Yogyakarta,DI Yogyakarta,Java,47.3,52.9,130.1
2026-09-16 17:00:00,Yogyakarta,DI Yogyakarta,Java,51.3,56.9,139.9
2026-09-16 18:00:00,Yogyakarta,DI Yogyakarta,Java,50.5,56.1,137.9
2026-09-16 19:00:00,Yogyakarta,DI Yogyakarta,Java,48.7,54.2,133.5
2026-09-16 20:00:00,Yogyakarta,DI Yogyakarta,Java,49.2,54.9,134.7
2026-09-16 21:00:00,Yogyakarta,DI Yogyakarta,Java,53.8,59.6,146.1
2026-09-16 22:00:00,Yogyakarta,DI Yogyakarta,Java,59.1,65.0,153.5
2026-09-16 23:00:00,Yogyakarta,DI Yogyakarta,Java,67.3,73.1,159.3
2026-09-07 00:00:00,Surabaya,Jawa Timur,Java,37.6,38.5,106.2
2026-09-07 01:00:00,Surabaya,Jawa Timur,Java,22.5,24.0,75.8
2026-09-07 02:00:00,Surabaya,Jawa Timur,Java,18.2,20.3,67.7
2026-09-07 03:00:00,Surabaya,Jawa Timur,Java,17.0,18.9,65.5
2026-09-07 04:00:00,Surabaya,Jawa Timur,Java,16.4,17.3,64.3
2026-09-07 05:00:00,Surabaya,Jawa Timur,Java,17.2,18.0,65.8
2026-09-07 06:00:00,Surabaya,Jawa Timur,Java,17.3,18.2,66.0
2026-09-07 07:00:00,Surabaya,Jawa Timur,Java,17.2,18.0,65.8
2026-09-07 08:00:00,Surabaya,Jawa Timur,Java,15.9,16.7,63.4
2026-09-07 09:00:00,Surabaya,Jawa Timur,Java,14.7,15.8,61.1
2026-09-07 10:00:00,Surabaya,Jawa Timur,Java,16.2,18.3,64.0
2026-09-07 11:00:00,Surabaya,Jawa Timur,Java,19.3,21.1,69.8
2026-09-07 12:00:00,Surabaya,Jawa Timur,Java,21.5,24.0,73.9
2026-09-07 13:00:00,Surabaya,Jawa Timur,Java,22.4,24.6,75.6
2026-09-07 14:00:00,Surabaya,Jawa Timur,Java,25.6,27.7,81.6
2026-09-07 15:00:00,Surabaya,Jawa Timur,Java,33.1,35.3,95.7
2026-09-07 16:00:00,Surabaya,Jawa Timur,Java,41.9,44.4,116.8
2026-09-07 17:00:00,Surabaya,Jawa Timur,Java,49.4,52.0,135.2
2026-09-07 18:00:00,Surabaya,Jawa Timur,Java,50.5,53.6,137.9
2026-09-07 19:00:00,Surabaya,Jawa Timur,Java,52.0,55.3,141.6
2026-09-07 20:00:00,Surabaya,Jawa Timur,Java,54.1,57.5,146.8
2026-09-07 21:00:00,Surabaya,Jawa Timur,Java,58.9,62.2,153.4
2026-09-07 22:00:00,Surabaya,Jawa Timur,Java,68.5,71.7,160.1
2026-09-07 23:00:00,Surabaya,Jawa Timur,Java,85.0,88.2,171.7
2026-09-08 00:00:00,Surabaya,Jawa Timur,Java,58.1,62.4,152.8
2026-09-08 01:00:00,Surabaya,Jawa Timur,Java,40.0,44.4,112.1
2026-09-08 02:00:00,Surabaya,Jawa Timur,Java,33.8,39.9,97.0
2026-09-08 03:00:00,Surabaya,Jawa Timur,Java,32.2,39.5,94.0
2026-09-08 04:00:00,Surabaya,Jawa Timur,Java,28.5,33.9,87.0
2026-09-08 05:00:00,Surabaya,Jawa Timur,Java,25.1,27.2,80.7
2026-09-08 06:00:00,Surabaya,Jawa Timur,Java,25.2,27.1,80.9
2026-09-08 07:00:00,Surabaya,Jawa Timur,Java,24.1,25.9,78.8
2026-09-08 08:00:00,Surabaya,Jawa Timur,Java,21.9,23.7,74.7
2026-09-08 09:00:00,Surabaya,Jawa Timur,Java,21.5,25.0,73.9
2026-09-08 10:00:00,Surabaya,Jawa Timur,Java,23.5,26.4,77.7
2026-09-08 11:00:00,Surabaya,Jawa Timur,Java,29.1,31.8,88.2
2026-09-08 12:00:00,Surabaya,Jawa Timur,Java,30.9,34.5,91.6
2026-09-08 13:00:00,Surabaya,Jawa Timur,Java,33.6,36.9,96.6
2026-09-08 14:00:00,Surabaya,Jawa Timur,Java,42.1,45.4,117.3
2026-09-08 15:00:00,Surabaya,Jawa Timur,Java,53.3,56.9,144.8
2026-09-08 16:00:00,Surabaya,Jawa Timur,Java,60.1,64.0,154.2
2026-09-08 17:00:00,Surabaya,Jawa Timur,Java,60.3,64.5,154.4
2026-09-08 18:00:00,Surabaya,Jawa Timur,Java,59.0,63.6,153.5
2026-09-08 19:00:00,Surabaya,Jawa Timur,Java,60.5,65.0,154.5
2026-09-08 20:00:00,Surabaya,Jawa Timur,Java,62.6,67.1,156.0
2026-09-08 21:00:00,Surabaya,Jawa Timur,Java,68.2,72.6,159.9
2026-09-08 22:00:00,Surabaya,Jawa Timur,Java,72.4,76.6,162.8
2026-09-08 23:00:00,Surabaya,Jawa Timur,Java,82.9,86.8,170.2
2026-09-09 00:00:00,Surabaya,Jawa Timur,Java,44.2,47.1,122.4
2026-09-09 01:00:00,Surabaya,Jawa Timur,Java,30.9,34.5,91.6
2026-09-09 02:00:00,Surabaya,Jawa Timur,Java,27.9,32.7,85.9
2026-09-09 03:00:00,Surabaya,Jawa Timur,Java,31.4,37.6,92.5
2026-09-09 04:00:00,Surabaya,Jawa Timur,Java,35.6,42.1,101.2
2026-09-09 05:00:00,Surabaya,Jawa Timur,Java,38.3,42.7,107.9
2026-09-09 06:00:00,Surabaya,Jawa Timur,Java,41.2,44.2,115.0
2026-09-09 07:00:00,Surabaya,Jawa Timur,Java,42.6,45.5,118.5
2026-09-09 08:00:00,Surabaya,Jawa Timur,Java,40.7,43.5,113.8
2026-09-09 09:00:00,Surabaya,Jawa Timur,Java,37.6,40.3,106.2
2026-09-09 10:00:00,Surabaya,Jawa Timur,Java,34.9,39.0,99.1
2026-09-09 11:00:00,Surabaya,Jawa Timur,Java,32.5,36.4,94.6
2026-09-09 12:00:00,Surabaya,Jawa Timur,Java,36.4,41.3,103.2
2026-09-09 13:00:00,Surabaya,Jawa Timur,Java,35.4,39.9,100.0
2026-09-09 14:00:00,Surabaya,Jawa Timur,Java,38.3,42.5,107.9
2026-09-09 15:00:00,Surabaya,Jawa Timur,Java,43.8,47.8,121.4
2026-09-09 16:00:00,Surabaya,Jawa Timur,Java,47.7,51.6,131.0
2026-09-09 17:00:00,Surabaya,Jawa Timur,Java,51.6,55.3,140.6
2026-09-09 18:00:00,Surabaya,Jawa Timur,Java,53.4,56.9,145.1
2026-09-09 19:00:00,Surabaya,Jawa Timur,Java,55.9,59.1,151.3
2026-09-09 20:00:00,Surabaya,Jawa Timur,Java,59.8,63.1,154.0
2026-09-09 21:00:00,Surabaya,Jawa Timur,Java,63.3,66.6,156.5
2026-09-09 22:00:00,Surabaya,Jawa Timur,Java,65.4,68.9,157.9
2026-09-09 23:00:00,Surabaya,Jawa Timur,Java,71.0,74.5,161.9
2026-09-10 00:00:00,Surabaya,Jawa Timur,Java,46.1,50.3,127.1
2026-09-10 01:00:00,Surabaya,Jawa Timur,Java,37.6,43.3,106.2
2026-09-10 02:00:00,Surabaya,Jawa Timur,Java,36.1,43.3,102.5
2026-09-10 03:00:00,Surabaya,Jawa Timur,Java,37.1,44.8,104.9
2026-09-10 04:00:00,Surabaya,Jawa Timur,Java,37.1,42.1,104.9
2026-09-10 05:00:00,Surabaya,Jawa Timur,Java,38.0,41.2,107.2
2026-09-10 06:00:00,Surabaya,Jawa Timur,Java,38.2,41.2,107.6
2026-09-10 07:00:00,Surabaya,Jawa Timur,Java,36.6,39.2,103.7
2026-09-10 08:00:00,Surabaya,Jawa Timur,Java,32.7,35.0,94.9
2026-09-10 09:00:00,Surabaya,Jawa Timur,Java,28.0,30.0,86.1
2026-09-10 10:00:00,Surabaya,Jawa Timur,Java,25.0,26.8,80.5
2026-09-10 11:00:00,Surabaya,Jawa Timur,Java,25.3,28.2,81.0
2026-09-10 12:00:00,Surabaya,Jawa Timur,Java,21.4,24.1,73.7
2026-09-10 13:00:00,Surabaya,Jawa Timur,Java,22.8,25.2,76.3
2026-09-10 14:00:00,Surabaya,Jawa Timur,Java,24.4,26.7,79.3
2026-09-10 15:00:00,Surabaya,Jawa Timur,Java,25.7,27.9,81.8
2026-09-10 16:00:00,Surabaya,Jawa Timur,Java,25.6,27.8,81.6
2026-09-10 17:00:00,Surabaya,Jawa Timur,Java,25.7,27.6,81.8
2026-09-10 18:00:00,Surabaya,Jawa Timur,Java,26.6,28.6,83.5
2026-09-10 19:00:00,Surabaya,Jawa Timur,Java,29.3,31.3,88.5
2026-09-10 20:00:00,Surabaya,Jawa Timur,Java,33.9,36.0,97.2
2026-09-10 21:00:00,Surabaya,Jawa Timur,Java,36.6,38.8,103.7
2026-09-10 22:00:00,Surabaya,Jawa Timur,Java,39.5,41.9,110.8
2026-09-10 23:00:00,Surabaya,Jawa Timur,Java,50.3,53.0,137.4
2026-09-11 00:00:00,Surabaya,Jawa Timur,Java,35.7,39.8,101.5
2026-09-11 01:00:00,Surabaya,Jawa Timur,Java,32.4,37.4,94.4
2026-09-11 02:00:00,Surabaya,Jawa Timur,Java,31.1,36.8,91.9
2026-09-11 03:00:00,Surabaya,Jawa Timur,Java,27.6,31.2,85.4
2026-09-11 04:00:00,Surabaya,Jawa Timur,Java,25.6,27.5,81.6
2026-09-11 05:00:00,Surabaya,Jawa Timur,Java,23.7,25.3,78.0
2026-09-11 06:00:00,Surabaya,Jawa Timur,Java,21.0,22.2,73.0
2026-09-11 07:00:00,Surabaya,Jawa Timur,Java,18.4,19.3,68.1
2026-09-11 08:00:00,Surabaya,Jawa Timur,Java,16.0,16.7,63.6
2026-09-11 09:00:00,Surabaya,Jawa Timur,Java,13.7,14.3,59.3
2026-09-11 10:00:00,Surabaya,Jawa Timur,Java,13.6,14.2,59.1
2026-09-11 11:00:00,Surabaya,Jawa Timur,Java,15.4,16.2,62.5
2026-09-11 12:00:00,Surabaya,Jawa Timur,Java,12.5,13.4,57.0
2026-09-11 13:00:00,Surabaya,Jawa Timur,Java,13.5,14.4,58.9
2026-09-11 14:00:00,Surabaya,Jawa Timur,Java,14.7,15.8,61.1
2026-09-11 15:00:00,Surabaya,Jawa Timur,Java,15.4,16.5,62.5
2026-09-11 16:00:00,Surabaya,Jawa Timur,Java,14.7,15.8,61.1
2026-09-11 17:00:00,Surabaya,Jawa Timur,Java,14.2,15.4,60.2
2026-09-11 18:00:00,Surabaya,Jawa Timur,Java,14.7,16.1,61.1
2026-09-11 19:00:00,Surabaya,Jawa Timur,Java,17.3,18.8,66.0
2026-09-11 20:00:00,Surabaya,Jawa Timur,Java,21.1,23.0,73.2
2026-09-11 21:00:00,Surabaya,Jawa Timur,Java,27.8,29.7,85.7
2026-09-11 22:00:00,Surabaya,Jawa Timur,Java,35.6,37.6,101.2
2026-09-11 23:00:00,Surabaya,Jawa Timur,Java,46.6,48.7,128.3
2026-09-12 00:00:00,Surabaya,Jawa Timur,Java,50.3,56.5,137.4
2026-09-12 01:00:00,Surabaya,Jawa Timur,Java,40.6,47.8,113.6
2026-09-12 02:00:00,Surabaya,Jawa Timur,Java,32.8,39.7,95.1
2026-09-12 03:00:00,Surabaya,Jawa Timur,Java,21.7,26.3,74.3
2026-09-12 04:00:00,Surabaya,Jawa Timur,Java,15.1,18.2,61.9
2026-09-12 05:00:00,Surabaya,Jawa Timur,Java,12.1,14.5,56.3
2026-09-12 06:00:00,Surabaya,Jawa Timur,Java,11.8,14.3,55.7
2026-09-12 07:00:00,Surabaya,Jawa Timur,Java,12.4,15.1,56.8
2026-09-12 08:00:00,Surabaya,Jawa Timur,Java,12.6,15.3,57.2
2026-09-12 09:00:00,Surabaya,Jawa Timur,Java,12.3,14.8,56.6
2026-09-12 10:00:00,Surabaya,Jawa Timur,Java,12.8,15.4,57.6
2026-09-12 11:00:00,Surabaya,Jawa Timur,Java,15.5,18.4,62.6
2026-09-12 12:00:00,Surabaya,Jawa Timur,Java,17.4,21.5,66.2
2026-09-12 13:00:00,Surabaya,Jawa Timur,Java,19.7,24.0,70.5
2026-09-12 14:00:00,Surabaya,Jawa Timur,Java,20.8,25.3,72.6
2026-09-12 15:00:00,Surabaya,Jawa Timur,Java,21.1,25.3,73.2
2026-09-12 16:00:00,Surabaya,Jawa Timur,Java,19.8,23.1,70.7
2026-09-12 17:00:00,Surabaya,Jawa Timur,Java,20.5,23.6,72.0
2026-09-12 18:00:00,Surabaya,Jawa Timur,Java,22.2,25.3,75.2
2026-09-12 19:00:00,Surabaya,Jawa Timur,Java,24.7,27.8,79.9
2026-09-12 20:00:00,Surabaya,Jawa Timur,Java,27.6,30.9,85.4
2026-09-12 21:00:00,Surabaya,Jawa Timur,Java,32.1,35.4,93.8
2026-09-12 22:00:00,Surabaya,Jawa Timur,Java,40.4,43.8,113.1
2026-09-12 23:00:00,Surabaya,Jawa Timur,Java,55.9,59.4,151.3
2026-09-13 00:00:00,Surabaya,Jawa Timur,Java,35.9,41.1,102.0
2026-09-13 01:00:00,Surabaya,Jawa Timur,Java,29.3,34.8,88.5
2026-09-13 02:00:00,Surabaya,Jawa Timur,Java,26.8,32.8,83.9
2026-09-13 03:00:00,Surabaya,Jawa Timur,Java,23.2,29.0,77.1
2026-09-13 04:00:00,Surabaya,Jawa Timur,Java,19.6,24.4,70.3
2026-09-13 05:00:00,Surabaya,Jawa Timur,Java,17.0,21.1,65.5
2026-09-13 06:00:00,Surabaya,Jawa Timur,Java,15.8,19.3,63.2
2026-09-13 07:00:00,Surabaya,Jawa Timur,Java,15.1,18.3,61.9
2026-09-13 08:00:00,Surabaya,Jawa Timur,Java,13.9,16.9,59.6
2026-09-13 09:00:00,Surabaya,Jawa Timur,Java,13.3,16.1,58.5
2026-09-13 10:00:00,Surabaya,Jawa Timur,Java,14.7,17.5,61.1
2026-09-13 11:00:00,Surabaya,Jawa Timur,Java,17.9,20.8,67.1
2026-09-13 12:00:00,Surabaya,Jawa Timur,Java,18.3,21.1,67.9
2026-09-13 13:00:00,Surabaya,Jawa Timur,Java,20.1,23.0,71.3
2026-09-13 14:00:00,Surabaya,Jawa Timur,Java,21.9,24.9,74.7
2026-09-13 15:00:00,Surabaya,Jawa Timur,Java,22.6,25.4,76.0
2026-09-13 16:00:00,Surabaya,Jawa Timur,Java,22.8,25.2,76.3
2026-09-13 17:00:00,Surabaya,Jawa Timur,Java,24.9,27.2,80.3
2026-09-13 18:00:00,Surabaya,Jawa Timur,Java,30.2,32.6,90.2
2026-09-13 19:00:00,Surabaya,Jawa Timur,Java,38.6,41.3,108.6
2026-09-13 20:00:00,Surabaya,Jawa Timur,Java,51.1,54.1,139.4
2026-09-13 21:00:00,Surabaya,Jawa Timur,Java,66.1,69.4,158.4
2026-09-13 22:00:00,Surabaya,Jawa Timur,Java,82.0,85.4,169.6
2026-09-13 23:00:00,Surabaya,Jawa Timur,Java,103.4,107.1,184.6
2026-09-14 00:00:00,Surabaya,Jawa Timur,Java,61.9,66.6,155.5
2026-09-14 01:00:00,Surabaya,Jawa Timur,Java,42.5,48.5,118.2
2026-09-14 02:00:00,Surabaya,Jawa Timur,Java,36.2,43.2,102.7
2026-09-14 03:00:00,Surabaya,Jawa Timur,Java,30.0,36.1,89.9
2026-09-14 04:00:00,Surabaya,Jawa Timur,Java,21.5,23.5,73.9
2026-09-14 05:00:00,Surabaya,Jawa Timur,Java,17.2,18.4,65.8
2026-09-14 06:00:00,Surabaya,Jawa Timur,Java,14.1,15.1,60.0
2026-09-14 07:00:00,Surabaya,Jawa Timur,Java,12.9,14.6,57.8
2026-09-14 08:00:00,Surabaya,Jawa Timur,Java,12.7,15.0,57.4
2026-09-14 09:00:00,Surabaya,Jawa Timur,Java,12.9,15.1,57.8
2026-09-14 10:00:00,Surabaya,Jawa Timur,Java,15.4,18.0,62.5
2026-09-14 11:00:00,Surabaya,Jawa Timur,Java,18.2,20.6,67.7
2026-09-14 12:00:00,Surabaya,Jawa Timur,Java,21.1,23.8,73.2
2026-09-14 13:00:00,Surabaya,Jawa Timur,Java,22.0,24.7,74.8
2026-09-14 14:00:00,Surabaya,Jawa Timur,Java,22.5,25.2,75.8
2026-09-14 15:00:00,Surabaya,Jawa Timur,Java,21.7,23.9,74.3
2026-09-14 16:00:00,Surabaya,Jawa Timur,Java,20.3,22.2,71.7
2026-09-14 17:00:00,Surabaya,Jawa Timur,Java,19.7,21.7,70.5
2026-09-14 18:00:00,Surabaya,Jawa Timur,Java,21.7,23.8,74.3
2026-09-14 19:00:00,Surabaya,Jawa Timur,Java,26.7,29.0,83.7
2026-09-14 20:00:00,Surabaya,Jawa Timur,Java,34.9,37.4,99.1
2026-09-14 21:00:00,Surabaya,Jawa Timur,Java,46.8,49.7,128.8
2026-09-14 22:00:00,Surabaya,Jawa Timur,Java,63.3,66.4,156.5
2026-09-14 23:00:00,Surabaya,Jawa Timur,Java,88.9,92.2,174.4
2026-09-15 00:00:00,Surabaya,Jawa Timur,Java,59.3,64.7,153.7
2026-09-15 01:00:00,Surabaya,Jawa Timur,Java,44.1,51.0,122.2
2026-09-15 02:00:00,Surabaya,Jawa Timur,Java,39.0,46.3,109.6
2026-09-15 03:00:00,Surabaya,Jawa Timur,Java,35.9,43.4,102.0
2026-09-15 04:00:00,Surabaya,Jawa Timur,Java,30.3,36.2,90.4
2026-09-15 05:00:00,Surabaya,Jawa Timur,Java,24.2,27.1,79.0
2026-09-15 06:00:00,Surabaya,Jawa Timur,Java,19.4,21.0,70.0
2026-09-15 07:00:00,Surabaya,Jawa Timur,Java,16.8,18.2,65.1
2026-09-15 08:00:00,Surabaya,Jawa Timur,Java,16.8,18.7,65.1
2026-09-15 09:00:00,Surabaya,Jawa Timur,Java,18.0,20.5,67.3
2026-09-15 10:00:00,Surabaya,Jawa Timur,Java,22.8,25.3,76.3
2026-09-15 11:00:00,Surabaya,Jawa Timur,Java,33.1,35.6,95.7
2026-09-15 12:00:00,Surabaya,Jawa Timur,Java,25.6,27.3,81.6
2026-09-15 13:00:00,Surabaya,Jawa Timur,Java,27.4,29.2,85.0
2026-09-15 14:00:00,Surabaya,Jawa Timur,Java,29.0,30.7,88.0
2026-09-15 15:00:00,Surabaya,Jawa Timur,Java,31.3,33.2,92.3
2026-09-15 16:00:00,Surabaya,Jawa Timur,Java,32.5,34.2,94.6
2026-09-15 17:00:00,Surabaya,Jawa Timur,Java,35.0,36.8,99.2
2026-09-15 18:00:00,Surabaya,Jawa Timur,Java,41.6,43.5,116.0
2026-09-15 19:00:00,Surabaya,Jawa Timur,Java,50.8,53.0,138.7
2026-09-15 20:00:00,Surabaya,Jawa Timur,Java,59.6,62.2,153.9
2026-09-15 21:00:00,Surabaya,Jawa Timur,Java,66.8,69.4,158.9
2026-09-15 22:00:00,Surabaya,Jawa Timur,Java,74.0,76.8,164.0
2026-09-15 23:00:00,Surabaya,Jawa Timur,Java,86.6,89.4,172.8
2026-09-16 00:00:00,Surabaya,Jawa Timur,Java,56.8,60.3,151.9
2026-09-16 01:00:00,Surabaya,Jawa Timur,Java,31.0,34.8,91.7
2026-09-16 02:00:00,Surabaya,Jawa Timur,Java,22.1,26.0,75.0
2026-09-16 03:00:00,Surabaya,Jawa Timur,Java,19.5,23.5,70.1
2026-09-16 04:00:00,Surabaya,Jawa Timur,Java,18.0,21.7,67.3
2026-09-16 05:00:00,Surabaya,Jawa Timur,Java,16.9,19.8,65.3
2026-09-16 06:00:00,Surabaya,Jawa Timur,Java,15.9,17.8,63.4
2026-09-16 07:00:00,Surabaya,Jawa Timur,Java,15.4,16.6,62.5
2026-09-16 08:00:00,Surabaya,Jawa Timur,Java,15.8,17.4,63.2
2026-09-16 09:00:00,Surabaya,Jawa Timur,Java,17.5,20.5,66.4
2026-09-16 10:00:00,Surabaya,Jawa Timur,Java,20.0,23.1,71.1
2026-09-16 11:00:00,Surabaya,Jawa Timur,Java,24.6,27.8,79.7
2026-09-16 12:00:00,Surabaya,Jawa Timur,Java,29.0,32.0,88.0
2026-09-16 13:00:00,Surabaya,Jawa Timur,Java,33.8,36.7,97.0
2026-09-16 14:00:00,Surabaya,Jawa Timur,Java,42.0,44.8,117.0
2026-09-16 15:00:00,Surabaya,Jawa Timur,Java,52.4,55.2,142.6
2026-09-16 16:00:00,Surabaya,Jawa Timur,Java,61.5,64.5,155.2
2026-09-16 17:00:00,Surabaya,Jawa Timur,Java,67.8,70.8,159.6
2026-09-16 18:00:00,Surabaya,Jawa Timur,Java,73.3,76.4,163.5
2026-09-16 19:00:00,Surabaya,Jawa Timur,Java,82.2,85.2,169.7
2026-09-16 20:00:00,Surabaya,Jawa Timur,Java,95.7,99.0,179.2
2026-09-16 21:00:00,Surabaya,Jawa Timur,Java,112.0,115.3,190.6
2026-09-16 22:00:00,Surabaya,Jawa Timur,Java,126.2,129.5,201.7
2026-09-16 23:00:00,Surabaya,Jawa Timur,Java,143.9,147.6,219.2
2026-09-07 00:00:00,Serang,Banten,Java,91.7,94.8,176.4
2026-09-07 01:00:00,Serang,Banten,Java,51.0,54.8,139.2
2026-09-07 02:00:00,Serang,Banten,Java,33.4,38.2,96.2
2026-09-07 03:00:00,Serang,Banten,Java,26.6,30.2,83.5
2026-09-07 04:00:00,Serang,Banten,Java,28.6,30.4,87.2
2026-09-07 05:00:00,Serang,Banten,Java,35.2,36.7,99.6
2026-09-07 06:00:00,Serang,Banten,Java,39.9,41.6,111.8
2026-09-07 07:00:00,Serang,Banten,Java,45.3,47.1,125.1
2026-09-07 08:00:00,Serang,Banten,Java,44.7,47.4,123.7
2026-09-07 09:00:00,Serang,Banten,Java,38.4,42.0,108.1
2026-09-07 10:00:00,Serang,Banten,Java,32.2,37.1,94.0
2026-09-07 11:00:00,Serang,Banten,Java,30.5,35.7,90.8
2026-09-07 12:00:00,Serang,Banten,Java,43.3,48.3,120.2
2026-09-07 13:00:00,Serang,Banten,Java,59.8,66.6,154.0
2026-09-07 14:00:00,Serang,Banten,Java,79.6,86.6,167.9
2026-09-07 15:00:00,Serang,Banten,Java,100.8,107.6,182.8
2026-09-07 16:00:00,Serang,Banten,Java,118.0,124.3,194.8
2026-09-07 17:00:00,Serang,Banten,Java,128.5,134.6,204.0
2026-09-07 18:00:00,Serang,Banten,Java,134.1,139.7,209.5
2026-09-07 19:00:00,Serang,Banten,Java,133.6,138.8,209.0
2026-09-07 20:00:00,Serang,Banten,Java,128.5,133.2,204.0
2026-09-07 21:00:00,Serang,Banten,Java,121.1,125.7,197.0
2026-09-07 22:00:00,Serang,Banten,Java,112.7,116.4,191.1
2026-09-07 23:00:00,Serang,Banten,Java,109.4,113.2,188.8
2026-09-08 00:00:00,Serang,Banten,Java,97.8,100.8,180.7
2026-09-08 01:00:00,Serang,Banten,Java,47.5,51.9,130.5
2026-09-08 02:00:00,Serang,Banten,Java,29.9,34.8,89.7
2026-09-08 03:00:00,Serang,Banten,Java,26.6,31.7,83.5
2026-09-08 04:00:00,Serang,Banten,Java,27.6,32.0,85.4
2026-09-08 05:00:00,Serang,Banten,Java,30.6,33.1,91.0
2026-09-08 06:00:00,Serang,Banten,Java,35.5,38.1,101.0
2026-09-08 07:00:00,Serang,Banten,Java,37.6,40.7,106.2
2026-09-08 08:00:00,Serang,Banten,Java,35.2,39.0,99.6
2026-09-08 09:00:00,Serang,Banten,Java,37.0,40.7,104.7
2026-09-08 10:00:00,Serang,Banten,Java,25.1,28.6,80.7
2026-09-08 11:00:00,Serang,Banten,Java,25.9,30.0,82.2
2026-09-08 12:00:00,Serang,Banten,Java,29.3,33.5,88.5
2026-09-08 13:00:00,Serang,Banten,Java,34.3,38.3,97.9
2026-09-08 14:00:00,Serang,Banten,Java,39.5,42.7,110.8
2026-09-08 15:00:00,Serang,Banten,Java,47.8,50.2,131.3
2026-09-08 16:00:00,Serang,Banten,Java,56.6,58.4,151.8
2026-09-08 17:00:00,Serang,Banten,Java,61.0,62.6,154.9
2026-09-08 18:00:00,Serang,Banten,Java,64.7,66.6,157.4
2026-09-08 19:00:00,Serang,Banten,Java,69.2,71.0,160.6
2026-09-08 20:00:00,Serang,Banten,Java,75.0,77.1,164.7
2026-09-08 21:00:00,Serang,Banten,Java,80.6,83.1,168.6
2026-09-08 22:00:00,Serang,Banten,Java,85.9,88.5,172.3
2026-09-08 23:00:00,Serang,Banten,Java,90.1,92.9,175.3
2026-09-09 00:00:00,Serang,Banten,Java,76.1,77.5,165.4
2026-09-09 01:00:00,Serang,Banten,Java,39.5,41.6,110.8
2026-09-09 02:00:00,Serang,Banten,Java,34.9,38.2,99.1
2026-09-09 03:00:00,Serang,Banten,Java,34.5,36.7,98.3
2026-09-09 04:00:00,Serang,Banten,Java,35.4,38.2,100.0
2026-09-09 05:00:00,Serang,Banten,Java,39.0,42.0,109.6
2026-09-09 06:00:00,Serang,Banten,Java,40.9,44.0,114.3
2026-09-09 07:00:00,Serang,Banten,Java,40.5,43.7,113.3
2026-09-09 08:00:00,Serang,Banten,Java,38.3,41.7,107.9
2026-09-09 09:00:00,Serang,Banten,Java,35.4,38.9,100.0
2026-09-09 10:00:00,Serang,Banten,Java,34.8,38.6,98.9
2026-09-09 11:00:00,Serang,Banten,Java,39.9,44.0,111.8
2026-09-09 12:00:00,Serang,Banten,Java,53.6,58.3,145.6
2026-09-09 13:00:00,Serang,Banten,Java,68.2,73.8,159.9
2026-09-09 14:00:00,Serang,Banten,Java,82.4,88.0,169.9
2026-09-09 15:00:00,Serang,Banten,Java,95.5,100.6,179.0
2026-09-09 16:00:00,Serang,Banten,Java,102.9,107.3,184.2
2026-09-09 17:00:00,Serang,Banten,Java,105.7,109.7,186.2
2026-09-09 18:00:00,Serang,Banten,Java,105.0,108.5,185.7
2026-09-09 19:00:00,Serang,Banten,Java,99.4,102.9,181.8
2026-09-09 20:00:00,Serang,Banten,Java,93.1,96.4,177.4
2026-09-09 21:00:00,Serang,Banten,Java,87.3,90.3,173.3
2026-09-09 22:00:00,Serang,Banten,Java,84.1,87.1,171.0
2026-09-09 23:00:00,Serang,Banten,Java,84.1,87.1,171.0
2026-09-10 00:00:00,Serang,Banten,Java,89.6,93.1,174.9
2026-09-10 01:00:00,Serang,Banten,Java,47.7,53.6,131.0
2026-09-10 02:00:00,Serang,Banten,Java,40.2,44.1,112.6
2026-09-10 03:00:00,Serang,Banten,Java,40.6,44.8,113.6
2026-09-10 04:00:00,Serang,Banten,Java,43.2,47.5,120.0
2026-09-10 05:00:00,Serang,Banten,Java,46.6,50.8,128.3
2026-09-10 06:00:00,Serang,Banten,Java,48.3,52.6,132.5
2026-09-10 07:00:00,Serang,Banten,Java,46.3,50.3,127.6
2026-09-10 08:00:00,Serang,Banten,Java,42.7,46.4,118.7
2026-09-10 09:00:00,Serang,Banten,Java,39.6,43.3,111.1
2026-09-10 10:00:00,Serang,Banten,Java,39.3,43.3,110.4
2026-09-10 11:00:00,Serang,Banten,Java,56.6,60.8,151.8
2026-09-10 12:00:00,Serang,Banten,Java,74.3,79.2,164.2
2026-09-10 13:00:00,Serang,Banten,Java,94.8,99.4,178.5
2026-09-10 14:00:00,Serang,Banten,Java,99.2,103.6,181.6
2026-09-10 15:00:00,Serang,Banten,Java,104.3,108.7,185.2
2026-09-10 16:00:00,Serang,Banten,Java,116.2,120.6,193.6
2026-09-10 17:00:00,Serang,Banten,Java,122.0,127.6,197.6
2026-09-10 18:00:00,Serang,Banten,Java,125.7,133.2,201.2
2026-09-10 19:00:00,Serang,Banten,Java,123.4,129.9,198.6
2026-09-10 20:00:00,Serang,Banten,Java,125.7,131.8,201.2
2026-09-10 21:00:00,Serang,Banten,Java,127.1,132.7,202.6
2026-09-10 22:00:00,Serang,Banten,Java,126.7,132.2,202.2
2026-09-10 23:00:00,Serang,Banten,Java,129.5,135.0,205.0
2026-09-11 00:00:00,Serang,Banten,Java,107.1,111.5,187.2
2026-09-11 01:00:00,Serang,Banten,Java,83.4,86.6,170.6
2026-09-11 02:00:00,Serang,Banten,Java,56.1,59.6,151.4
2026-09-11 03:00:00,Serang,Banten,Java,55.8,59.0,151.2
2026-09-11 04:00:00,Serang,Banten,Java,61.0,63.8,154.9
2026-09-11 05:00:00,Serang,Banten,Java,70.5,73.3,161.5
2026-09-11 06:00:00,Serang,Banten,Java,78.2,81.3,166.9
2026-09-11 07:00:00,Serang,Banten,Java,82.2,85.2,169.7
2026-09-11 08:00:00,Serang,Banten,Java,78.9,82.2,167.4
2026-09-11 09:00:00,Serang,Banten,Java,70.1,73.3,161.2
2026-09-11 10:00:00,Serang,Banten,Java,62.2,65.4,155.7
2026-09-11 11:00:00,Serang,Banten,Java,58.1,61.2,152.8
2026-09-11 12:00:00,Serang,Banten,Java,42.1,45.5,117.3
2026-09-11 13:00:00,Serang,Banten,Java,56.7,61.2,151.8
2026-09-11 14:00:00,Serang,Banten,Java,74.7,80.1,164.5
2026-09-11 15:00:00,Serang,Banten,Java,93.1,99.0,177.4
2026-09-11 16:00:00,Serang,Banten,Java,104.8,110.6,185.6
2026-09-11 17:00:00,Serang,Banten,Java,108.0,113.9,187.8
2026-09-11 18:00:00,Serang,Banten,Java,108.3,113.6,188.0
2026-09-11 19:00:00,Serang,Banten,Java,107.1,112.2,187.2
2026-09-11 20:00:00,Serang,Banten,Java,110.4,115.5,189.5
2026-09-11 21:00:00,Serang,Banten,Java,114.8,119.7,192.6
2026-09-11 22:00:00,Serang,Banten,Java,117.6,122.5,194.5
2026-09-11 23:00:00,Serang,Banten,Java,123.4,128.5,198.6
2026-09-12 00:00:00,Serang,Banten,Java,72.2,76.4,162.7
2026-09-12 01:00:00,Serang,Banten,Java,50.4,56.7,137.7
2026-09-12 02:00:00,Serang,Banten,Java,48.4,54.2,132.8
2026-09-12 03:00:00,Serang,Banten,Java,48.2,52.5,132.3
2026-09-12 04:00:00,Serang,Banten,Java,49.1,51.9,134.5
2026-09-12 05:00:00,Serang,Banten,Java,50.3,53.0,137.4
2026-09-12 06:00:00,Serang,Banten,Java,49.1,51.8,134.5
2026-09-12 07:00:00,Serang,Banten,Java,45.6,48.2,125.9
2026-09-12 08:00:00,Serang,Banten,Java,41.4,43.9,115.5
2026-09-12 09:00:00,Serang,Banten,Java,36.7,39.0,104.0
2026-09-12 10:00:00,Serang,Banten,Java,33.4,35.9,96.2
2026-09-12 11:00:00,Serang,Banten,Java,34.8,37.7,98.9
2026-09-12 12:00:00,Serang,Banten,Java,30.3,33.2,90.4
2026-09-12 13:00:00,Serang,Banten,Java,37.6,40.5,106.2
2026-09-12 14:00:00,Serang,Banten,Java,54.8,58.7,148.5
2026-09-12 15:00:00,Serang,Banten,Java,74.0,78.0,164.0
2026-09-12 16:00:00,Serang,Banten,Java,87.5,91.5,173.4
2026-09-12 17:00:00,Serang,Banten,Java,93.1,96.6,177.4
2026-09-12 18:00:00,Serang,Banten,Java,94.3,97.6,178.2
2026-09-12 19:00:00,Serang,Banten,Java,93.6,96.2,177.7
2026-09-12 20:00:00,Serang,Banten,Java,93.8,95.9,177.8
2026-09-12 21:00:00,Serang,Banten,Java,95.5,97.6,179.0
2026-09-12 22:00:00,Serang,Banten,Java,100.1,102.2,182.3
2026-09-12 23:00:00,Serang,Banten,Java,108.3,110.4,188.0
2026-09-13 00:00:00,Serang,Banten,Java,80.6,83.1,168.6
2026-09-13 01:00:00,Serang,Banten,Java,50.6,52.2,138.2
2026-09-13 02:00:00,Serang,Banten,Java,38.8,40.4,109.1
2026-09-13 03:00:00,Serang,Banten,Java,38.0,39.2,107.2
2026-09-13 04:00:00,Serang,Banten,Java,37.8,38.8,106.7
2026-09-13 05:00:00,Serang,Banten,Java,38.3,39.2,107.9
2026-09-13 06:00:00,Serang,Banten,Java,36.2,36.9,102.7
2026-09-13 07:00:00,Serang,Banten,Java,29.9,30.6,89.7
2026-09-13 08:00:00,Serang,Banten,Java,22.8,23.6,76.3
2026-09-13 09:00:00,Serang,Banten,Java,18.0,19.2,67.3
2026-09-13 10:00:00,Serang,Banten,Java,19.3,21.7,69.8
2026-09-13 11:00:00,Serang,Banten,Java,30.9,33.4,91.6
2026-09-13 12:00:00,Serang,Banten,Java,57.6,61.9,152.5
2026-09-13 13:00:00,Serang,Banten,Java,75.7,81.7,165.2
2026-09-13 14:00:00,Serang,Banten,Java,93.1,99.7,177.4
2026-09-13 15:00:00,Serang,Banten,Java,108.3,114.8,188.0
2026-09-13 16:00:00,Serang,Banten,Java,119.0,125.3,195.5
2026-09-13 17:00:00,Serang,Banten,Java,125.7,131.8,201.2
2026-09-13 18:00:00,Serang,Banten,Java,129.9,136.0,205.4
2026-09-13 19:00:00,Serang,Banten,Java,128.1,133.6,203.6
2026-09-13 20:00:00,Serang,Banten,Java,122.5,127.6,198.0
2026-09-13 21:00:00,Serang,Banten,Java,118.7,123.9,195.3
2026-09-13 22:00:00,Serang,Banten,Java,117.8,122.5,194.7
2026-09-13 23:00:00,Serang,Banten,Java,119.2,124.3,195.7
2026-09-14 00:00:00,Serang,Banten,Java,103.6,109.2,184.7
2026-09-14 01:00:00,Serang,Banten,Java,68.5,75.9,160.1
2026-09-14 02:00:00,Serang,Banten,Java,50.1,57.0,136.9
2026-09-14 03:00:00,Serang,Banten,Java,47.6,51.8,130.8
2026-09-14 04:00:00,Serang,Banten,Java,49.9,52.4,136.5
2026-09-14 05:00:00,Serang,Banten,Java,52.3,54.5,142.4
2026-09-14 06:00:00,Serang,Banten,Java,48.9,51.0,134.0
2026-09-14 07:00:00,Serang,Banten,Java,40.7,42.8,113.8
2026-09-14 08:00:00,Serang,Banten,Java,32.4,34.5,94.4
2026-09-14 09:00:00,Serang,Banten,Java,26.3,28.7,82.9
2026-09-14 10:00:00,Serang,Banten,Java,25.8,29.3,82.0
2026-09-14 11:00:00,Serang,Banten,Java,30.4,34.1,90.6
2026-09-14 12:00:00,Serang,Banten,Java,39.3,44.1,110.4
2026-09-14 13:00:00,Serang,Banten,Java,60.8,66.1,154.7
2026-09-14 14:00:00,Serang,Banten,Java,83.6,88.9,170.7
2026-09-14 15:00:00,Serang,Banten,Java,102.2,107.8,183.7
2026-09-14 16:00:00,Serang,Banten,Java,113.6,119.0,191.7
2026-09-14 17:00:00,Serang,Banten,Java,117.3,122.5,194.3
2026-09-14 18:00:00,Serang,Banten,Java,118.0,122.9,194.8
2026-09-14 19:00:00,Serang,Banten,Java,117.8,122.5,194.7
2026-09-14 20:00:00,Serang,Banten,Java,117.8,122.5,194.7
2026-09-14 21:00:00,Serang,Banten,Java,117.8,122.9,194.7
2026-09-14 22:00:00,Serang,Banten,Java,115.3,120.6,192.9
2026-09-14 23:00:00,Serang,Banten,Java,113.2,118.0,191.4
2026-09-15 00:00:00,Serang,Banten,Java,105.9,110.8,186.3
2026-09-15 01:00:00,Serang,Banten,Java,52.0,58.9,141.6
2026-09-15 02:00:00,Serang,Banten,Java,38.8,46.2,109.1
2026-09-15 03:00:00,Serang,Banten,Java,36.0,41.1,102.2
2026-09-15 04:00:00,Serang,Banten,Java,37.1,40.7,104.9
2026-09-15 05:00:00,Serang,Banten,Java,40.9,43.1,114.3
2026-09-15 06:00:00,Serang,Banten,Java,42.8,45.1,119.0
2026-09-15 07:00:00,Serang,Banten,Java,41.8,44.0,116.5
2026-09-15 08:00:00,Serang,Banten,Java,40.5,42.6,113.3
2026-09-15 09:00:00,Serang,Banten,Java,38.1,40.4,107.4
2026-09-15 10:00:00,Serang,Banten,Java,35.9,38.4,102.0
2026-09-15 11:00:00,Serang,Banten,Java,36.3,40.0,103.0
2026-09-15 12:00:00,Serang,Banten,Java,73.8,77.3,163.8
2026-09-15 13:00:00,Serang,Banten,Java,70.3,73.8,161.4
2026-09-15 14:00:00,Serang,Banten,Java,72.2,76.6,162.7
2026-09-15 15:00:00,Serang,Banten,Java,75.9,81.5,165.3
2026-09-15 16:00:00,Serang,Banten,Java,85.7,91.3,172.2
2026-09-15 17:00:00,Serang,Banten,Java,96.9,102.2,180.0
2026-09-15 18:00:00,Serang,Banten,Java,108.3,113.4,188.0
2026-09-15 19:00:00,Serang,Banten,Java,116.4,121.5,193.7
2026-09-15 20:00:00,Serang,Banten,Java,120.1,125.3,196.3
2026-09-15 21:00:00,Serang,Banten,Java,120.6,125.3,196.6
2026-09-15 22:00:00,Serang,Banten,Java,120.6,124.8,196.6
2026-09-15 23:00:00,Serang,Banten,Java,124.3,129.0,199.2
2026-09-16 00:00:00,Serang,Banten,Java,122.5,126.7,198.0
2026-09-16 01:00:00,Serang,Banten,Java,76.1,80.8,165.4
2026-09-16 02:00:00,Serang,Banten,Java,42.4,49.8,118.0
2026-09-16 03:00:00,Serang,Banten,Java,36.9,42.1,104.4
2026-09-16 04:00:00,Serang,Banten,Java,39.7,45.5,111.3
2026-09-16 05:00:00,Serang,Banten,Java,42.1,46.8,117.3
2026-09-16 06:00:00,Serang,Banten,Java,49.2,51.6,134.7
2026-09-16 07:00:00,Serang,Banten,Java,51.3,53.7,139.9
2026-09-16 08:00:00,Serang,Banten,Java,50.9,53.1,138.9
2026-09-16 09:00:00,Serang,Banten,Java,50.4,52.6,137.7
2026-09-16 10:00:00,Serang,Banten,Java,46.7,49.2,128.6
2026-09-16 11:00:00,Serang,Banten,Java,43.9,46.3,121.7
2026-09-16 12:00:00,Serang,Banten,Java,49.0,51.6,134.2
2026-09-16 13:00:00,Serang,Banten,Java,58.7,62.2,153.2
2026-09-16 14:00:00,Serang,Banten,Java,71.5,75.0,162.2
2026-09-16 15:00:00,Serang,Banten,Java,87.5,92.0,173.4
2026-09-16 16:00:00,Serang,Banten,Java,104.3,108.7,185.2
2026-09-16 17:00:00,Serang,Banten,Java,117.6,121.5,194.5
2026-09-16 18:00:00,Serang,Banten,Java,128.1,131.8,203.6
2026-09-16 19:00:00,Serang,Banten,Java,134.1,137.8,209.5
2026-09-16 20:00:00,Serang,Banten,Java,135.0,138.3,210.4
2026-09-16 21:00:00,Serang,Banten,Java,136.0,139.2,211.4
2026-09-16 22:00:00,Serang,Banten,Java,139.7,143.0,215.1
2026-09-16 23:00:00,Serang,Banten,Java,149.5,152.7,224.8
2026-09-07 00:00:00,Denpasar,Bali,Bali & Nusa Tenggara,10.2,14.9,52.7
2026-09-07 01:00:00,Denpasar,Bali,Bali & Nusa Tenggara,10.4,15.4,53.1
2026-09-07 02:00:00,Denpasar,Bali,Bali & Nusa Tenggara,10.3,15.5,52.9
2026-09-07 03:00:00,Denpasar,Bali,Bali & Nusa Tenggara,10.7,16.4,53.6
2026-09-07 04:00:00,Denpasar,Bali,Bali & Nusa Tenggara,11.0,17.0,54.2
2026-09-07 05:00:00,Denpasar,Bali,Bali & Nusa Tenggara,11.2,17.6,54.6
2026-09-07 06:00:00,Denpasar,Bali,Bali & Nusa Tenggara,11.5,18.1,55.1
2026-09-07 07:00:00,Denpasar,Bali,Bali & Nusa Tenggara,12.2,19.3,56.4
2026-09-07 08:00:00,Denpasar,Bali,Bali & Nusa Tenggara,12.5,19.7,57.0
2026-09-07 09:00:00,Denpasar,Bali,Bali & Nusa Tenggara,13.0,20.5,57.9
2026-09-07 10:00:00,Denpasar,Bali,Bali & Nusa Tenggara,13.1,20.6,58.1
2026-09-07 11:00:00,Denpasar,Bali,Bali & Nusa Tenggara,13.6,21.0,59.1
2026-09-07 12:00:00,Denpasar,Bali,Bali & Nusa Tenggara,12.8,19.1,57.6
2026-09-07 13:00:00,Denpasar,Bali,Bali & Nusa Tenggara,13.0,19.3,57.9
2026-09-07 14:00:00,Denpasar,Bali,Bali & Nusa Tenggara,14.5,21.2,60.8
2026-09-07 15:00:00,Denpasar,Bali,Bali & Nusa Tenggara,14.3,20.7,60.4
2026-09-07 16:00:00,Denpasar,Bali,Bali & Nusa Tenggara,14.5,21.0,60.8
2026-09-07 17:00:00,Denpasar,Bali,Bali & Nusa Tenggara,14.5,20.9,60.8
2026-09-07 18:00:00,Denpasar,Bali,Bali & Nusa Tenggara,14.5,20.8,60.8
2026-09-07 19:00:00,Denpasar,Bali,Bali & Nusa Tenggara,14.9,21.3,61.5
2026-09-07 20:00:00,Denpasar,Bali,Bali & Nusa Tenggara,15.1,21.4,61.9
2026-09-07 21:00:00,Denpasar,Bali,Bali & Nusa Tenggara,15.1,21.0,61.9
2026-09-07 22:00:00,Denpasar,Bali,Bali & Nusa Tenggara,15.4,21.1,62.5
2026-09-07 23:00:00,Denpasar,Bali,Bali & Nusa Tenggara,17.1,22.5,65.6
2026-09-08 00:00:00,Denpasar,Bali,Bali & Nusa Tenggara,10.7,15.7,53.6
2026-09-08 01:00:00,Denpasar,Bali,Bali & Nusa Tenggara,9.7,14.4,51.8
2026-09-08 02:00:00,Denpasar,Bali,Bali & Nusa Tenggara,9.7,14.3,51.8
2026-09-08 03:00:00,Denpasar,Bali,Bali & Nusa Tenggara,9.7,14.4,51.8
2026-09-08 04:00:00,Denpasar,Bali,Bali & Nusa Tenggara,9.4,14.3,51.2
2026-09-08 05:00:00,Denpasar,Bali,Bali & Nusa Tenggara,9.1,14.1,49.5
2026-09-08 06:00:00,Denpasar,Bali,Bali & Nusa Tenggara,9.0,14.1,48.9
2026-09-08 07:00:00,Denpasar,Bali,Bali & Nusa Tenggara,9.1,14.4,49.5
2026-09-08 08:00:00,Denpasar,Bali,Bali & Nusa Tenggara,9.6,15.1,51.6
2026-09-08 09:00:00,Denpasar,Bali,Bali & Nusa Tenggara,10.4,16.0,53.1
2026-09-08 10:00:00,Denpasar,Bali,Bali & Nusa Tenggara,10.5,16.1,53.3
2026-09-08 11:00:00,Denpasar,Bali,Bali & Nusa Tenggara,11.6,16.9,55.3
2026-09-08 12:00:00,Denpasar,Bali,Bali & Nusa Tenggara,13.5,19.3,58.9
2026-09-08 13:00:00,Denpasar,Bali,Bali & Nusa Tenggara,13.8,19.7,59.4
2026-09-08 14:00:00,Denpasar,Bali,Bali & Nusa Tenggara,15.2,21.3,62.1
2026-09-08 15:00:00,Denpasar,Bali,Bali & Nusa Tenggara,16.4,22.8,64.3
2026-09-08 16:00:00,Denpasar,Bali,Bali & Nusa Tenggara,16.9,23.3,65.3
2026-09-08 17:00:00,Denpasar,Bali,Bali & Nusa Tenggara,16.9,23.4,65.3
2026-09-08 18:00:00,Denpasar,Bali,Bali & Nusa Tenggara,17.1,23.5,65.6
2026-09-08 19:00:00,Denpasar,Bali,Bali & Nusa Tenggara,16.8,23.2,65.1
2026-09-08 20:00:00,Denpasar,Bali,Bali & Nusa Tenggara,16.5,22.9,64.5
2026-09-08 21:00:00,Denpasar,Bali,Bali & Nusa Tenggara,16.1,22.4,63.8
2026-09-08 22:00:00,Denpasar,Bali,Bali & Nusa Tenggara,15.7,21.4,63.0
2026-09-08 23:00:00,Denpasar,Bali,Bali & Nusa Tenggara,15.9,21.3,63.4
2026-09-09 00:00:00,Denpasar,Bali,Bali & Nusa Tenggara,11.2,16.1,54.6
2026-09-09 01:00:00,Denpasar,Bali,Bali & Nusa Tenggara,11.4,16.5,54.9
2026-09-09 02:00:00,Denpasar,Bali,Bali & Nusa Tenggara,11.0,16.1,54.2
2026-09-09 03:00:00,Denpasar,Bali,Bali & Nusa Tenggara,11.1,16.4,54.4
2026-09-09 04:00:00,Denpasar,Bali,Bali & Nusa Tenggara,11.1,16.5,54.4
2026-09-09 05:00:00,Denpasar,Bali,Bali & Nusa Tenggara,11.0,16.8,54.2
2026-09-09 06:00:00,Denpasar,Bali,Bali & Nusa Tenggara,10.9,16.6,54.0
2026-09-09 07:00:00,Denpasar,Bali,Bali & Nusa Tenggara,10.9,16.8,54.0
2026-09-09 08:00:00,Denpasar,Bali,Bali & Nusa Tenggara,11.3,17.4,54.8
2026-09-09 09:00:00,Denpasar,Bali,Bali & Nusa Tenggara,12.0,18.4,56.1
2026-09-09 10:00:00,Denpasar,Bali,Bali & Nusa Tenggara,11.9,18.3,55.9
2026-09-09 11:00:00,Denpasar,Bali,Bali & Nusa Tenggara,12.9,19.2,57.8
2026-09-09 12:00:00,Denpasar,Bali,Bali & Nusa Tenggara,13.1,19.4,58.1
2026-09-09 13:00:00,Denpasar,Bali,Bali & Nusa Tenggara,13.0,19.2,57.9
2026-09-09 14:00:00,Denpasar,Bali,Bali & Nusa Tenggara,14.1,20.6,60.0
2026-09-09 15:00:00,Denpasar,Bali,Bali & Nusa Tenggara,14.6,21.0,61.0
2026-09-09 16:00:00,Denpasar,Bali,Bali & Nusa Tenggara,15.7,22.1,63.0
2026-09-09 17:00:00,Denpasar,Bali,Bali & Nusa Tenggara,16.1,22.5,63.8
2026-09-09 18:00:00,Denpasar,Bali,Bali & Nusa Tenggara,16.6,23.0,64.7
2026-09-09 19:00:00,Denpasar,Bali,Bali & Nusa Tenggara,16.2,22.4,64.0
2026-09-09 20:00:00,Denpasar,Bali,Bali & Nusa Tenggara,15.3,21.0,62.3
2026-09-09 21:00:00,Denpasar,Bali,Bali & Nusa Tenggara,14.6,20.0,61.0
2026-09-09 22:00:00,Denpasar,Bali,Bali & Nusa Tenggara,14.3,19.6,60.4
2026-09-09 23:00:00,Denpasar,Bali,Bali & Nusa Tenggara,15.3,20.3,62.3
2026-09-10 00:00:00,Denpasar,Bali,Bali & Nusa Tenggara,9.0,13.3,48.9
2026-09-10 01:00:00,Denpasar,Bali,Bali & Nusa Tenggara,8.8,13.1,47.8
2026-09-10 02:00:00,Denpasar,Bali,Bali & Nusa Tenggara,9.2,13.8,50.0
2026-09-10 03:00:00,Denpasar,Bali,Bali & Nusa Tenggara,9.4,14.3,51.2
2026-09-10 04:00:00,Denpasar,Bali,Bali & Nusa Tenggara,9.7,14.9,51.8
2026-09-10 05:00:00,Denpasar,Bali,Bali & Nusa Tenggara,9.5,15.0,51.4
2026-09-10 06:00:00,Denpasar,Bali,Bali & Nusa Tenggara,9.7,15.3,51.8
2026-09-10 07:00:00,Denpasar,Bali,Bali & Nusa Tenggara,9.9,15.7,52.1
2026-09-10 08:00:00,Denpasar,Bali,Bali & Nusa Tenggara,10.0,15.8,52.3
2026-09-10 09:00:00,Denpasar,Bali,Bali & Nusa Tenggara,10.4,16.1,53.1
2026-09-10 10:00:00,Denpasar,Bali,Bali & Nusa Tenggara,10.9,16.6,54.0
2026-09-10 11:00:00,Denpasar,Bali,Bali & Nusa Tenggara,11.5,17.2,55.1
2026-09-10 12:00:00,Denpasar,Bali,Bali & Nusa Tenggara,10.7,15.8,53.6
2026-09-10 13:00:00,Denpasar,Bali,Bali & Nusa Tenggara,10.9,15.9,54.0
2026-09-10 14:00:00,Denpasar,Bali,Bali & Nusa Tenggara,11.1,16.2,54.4
2026-09-10 15:00:00,Denpasar,Bali,Bali & Nusa Tenggara,11.6,16.9,55.3
2026-09-10 16:00:00,Denpasar,Bali,Bali & Nusa Tenggara,11.1,16.1,54.4
2026-09-10 17:00:00,Denpasar,Bali,Bali & Nusa Tenggara,10.9,15.9,54.0
2026-09-10 18:00:00,Denpasar,Bali,Bali & Nusa Tenggara,10.7,15.7,53.6
2026-09-10 19:00:00,Denpasar,Bali,Bali & Nusa Tenggara,10.7,15.7,53.6
2026-09-10 20:00:00,Denpasar,Bali,Bali & Nusa Tenggara,10.6,15.6,53.4
2026-09-10 21:00:00,Denpasar,Bali,Bali & Nusa Tenggara,10.6,15.5,53.4
2026-09-10 22:00:00,Denpasar,Bali,Bali & Nusa Tenggara,10.7,15.5,53.6
2026-09-10 23:00:00,Denpasar,Bali,Bali & Nusa Tenggara,11.8,16.5,55.7
2026-09-11 00:00:00,Denpasar,Bali,Bali & Nusa Tenggara,8.3,11.8,45.1
2026-09-11 01:00:00,Denpasar,Bali,Bali & Nusa Tenggara,8.7,12.2,47.3
2026-09-11 02:00:00,Denpasar,Bali,Bali & Nusa Tenggara,8.9,12.5,48.4
2026-09-11 03:00:00,Denpasar,Bali,Bali & Nusa Tenggara,8.9,12.5,48.4
2026-09-11 04:00:00,Denpasar,Bali,Bali & Nusa Tenggara,8.4,12.1,45.7
2026-09-11 05:00:00,Denpasar,Bali,Bali & Nusa Tenggara,8.1,11.9,44.0
2026-09-11 06:00:00,Denpasar,Bali,Bali & Nusa Tenggara,8.1,12.0,44.0
2026-09-11 07:00:00,Denpasar,Bali,Bali & Nusa Tenggara,8.1,11.8,44.0
2026-09-11 08:00:00,Denpasar,Bali,Bali & Nusa Tenggara,7.9,11.8,42.9
2026-09-11 09:00:00,Denpasar,Bali,Bali & Nusa Tenggara,8.3,12.3,45.1
2026-09-11 10:00:00,Denpasar,Bali,Bali & Nusa Tenggara,8.7,12.9,47.3
2026-09-11 11:00:00,Denpasar,Bali,Bali & Nusa Tenggara,9.4,13.6,51.2
2026-09-11 12:00:00,Denpasar,Bali,Bali & Nusa Tenggara,12.1,17.3,56.3
2026-09-11 13:00:00,Denpasar,Bali,Bali & Nusa Tenggara,11.8,16.8,55.7
2026-09-11 14:00:00,Denpasar,Bali,Bali & Nusa Tenggara,11.5,16.4,55.1
2026-09-11 15:00:00,Denpasar,Bali,Bali & Nusa Tenggara,11.2,16.1,54.6
2026-09-11 16:00:00,Denpasar,Bali,Bali & Nusa Tenggara,10.8,15.7,53.8
2026-09-11 17:00:00,Denpasar,Bali,Bali & Nusa Tenggara,10.0,14.4,52.3
2026-09-11 18:00:00,Denpasar,Bali,Bali & Nusa Tenggara,9.7,14.3,51.8
2026-09-11 19:00:00,Denpasar,Bali,Bali & Nusa Tenggara,9.3,13.6,51.0
2026-09-11 20:00:00,Denpasar,Bali,Bali & Nusa Tenggara,9.4,13.9,51.2
2026-09-11 21:00:00,Denpasar,Bali,Bali & Nusa Tenggara,8.8,13.1,47.8
2026-09-11 22:00:00,Denpasar,Bali,Bali & Nusa Tenggara,8.8,13.1,47.8
2026-09-11 23:00:00,Denpasar,Bali,Bali & Nusa Tenggara,10.2,14.5,52.7
2026-09-12 00:00:00,Denpasar,Bali,Bali & Nusa Tenggara,10.7,15.1,53.6
2026-09-12 01:00:00,Denpasar,Bali,Bali & Nusa Tenggara,11.2,15.6,54.6
2026-09-12 02:00:00,Denpasar,Bali,Bali & Nusa Tenggara,11.7,16.1,55.5
2026-09-12 03:00:00,Denpasar,Bali,Bali & Nusa Tenggara,12.1,16.4,56.3
2026-09-12 04:00:00,Denpasar,Bali,Bali & Nusa Tenggara,11.4,15.8,54.9
2026-09-12 05:00:00,Denpasar,Bali,Bali & Nusa Tenggara,10.7,15.0,53.6
2026-09-12 06:00:00,Denpasar,Bali,Bali & Nusa Tenggara,10.2,14.3,52.7
2026-09-12 07:00:00,Denpasar,Bali,Bali & Nusa Tenggara,9.7,13.7,51.8
2026-09-12 08:00:00,Denpasar,Bali,Bali & Nusa Tenggara,9.7,13.7,51.8
2026-09-12 09:00:00,Denpasar,Bali,Bali & Nusa Tenggara,10.1,14.0,52.5
2026-09-12 10:00:00,Denpasar,Bali,Bali & Nusa Tenggara,10.6,14.3,53.4
2026-09-12 11:00:00,Denpasar,Bali,Bali & Nusa Tenggara,10.9,14.7,54.0
2026-09-12 12:00:00,Denpasar,Bali,Bali & Nusa Tenggara,12.4,16.1,56.8
2026-09-12 13:00:00,Denpasar,Bali,Bali & Nusa Tenggara,12.4,15.9,56.8
2026-09-12 14:00:00,Denpasar,Bali,Bali & Nusa Tenggara,12.6,16.3,57.2
2026-09-12 15:00:00,Denpasar,Bali,Bali & Nusa Tenggara,12.7,16.5,57.4
2026-09-12 16:00:00,Denpasar,Bali,Bali & Nusa Tenggara,11.4,15.7,54.9
2026-09-12 17:00:00,Denpasar,Bali,Bali & Nusa Tenggara,10.8,15.2,53.8
2026-09-12 18:00:00,Denpasar,Bali,Bali & Nusa Tenggara,10.5,15.0,53.3
2026-09-12 19:00:00,Denpasar,Bali,Bali & Nusa Tenggara,10.5,15.2,53.3
2026-09-12 20:00:00,Denpasar,Bali,Bali & Nusa Tenggara,10.7,15.4,53.6
2026-09-12 21:00:00,Denpasar,Bali,Bali & Nusa Tenggara,10.7,15.3,53.6
2026-09-12 22:00:00,Denpasar,Bali,Bali & Nusa Tenggara,10.3,14.8,52.9
2026-09-12 23:00:00,Denpasar,Bali,Bali & Nusa Tenggara,11.1,15.6,54.4
2026-09-13 00:00:00,Denpasar,Bali,Bali & Nusa Tenggara,12.7,17.1,57.4
2026-09-13 01:00:00,Denpasar,Bali,Bali & Nusa Tenggara,12.7,17.0,57.4
2026-09-13 02:00:00,Denpasar,Bali,Bali & Nusa Tenggara,13.2,17.4,58.3
2026-09-13 03:00:00,Denpasar,Bali,Bali & Nusa Tenggara,13.1,17.1,58.1
2026-09-13 04:00:00,Denpasar,Bali,Bali & Nusa Tenggara,12.3,16.4,56.6
2026-09-13 05:00:00,Denpasar,Bali,Bali & Nusa Tenggara,11.6,15.5,55.3
2026-09-13 06:00:00,Denpasar,Bali,Bali & Nusa Tenggara,11.1,15.1,54.4
2026-09-13 07:00:00,Denpasar,Bali,Bali & Nusa Tenggara,10.9,15.0,54.0
2026-09-13 08:00:00,Denpasar,Bali,Bali & Nusa Tenggara,11.1,15.3,54.4
2026-09-13 09:00:00,Denpasar,Bali,Bali & Nusa Tenggara,11.5,15.9,55.1
2026-09-13 10:00:00,Denpasar,Bali,Bali & Nusa Tenggara,11.6,16.1,55.3
2026-09-13 11:00:00,Denpasar,Bali,Bali & Nusa Tenggara,12.0,16.5,56.1
2026-09-13 12:00:00,Denpasar,Bali,Bali & Nusa Tenggara,11.8,16.5,55.7
2026-09-13 13:00:00,Denpasar,Bali,Bali & Nusa Tenggara,12.2,17.1,56.4
2026-09-13 14:00:00,Denpasar,Bali,Bali & Nusa Tenggara,12.3,17.5,56.6
2026-09-13 15:00:00,Denpasar,Bali,Bali & Nusa Tenggara,12.0,17.5,56.1
2026-09-13 16:00:00,Denpasar,Bali,Bali & Nusa Tenggara,11.1,16.4,54.4
2026-09-13 17:00:00,Denpasar,Bali,Bali & Nusa Tenggara,10.2,15.4,52.7
2026-09-13 18:00:00,Denpasar,Bali,Bali & Nusa Tenggara,9.6,14.5,51.6
2026-09-13 19:00:00,Denpasar,Bali,Bali & Nusa Tenggara,9.0,13.6,48.9
2026-09-13 20:00:00,Denpasar,Bali,Bali & Nusa Tenggara,8.3,12.6,45.1
2026-09-13 21:00:00,Denpasar,Bali,Bali & Nusa Tenggara,7.6,11.5,41.3
2026-09-13 22:00:00,Denpasar,Bali,Bali & Nusa Tenggara,7.5,11.2,40.8
2026-09-13 23:00:00,Denpasar,Bali,Bali & Nusa Tenggara,7.7,11.3,41.8
2026-09-14 00:00:00,Denpasar,Bali,Bali & Nusa Tenggara,8.4,11.9,45.7
2026-09-14 01:00:00,Denpasar,Bali,Bali & Nusa Tenggara,9.7,13.2,51.8
2026-09-14 02:00:00,Denpasar,Bali,Bali & Nusa Tenggara,10.4,14.1,53.1
2026-09-14 03:00:00,Denpasar,Bali,Bali & Nusa Tenggara,10.4,14.3,53.1
2026-09-14 04:00:00,Denpasar,Bali,Bali & Nusa Tenggara,10.2,14.2,52.7
2026-09-14 05:00:00,Denpasar,Bali,Bali & Nusa Tenggara,10.2,14.4,52.7
2026-09-14 06:00:00,Denpasar,Bali,Bali & Nusa Tenggara,10.3,14.5,52.9
2026-09-14 07:00:00,Denpasar,Bali,Bali & Nusa Tenggara,10.2,14.7,52.7
2026-09-14 08:00:00,Denpasar,Bali,Bali & Nusa Tenggara,10.5,15.1,53.3
2026-09-14 09:00:00,Denpasar,Bali,Bali & Nusa Tenggara,10.7,15.5,53.6
2026-09-14 10:00:00,Denpasar,Bali,Bali & Nusa Tenggara,10.7,15.5,53.6
2026-09-14 11:00:00,Denpasar,Bali,Bali & Nusa Tenggara,10.3,15.3,52.9
2026-09-14 12:00:00,Denpasar,Bali,Bali & Nusa Tenggara,12.5,18.3,57.0
2026-09-14 13:00:00,Denpasar,Bali,Bali & Nusa Tenggara,11.8,17.6,55.7
2026-09-14 14:00:00,Denpasar,Bali,Bali & Nusa Tenggara,12.1,17.9,56.3
2026-09-14 15:00:00,Denpasar,Bali,Bali & Nusa Tenggara,12.6,18.7,57.2
2026-09-14 16:00:00,Denpasar,Bali,Bali & Nusa Tenggara,12.4,18.6,56.8
2026-09-14 17:00:00,Denpasar,Bali,Bali & Nusa Tenggara,11.7,17.7,55.5
2026-09-14 18:00:00,Denpasar,Bali,Bali & Nusa Tenggara,11.2,16.9,54.6
2026-09-14 19:00:00,Denpasar,Bali,Bali & Nusa Tenggara,10.9,16.4,54.0
2026-09-14 20:00:00,Denpasar,Bali,Bali & Nusa Tenggara,10.6,16.1,53.4
2026-09-14 21:00:00,Denpasar,Bali,Bali & Nusa Tenggara,10.5,16.1,53.3
2026-09-14 22:00:00,Denpasar,Bali,Bali & Nusa Tenggara,10.3,15.9,52.9
2026-09-14 23:00:00,Denpasar,Bali,Bali & Nusa Tenggara,10.6,15.9,53.4
2026-09-15 00:00:00,Denpasar,Bali,Bali & Nusa Tenggara,9.4,13.7,51.2
2026-09-15 01:00:00,Denpasar,Bali,Bali & Nusa Tenggara,10.0,14.0,52.3
2026-09-15 02:00:00,Denpasar,Bali,Bali & Nusa Tenggara,10.1,14.1,52.5
2026-09-15 03:00:00,Denpasar,Bali,Bali & Nusa Tenggara,9.9,14.1,52.1
2026-09-15 04:00:00,Denpasar,Bali,Bali & Nusa Tenggara,9.6,13.9,51.6
2026-09-15 05:00:00,Denpasar,Bali,Bali & Nusa Tenggara,9.4,13.8,51.2
2026-09-15 06:00:00,Denpasar,Bali,Bali & Nusa Tenggara,9.4,13.9,51.2
2026-09-15 07:00:00,Denpasar,Bali,Bali & Nusa Tenggara,9.3,13.8,51.0
2026-09-15 08:00:00,Denpasar,Bali,Bali & Nusa Tenggara,9.1,13.5,49.5
2026-09-15 09:00:00,Denpasar,Bali,Bali & Nusa Tenggara,9.0,13.4,48.9
2026-09-15 10:00:00,Denpasar,Bali,Bali & Nusa Tenggara,9.6,13.8,51.6
2026-09-15 11:00:00,Denpasar,Bali,Bali & Nusa Tenggara,9.7,14.3,51.8
2026-09-15 12:00:00,Denpasar,Bali,Bali & Nusa Tenggara,10.4,15.7,53.1
2026-09-15 13:00:00,Denpasar,Bali,Bali & Nusa Tenggara,10.9,16.0,54.0
2026-09-15 14:00:00,Denpasar,Bali,Bali & Nusa Tenggara,11.8,16.8,55.7
2026-09-15 15:00:00,Denpasar,Bali,Bali & Nusa Tenggara,12.5,17.5,57.0
2026-09-15 16:00:00,Denpasar,Bali,Bali & Nusa Tenggara,12.6,17.7,57.2
2026-09-15 17:00:00,Denpasar,Bali,Bali & Nusa Tenggara,12.4,17.6,56.8
2026-09-15 18:00:00,Denpasar,Bali,Bali & Nusa Tenggara,12.1,17.3,56.3
2026-09-15 19:00:00,Denpasar,Bali,Bali & Nusa Tenggara,11.6,16.8,55.3
2026-09-15 20:00:00,Denpasar,Bali,Bali & Nusa Tenggara,11.1,16.1,54.4
2026-09-15 21:00:00,Denpasar,Bali,Bali & Nusa Tenggara,10.9,15.9,54.0
2026-09-15 22:00:00,Denpasar,Bali,Bali & Nusa Tenggara,11.1,16.1,54.4
2026-09-15 23:00:00,Denpasar,Bali,Bali & Nusa Tenggara,11.8,16.6,55.7
2026-09-16 00:00:00,Denpasar,Bali,Bali & Nusa Tenggara,11.4,16.1,54.9
2026-09-16 01:00:00,Denpasar,Bali,Bali & Nusa Tenggara,11.7,16.0,55.5
2026-09-16 02:00:00,Denpasar,Bali,Bali & Nusa Tenggara,12.0,16.3,56.1
2026-09-16 03:00:00,Denpasar,Bali,Bali & Nusa Tenggara,12.3,16.6,56.6
2026-09-16 04:00:00,Denpasar,Bali,Bali & Nusa Tenggara,12.1,16.4,56.3
2026-09-16 05:00:00,Denpasar,Bali,Bali & Nusa Tenggara,11.8,16.1,55.7
2026-09-16 06:00:00,Denpasar,Bali,Bali & Nusa Tenggara,11.7,16.2,55.5
2026-09-16 07:00:00,Denpasar,Bali,Bali & Nusa Tenggara,11.3,15.8,54.8
2026-09-16 08:00:00,Denpasar,Bali,Bali & Nusa Tenggara,10.4,15.3,53.1
2026-09-16 09:00:00,Denpasar,Bali,Bali & Nusa Tenggara,10.1,15.0,52.5
2026-09-16 10:00:00,Denpasar,Bali,Bali & Nusa Tenggara,10.0,14.8,52.3
2026-09-16 11:00:00,Denpasar,Bali,Bali & Nusa Tenggara,10.7,15.6,53.6
2026-09-16 12:00:00,Denpasar,Bali,Bali & Nusa Tenggara,11.5,16.6,55.1
2026-09-16 13:00:00,Denpasar,Bali,Bali & Nusa Tenggara,13.4,18.9,58.7
2026-09-16 14:00:00,Denpasar,Bali,Bali & Nusa Tenggara,15.5,21.1,62.6
2026-09-16 15:00:00,Denpasar,Bali,Bali & Nusa Tenggara,16.7,22.2,64.9
2026-09-16 16:00:00,Denpasar,Bali,Bali & Nusa Tenggara,16.4,21.8,64.3
2026-09-16 17:00:00,Denpasar,Bali,Bali & Nusa Tenggara,17.7,22.7,66.8
2026-09-16 18:00:00,Denpasar,Bali,Bali & Nusa Tenggara,18.1,23.0,67.5
2026-09-16 19:00:00,Denpasar,Bali,Bali & Nusa Tenggara,18.0,23.1,67.3
2026-09-16 20:00:00,Denpasar,Bali,Bali & Nusa Tenggara,16.8,22.1,65.1
2026-09-16 21:00:00,Denpasar,Bali,Bali & Nusa Tenggara,16.7,21.8,64.9
2026-09-16 22:00:00,Denpasar,Bali,Bali & Nusa Tenggara,15.7,20.5,63.0
2026-09-16 23:00:00,Denpasar,Bali,Bali & Nusa Tenggara,16.4,20.9,64.3
2026-09-07 00:00:00,Mataram,Nusa Tenggara Barat,Bali & Nusa Tenggara,6.9,9.4,37.5
2026-09-07 01:00:00,Mataram,Nusa Tenggara Barat,Bali & Nusa Tenggara,8.0,10.7,43.5
2026-09-07 02:00:00,Mataram,Nusa Tenggara Barat,Bali & Nusa Tenggara,9.1,12.0,49.5
2026-09-07 03:00:00,Mataram,Nusa Tenggara Barat,Bali & Nusa Tenggara,9.7,12.8,51.8
2026-09-07 04:00:00,Mataram,Nusa Tenggara Barat,Bali & Nusa Tenggara,9.7,13.0,51.8
2026-09-07 05:00:00,Mataram,Nusa Tenggara Barat,Bali & Nusa Tenggara,9.5,12.9,51.4
2026-09-07 06:00:00,Mataram,Nusa Tenggara Barat,Bali & Nusa Tenggara,9.1,12.7,49.5
2026-09-07 07:00:00,Mataram,Nusa Tenggara Barat,Bali & Nusa Tenggara,8.9,12.7,48.4
2026-09-07 08:00:00,Mataram,Nusa Tenggara Barat,Bali & Nusa Tenggara,9.0,13.0,48.9
2026-09-07 09:00:00,Mataram,Nusa Tenggara Barat,Bali & Nusa Tenggara,9.4,13.6,51.2
2026-09-07 10:00:00,Mataram,Nusa Tenggara Barat,Bali & Nusa Tenggara,10.0,14.5,52.3
2026-09-07 11:00:00,Mataram,Nusa Tenggara Barat,Bali & Nusa Tenggara,10.4,15.2,53.1
2026-09-07 12:00:00,Mataram,Nusa Tenggara Barat,Bali & Nusa Tenggara,10.9,15.6,54.0
2026-09-07 13:00:00,Mataram,Nusa Tenggara Barat,Bali & Nusa Tenggara,11.1,15.7,54.4
2026-09-07 14:00:00,Mataram,Nusa Tenggara Barat,Bali & Nusa Tenggara,11.2,15.9,54.6
2026-09-07 15:00:00,Mataram,Nusa Tenggara Barat,Bali & Nusa Tenggara,11.0,15.5,54.2
2026-09-07 16:00:00,Mataram,Nusa Tenggara Barat,Bali & Nusa Tenggara,10.4,14.7,53.1
2026-09-07 17:00:00,Mataram,Nusa Tenggara Barat,Bali & Nusa Tenggara,9.8,14.0,51.9
2026-09-07 18:00:00,Mataram,Nusa Tenggara Barat,Bali & Nusa Tenggara,9.0,13.0,48.9
2026-09-07 19:00:00,Mataram,Nusa Tenggara Barat,Bali & Nusa Tenggara,8.4,12.3,45.7
2026-09-07 20:00:00,Mataram,Nusa Tenggara Barat,Bali & Nusa Tenggara,7.9,11.6,42.9
2026-09-07 21:00:00,Mataram,Nusa Tenggara Barat,Bali & Nusa Tenggara,7.5,10.9,40.8
2026-09-07 22:00:00,Mataram,Nusa Tenggara Barat,Bali & Nusa Tenggara,7.3,10.5,39.7
2026-09-07 23:00:00,Mataram,Nusa Tenggara Barat,Bali & Nusa Tenggara,7.6,10.6,41.3
2026-09-08 00:00:00,Mataram,Nusa Tenggara Barat,Bali & Nusa Tenggara,7.9,10.9,42.9
2026-09-08 01:00:00,Mataram,Nusa Tenggara Barat,Bali & Nusa Tenggara,8.8,11.8,47.8
2026-09-08 02:00:00,Mataram,Nusa Tenggara Barat,Bali & Nusa Tenggara,10.0,13.3,52.3
2026-09-08 03:00:00,Mataram,Nusa Tenggara Barat,Bali & Nusa Tenggara,10.8,14.4,53.8
2026-09-08 04:00:00,Mataram,Nusa Tenggara Barat,Bali & Nusa Tenggara,10.8,14.5,53.8
2026-09-08 05:00:00,Mataram,Nusa Tenggara Barat,Bali & Nusa Tenggara,10.6,14.4,53.4
2026-09-08 06:00:00,Mataram,Nusa Tenggara Barat,Bali & Nusa Tenggara,10.2,13.9,52.7
2026-09-08 07:00:00,Mataram,Nusa Tenggara Barat,Bali & Nusa Tenggara,10.3,14.0,52.9
2026-09-08 08:00:00,Mataram,Nusa Tenggara Barat,Bali & Nusa Tenggara,10.4,14.2,53.1
2026-09-08 09:00:00,Mataram,Nusa Tenggara Barat,Bali & Nusa Tenggara,10.2,14.2,52.7
2026-09-08 10:00:00,Mataram,Nusa Tenggara Barat,Bali & Nusa Tenggara,9.7,13.7,51.8
2026-09-08 11:00:00,Mataram,Nusa Tenggara Barat,Bali & Nusa Tenggara,9.5,13.5,51.4
2026-09-08 12:00:00,Mataram,Nusa Tenggara Barat,Bali & Nusa Tenggara,11.1,15.9,54.4
2026-09-08 13:00:00,Mataram,Nusa Tenggara Barat,Bali & Nusa Tenggara,10.7,15.4,53.6
2026-09-08 14:00:00,Mataram,Nusa Tenggara Barat,Bali & Nusa Tenggara,10.3,14.6,52.9
2026-09-08 15:00:00,Mataram,Nusa Tenggara Barat,Bali & Nusa Tenggara,10.1,14.3,52.5
2026-09-08 16:00:00,Mataram,Nusa Tenggara Barat,Bali & Nusa Tenggara,9.9,14.1,52.1
2026-09-08 17:00:00,Mataram,Nusa Tenggara Barat,Bali & Nusa Tenggara,9.5,13.7,51.4
2026-09-08 18:00:00,Mataram,Nusa Tenggara Barat,Bali & Nusa Tenggara,9.1,13.2,49.5
2026-09-08 19:00:00,Mataram,Nusa Tenggara Barat,Bali & Nusa Tenggara,8.5,12.5,46.2
2026-09-08 20:00:00,Mataram,Nusa Tenggara Barat,Bali & Nusa Tenggara,8.0,11.8,43.5
2026-09-08 21:00:00,Mataram,Nusa Tenggara Barat,Bali & Nusa Tenggara,7.7,11.4,41.8
2026-09-08 22:00:00,Mataram,Nusa Tenggara Barat,Bali & Nusa Tenggara,7.4,10.9,40.2
2026-09-08 23:00:00,Mataram,Nusa Tenggara Barat,Bali & Nusa Tenggara,7.3,10.5,39.7
2026-09-09 00:00:00,Mataram,Nusa Tenggara Barat,Bali & Nusa Tenggara,8.1,11.3,44.0
2026-09-09 01:00:00,Mataram,Nusa Tenggara Barat,Bali & Nusa Tenggara,9.0,12.2,48.9
2026-09-09 02:00:00,Mataram,Nusa Tenggara Barat,Bali & Nusa Tenggara,10.2,13.6,52.7
2026-09-09 03:00:00,Mataram,Nusa Tenggara Barat,Bali & Nusa Tenggara,11.4,15.3,54.9
2026-09-09 04:00:00,Mataram,Nusa Tenggara Barat,Bali & Nusa Tenggara,11.7,15.7,55.5
2026-09-09 05:00:00,Mataram,Nusa Tenggara Barat,Bali & Nusa Tenggara,11.6,15.7,55.3
2026-09-09 06:00:00,Mataram,Nusa Tenggara Barat,Bali & Nusa Tenggara,11.4,15.5,54.9
2026-09-09 07:00:00,Mataram,Nusa Tenggara Barat,Bali & Nusa Tenggara,11.1,15.3,54.4
2026-09-09 08:00:00,Mataram,Nusa Tenggara Barat,Bali & Nusa Tenggara,10.9,15.1,54.0
2026-09-09 09:00:00,Mataram,Nusa Tenggara Barat,Bali & Nusa Tenggara,10.4,14.6,53.1
2026-09-09 10:00:00,Mataram,Nusa Tenggara Barat,Bali & Nusa Tenggara,9.9,14.0,52.1
2026-09-09 11:00:00,Mataram,Nusa Tenggara Barat,Bali & Nusa Tenggara,9.5,13.5,51.4
2026-09-09 12:00:00,Mataram,Nusa Tenggara Barat,Bali & Nusa Tenggara,10.3,14.8,52.9
2026-09-09 13:00:00,Mataram,Nusa Tenggara Barat,Bali & Nusa Tenggara,9.8,14.0,51.9
2026-09-09 14:00:00,Mataram,Nusa Tenggara Barat,Bali & Nusa Tenggara,9.5,13.5,51.4
2026-09-09 15:00:00,Mataram,Nusa Tenggara Barat,Bali & Nusa Tenggara,9.3,13.2,51.0
2026-09-09 16:00:00,Mataram,Nusa Tenggara Barat,Bali & Nusa Tenggara,8.9,12.8,48.4
2026-09-09 17:00:00,Mataram,Nusa Tenggara Barat,Bali & Nusa Tenggara,8.6,12.3,46.7
2026-09-09 18:00:00,Mataram,Nusa Tenggara Barat,Bali & Nusa Tenggara,8.2,11.8,44.6
2026-09-09 19:00:00,Mataram,Nusa Tenggara Barat,Bali & Nusa Tenggara,8.0,11.4,43.5
2026-09-09 20:00:00,Mataram,Nusa Tenggara Barat,Bali & Nusa Tenggara,7.9,11.2,42.9
2026-09-09 21:00:00,Mataram,Nusa Tenggara Barat,Bali & Nusa Tenggara,7.9,11.1,42.9
2026-09-09 22:00:00,Mataram,Nusa Tenggara Barat,Bali & Nusa Tenggara,7.9,11.1,42.9
2026-09-09 23:00:00,Mataram,Nusa Tenggara Barat,Bali & Nusa Tenggara,8.3,11.5,45.1
2026-09-10 00:00:00,Mataram,Nusa Tenggara Barat,Bali & Nusa Tenggara,9.0,12.0,48.9
2026-09-10 01:00:00,Mataram,Nusa Tenggara Barat,Bali & Nusa Tenggara,9.5,12.5,51.4
2026-09-10 02:00:00,Mataram,Nusa Tenggara Barat,Bali & Nusa Tenggara,10.4,13.6,53.1
2026-09-10 03:00:00,Mataram,Nusa Tenggara Barat,Bali & Nusa Tenggara,11.3,14.9,54.8
2026-09-10 04:00:00,Mataram,Nusa Tenggara Barat,Bali & Nusa Tenggara,11.4,15.3,54.9
2026-09-10 05:00:00,Mataram,Nusa Tenggara Barat,Bali & Nusa Tenggara,10.7,14.5,53.6
2026-09-10 06:00:00,Mataram,Nusa Tenggara Barat,Bali & Nusa Tenggara,9.9,13.6,52.1
2026-09-10 07:00:00,Mataram,Nusa Tenggara Barat,Bali & Nusa Tenggara,9.5,13.2,51.4
2026-09-10 08:00:00,Mataram,Nusa Tenggara Barat,Bali & Nusa Tenggara,9.5,13.3,51.4
2026-09-10 09:00:00,Mataram,Nusa Tenggara Barat,Bali & Nusa Tenggara,9.6,13.4,51.6
2026-09-10 10:00:00,Mataram,Nusa Tenggara Barat,Bali & Nusa Tenggara,9.6,13.4,51.6
2026-09-10 11:00:00,Mataram,Nusa Tenggara Barat,Bali & Nusa Tenggara,9.7,13.5,51.8
2026-09-10 12:00:00,Mataram,Nusa Tenggara Barat,Bali & Nusa Tenggara,11.3,15.3,54.8
2026-09-10 13:00:00,Mataram,Nusa Tenggara Barat,Bali & Nusa Tenggara,11.9,15.9,55.9
2026-09-10 14:00:00,Mataram,Nusa Tenggara Barat,Bali & Nusa Tenggara,12.6,16.7,57.2
2026-09-10 15:00:00,Mataram,Nusa Tenggara Barat,Bali & Nusa Tenggara,12.9,16.9,57.8
2026-09-10 16:00:00,Mataram,Nusa Tenggara Barat,Bali & Nusa Tenggara,12.9,17.1,57.8
2026-09-10 17:00:00,Mataram,Nusa Tenggara Barat,Bali & Nusa Tenggara,12.5,16.8,57.0
2026-09-10 18:00:00,Mataram,Nusa Tenggara Barat,Bali & Nusa Tenggara,12.1,16.4,56.3
2026-09-10 19:00:00,Mataram,Nusa Tenggara Barat,Bali & Nusa Tenggara,11.6,15.8,55.3
2026-09-10 20:00:00,Mataram,Nusa Tenggara Barat,Bali & Nusa Tenggara,11.3,15.5,54.8
2026-09-10 21:00:00,Mataram,Nusa Tenggara Barat,Bali & Nusa Tenggara,11.1,15.3,54.4
2026-09-10 22:00:00,Mataram,Nusa Tenggara Barat,Bali & Nusa Tenggara,11.0,15.0,54.2
2026-09-10 23:00:00,Mataram,Nusa Tenggara Barat,Bali & Nusa Tenggara,11.3,15.2,54.8
2026-09-11 00:00:00,Mataram,Nusa Tenggara Barat,Bali & Nusa Tenggara,9.5,12.3,51.4
2026-09-11 01:00:00,Mataram,Nusa Tenggara Barat,Bali & Nusa Tenggara,10.8,13.6,53.8
2026-09-11 02:00:00,Mataram,Nusa Tenggara Barat,Bali & Nusa Tenggara,12.3,15.5,56.6
2026-09-11 03:00:00,Mataram,Nusa Tenggara Barat,Bali & Nusa Tenggara,13.6,17.3,59.1
2026-09-11 04:00:00,Mataram,Nusa Tenggara Barat,Bali & Nusa Tenggara,13.9,17.7,59.6
2026-09-11 05:00:00,Mataram,Nusa Tenggara Barat,Bali & Nusa Tenggara,13.4,17.1,58.7
2026-09-11 06:00:00,Mataram,Nusa Tenggara Barat,Bali & Nusa Tenggara,12.0,15.4,56.1
2026-09-11 07:00:00,Mataram,Nusa Tenggara Barat,Bali & Nusa Tenggara,10.7,13.9,53.6
2026-09-11 08:00:00,Mataram,Nusa Tenggara Barat,Bali & Nusa Tenggara,10.0,13.1,52.3
2026-09-11 09:00:00,Mataram,Nusa Tenggara Barat,Bali & Nusa Tenggara,9.8,13.0,51.9
2026-09-11 10:00:00,Mataram,Nusa Tenggara Barat,Bali & Nusa Tenggara,10.1,13.5,52.5
2026-09-11 11:00:00,Mataram,Nusa Tenggara Barat,Bali & Nusa Tenggara,10.6,14.1,53.4
2026-09-11 12:00:00,Mataram,Nusa Tenggara Barat,Bali & Nusa Tenggara,15.6,19.7,62.8
2026-09-11 13:00:00,Mataram,Nusa Tenggara Barat,Bali & Nusa Tenggara,16.0,19.9,63.6
2026-09-11 14:00:00,Mataram,Nusa Tenggara Barat,Bali & Nusa Tenggara,15.9,19.6,63.4
2026-09-11 15:00:00,Mataram,Nusa Tenggara Barat,Bali & Nusa Tenggara,14.8,18.3,61.3
2026-09-11 16:00:00,Mataram,Nusa Tenggara Barat,Bali & Nusa Tenggara,14.3,17.7,60.4
2026-09-11 17:00:00,Mataram,Nusa Tenggara Barat,Bali & Nusa Tenggara,13.9,17.5,59.6
2026-09-11 18:00:00,Mataram,Nusa Tenggara Barat,Bali & Nusa Tenggara,13.2,16.7,58.3
2026-09-11 19:00:00,Mataram,Nusa Tenggara Barat,Bali & Nusa Tenggara,12.5,16.1,57.0
2026-09-11 20:00:00,Mataram,Nusa Tenggara Barat,Bali & Nusa Tenggara,12.4,16.1,56.8
2026-09-11 21:00:00,Mataram,Nusa Tenggara Barat,Bali & Nusa Tenggara,12.2,16.1,56.4
2026-09-11 22:00:00,Mataram,Nusa Tenggara Barat,Bali & Nusa Tenggara,12.0,15.9,56.1
2026-09-11 23:00:00,Mataram,Nusa Tenggara Barat,Bali & Nusa Tenggara,12.5,16.3,57.0
2026-09-12 00:00:00,Mataram,Nusa Tenggara Barat,Bali & Nusa Tenggara,13.8,17.4,59.4
2026-09-12 01:00:00,Mataram,Nusa Tenggara Barat,Bali & Nusa Tenggara,14.2,17.8,60.2
2026-09-12 02:00:00,Mataram,Nusa Tenggara Barat,Bali & Nusa Tenggara,15.0,18.7,61.7
2026-09-12 03:00:00,Mataram,Nusa Tenggara Barat,Bali & Nusa Tenggara,16.1,20.3,63.8
2026-09-12 04:00:00,Mataram,Nusa Tenggara Barat,Bali & Nusa Tenggara,16.8,21.4,65.1
2026-09-12 05:00:00,Mataram,Nusa Tenggara Barat,Bali & Nusa Tenggara,16.8,21.5,65.1
2026-09-12 06:00:00,Mataram,Nusa Tenggara Barat,Bali & Nusa Tenggara,16.0,20.6,63.6
2026-09-12 07:00:00,Mataram,Nusa Tenggara Barat,Bali & Nusa Tenggara,15.0,19.3,61.7
2026-09-12 08:00:00,Mataram,Nusa Tenggara Barat,Bali & Nusa Tenggara,13.9,17.9,59.6
2026-09-12 09:00:00,Mataram,Nusa Tenggara Barat,Bali & Nusa Tenggara,12.9,16.5,57.8
2026-09-12 10:00:00,Mataram,Nusa Tenggara Barat,Bali & Nusa Tenggara,12.0,15.2,56.1
2026-09-12 11:00:00,Mataram,Nusa Tenggara Barat,Bali & Nusa Tenggara,11.6,14.6,55.3
2026-09-12 12:00:00,Mataram,Nusa Tenggara Barat,Bali & Nusa Tenggara,18.0,23.3,67.3
2026-09-12 13:00:00,Mataram,Nusa Tenggara Barat,Bali & Nusa Tenggara,17.5,22.3,66.4
2026-09-12 14:00:00,Mataram,Nusa Tenggara Barat,Bali & Nusa Tenggara,17.6,22.0,66.6
2026-09-12 15:00:00,Mataram,Nusa Tenggara Barat,Bali & Nusa Tenggara,18.6,22.7,68.5
2026-09-12 16:00:00,Mataram,Nusa Tenggara Barat,Bali & Nusa Tenggara,19.4,23.5,70.0
2026-09-12 17:00:00,Mataram,Nusa Tenggara Barat,Bali & Nusa Tenggara,19.8,23.9,70.7
2026-09-12 18:00:00,Mataram,Nusa Tenggara Barat,Bali & Nusa Tenggara,19.4,23.5,70.0
2026-09-12 19:00:00,Mataram,Nusa Tenggara Barat,Bali & Nusa Tenggara,18.2,22.5,67.7
2026-09-12 20:00:00,Mataram,Nusa Tenggara Barat,Bali & Nusa Tenggara,17.0,21.2,65.5
2026-09-12 21:00:00,Mataram,Nusa Tenggara Barat,Bali & Nusa Tenggara,15.8,19.8,63.2
2026-09-12 22:00:00,Mataram,Nusa Tenggara Barat,Bali & Nusa Tenggara,15.2,19.1,62.1
2026-09-12 23:00:00,Mataram,Nusa Tenggara Barat,Bali & Nusa Tenggara,15.1,18.9,61.9
2026-09-13 00:00:00,Mataram,Nusa Tenggara Barat,Bali & Nusa Tenggara,16.6,20.4,64.7
2026-09-13 01:00:00,Mataram,Nusa Tenggara Barat,Bali & Nusa Tenggara,16.9,20.8,65.3
2026-09-13 02:00:00,Mataram,Nusa Tenggara Barat,Bali & Nusa Tenggara,17.9,22.1,67.1
2026-09-13 03:00:00,Mataram,Nusa Tenggara Barat,Bali & Nusa Tenggara,18.5,22.9,68.3
2026-09-13 04:00:00,Mataram,Nusa Tenggara Barat,Bali & Nusa Tenggara,18.0,22.6,67.3
2026-09-13 05:00:00,Mataram,Nusa Tenggara Barat,Bali & Nusa Tenggara,16.8,21.1,65.1
2026-09-13 06:00:00,Mataram,Nusa Tenggara Barat,Bali & Nusa Tenggara,15.2,19.3,62.1
2026-09-13 07:00:00,Mataram,Nusa Tenggara Barat,Bali & Nusa Tenggara,13.5,17.3,58.9
2026-09-13 08:00:00,Mataram,Nusa Tenggara Barat,Bali & Nusa Tenggara,12.2,15.8,56.4
2026-09-13 09:00:00,Mataram,Nusa Tenggara Barat,Bali & Nusa Tenggara,11.6,15.1,55.3
2026-09-13 10:00:00,Mataram,Nusa Tenggara Barat,Bali & Nusa Tenggara,11.7,15.3,55.5
2026-09-13 11:00:00,Mataram,Nusa Tenggara Barat,Bali & Nusa Tenggara,12.3,16.0,56.6
2026-09-13 12:00:00,Mataram,Nusa Tenggara Barat,Bali & Nusa Tenggara,14.5,18.3,60.8
2026-09-13 13:00:00,Mataram,Nusa Tenggara Barat,Bali & Nusa Tenggara,15.9,20.1,63.4
2026-09-13 14:00:00,Mataram,Nusa Tenggara Barat,Bali & Nusa Tenggara,16.9,21.2,65.3
2026-09-13 15:00:00,Mataram,Nusa Tenggara Barat,Bali & Nusa Tenggara,16.9,21.2,65.3
2026-09-13 16:00:00,Mataram,Nusa Tenggara Barat,Bali & Nusa Tenggara,16.6,20.9,64.7
2026-09-13 17:00:00,Mataram,Nusa Tenggara Barat,Bali & Nusa Tenggara,15.3,19.3,62.3
2026-09-13 18:00:00,Mataram,Nusa Tenggara Barat,Bali & Nusa Tenggara,13.7,17.4,59.3
2026-09-13 19:00:00,Mataram,Nusa Tenggara Barat,Bali & Nusa Tenggara,12.0,15.4,56.1
2026-09-13 20:00:00,Mataram,Nusa Tenggara Barat,Bali & Nusa Tenggara,10.2,13.3,52.7
2026-09-13 21:00:00,Mataram,Nusa Tenggara Barat,Bali & Nusa Tenggara,8.8,11.4,47.8
2026-09-13 22:00:00,Mataram,Nusa Tenggara Barat,Bali & Nusa Tenggara,7.9,10.2,42.9
2026-09-13 23:00:00,Mataram,Nusa Tenggara Barat,Bali & Nusa Tenggara,7.9,10.0,42.9
2026-09-14 00:00:00,Mataram,Nusa Tenggara Barat,Bali & Nusa Tenggara,9.1,11.4,49.5
2026-09-14 01:00:00,Mataram,Nusa Tenggara Barat,Bali & Nusa Tenggara,10.3,12.8,52.9
2026-09-14 02:00:00,Mataram,Nusa Tenggara Barat,Bali & Nusa Tenggara,11.4,14.1,54.9
2026-09-14 03:00:00,Mataram,Nusa Tenggara Barat,Bali & Nusa Tenggara,12.6,15.7,57.2
2026-09-14 04:00:00,Mataram,Nusa Tenggara Barat,Bali & Nusa Tenggara,13.7,17.2,59.3
2026-09-14 05:00:00,Mataram,Nusa Tenggara Barat,Bali & Nusa Tenggara,14.7,18.7,61.1
2026-09-14 06:00:00,Mataram,Nusa Tenggara Barat,Bali & Nusa Tenggara,15.5,19.7,62.6
2026-09-14 07:00:00,Mataram,Nusa Tenggara Barat,Bali & Nusa Tenggara,15.4,19.8,62.5
2026-09-14 08:00:00,Mataram,Nusa Tenggara Barat,Bali & Nusa Tenggara,14.8,19.3,61.3
2026-09-14 09:00:00,Mataram,Nusa Tenggara Barat,Bali & Nusa Tenggara,13.9,18.4,59.6
2026-09-14 10:00:00,Mataram,Nusa Tenggara Barat,Bali & Nusa Tenggara,13.3,17.6,58.5
2026-09-14 11:00:00,Mataram,Nusa Tenggara Barat,Bali & Nusa Tenggara,13.3,17.6,58.5
2026-09-14 12:00:00,Mataram,Nusa Tenggara Barat,Bali & Nusa Tenggara,17.5,22.8,66.4
2026-09-14 13:00:00,Mataram,Nusa Tenggara Barat,Bali & Nusa Tenggara,18.0,23.2,67.3
2026-09-14 14:00:00,Mataram,Nusa Tenggara Barat,Bali & Nusa Tenggara,19.0,24.1,69.2
2026-09-14 15:00:00,Mataram,Nusa Tenggara Barat,Bali & Nusa Tenggara,19.8,25.0,70.7
2026-09-14 16:00:00,Mataram,Nusa Tenggara Barat,Bali & Nusa Tenggara,19.7,24.9,70.5
2026-09-14 17:00:00,Mataram,Nusa Tenggara Barat,Bali & Nusa Tenggara,18.4,23.6,68.1
2026-09-14 18:00:00,Mataram,Nusa Tenggara Barat,Bali & Nusa Tenggara,16.9,21.9,65.3
2026-09-14 19:00:00,Mataram,Nusa Tenggara Barat,Bali & Nusa Tenggara,15.5,20.4,62.6
2026-09-14 20:00:00,Mataram,Nusa Tenggara Barat,Bali & Nusa Tenggara,14.3,19.3,60.4
2026-09-14 21:00:00,Mataram,Nusa Tenggara Barat,Bali & Nusa Tenggara,13.3,18.1,58.5
2026-09-14 22:00:00,Mataram,Nusa Tenggara Barat,Bali & Nusa Tenggara,12.1,16.3,56.3
2026-09-14 23:00:00,Mataram,Nusa Tenggara Barat,Bali & Nusa Tenggara,12.2,16.5,56.4
2026-09-15 00:00:00,Mataram,Nusa Tenggara Barat,Bali & Nusa Tenggara,10.6,14.0,53.4
2026-09-15 01:00:00,Mataram,Nusa Tenggara Barat,Bali & Nusa Tenggara,11.4,14.8,54.9
2026-09-15 02:00:00,Mataram,Nusa Tenggara Barat,Bali & Nusa Tenggara,12.4,15.9,56.8
2026-09-15 03:00:00,Mataram,Nusa Tenggara Barat,Bali & Nusa Tenggara,13.3,17.2,58.5
2026-09-15 04:00:00,Mataram,Nusa Tenggara Barat,Bali & Nusa Tenggara,14.2,18.5,60.2
2026-09-15 05:00:00,Mataram,Nusa Tenggara Barat,Bali & Nusa Tenggara,14.6,19.2,61.0
2026-09-15 06:00:00,Mataram,Nusa Tenggara Barat,Bali & Nusa Tenggara,14.2,18.7,60.2
2026-09-15 07:00:00,Mataram,Nusa Tenggara Barat,Bali & Nusa Tenggara,13.5,17.9,58.9
2026-09-15 08:00:00,Mataram,Nusa Tenggara Barat,Bali & Nusa Tenggara,12.0,16.0,56.1
2026-09-15 09:00:00,Mataram,Nusa Tenggara Barat,Bali & Nusa Tenggara,10.5,14.2,53.3
2026-09-15 10:00:00,Mataram,Nusa Tenggara Barat,Bali & Nusa Tenggara,9.6,13.1,51.6
2026-09-15 11:00:00,Mataram,Nusa Tenggara Barat,Bali & Nusa Tenggara,9.5,13.0,51.4
2026-09-15 12:00:00,Mataram,Nusa Tenggara Barat,Bali & Nusa Tenggara,12.0,16.1,56.1
2026-09-15 13:00:00,Mataram,Nusa Tenggara Barat,Bali & Nusa Tenggara,12.7,16.7,57.4
2026-09-15 14:00:00,Mataram,Nusa Tenggara Barat,Bali & Nusa Tenggara,13.4,17.3,58.7
2026-09-15 15:00:00,Mataram,Nusa Tenggara Barat,Bali & Nusa Tenggara,13.7,17.5,59.3
2026-09-15 16:00:00,Mataram,Nusa Tenggara Barat,Bali & Nusa Tenggara,13.7,17.5,59.3
2026-09-15 17:00:00,Mataram,Nusa Tenggara Barat,Bali & Nusa Tenggara,13.4,17.2,58.7
2026-09-15 18:00:00,Mataram,Nusa Tenggara Barat,Bali & Nusa Tenggara,12.9,16.6,57.8
2026-09-15 19:00:00,Mataram,Nusa Tenggara Barat,Bali & Nusa Tenggara,12.2,16.0,56.4
2026-09-15 20:00:00,Mataram,Nusa Tenggara Barat,Bali & Nusa Tenggara,11.4,15.3,54.9
2026-09-15 21:00:00,Mataram,Nusa Tenggara Barat,Bali & Nusa Tenggara,10.4,14.0,53.1
2026-09-15 22:00:00,Mataram,Nusa Tenggara Barat,Bali & Nusa Tenggara,9.6,13.0,51.6
2026-09-15 23:00:00,Mataram,Nusa Tenggara Barat,Bali & Nusa Tenggara,9.4,12.5,51.2
2026-09-16 00:00:00,Mataram,Nusa Tenggara Barat,Bali & Nusa Tenggara,9.8,13.0,51.9
2026-09-16 01:00:00,Mataram,Nusa Tenggara Barat,Bali & Nusa Tenggara,10.6,13.9,53.4
2026-09-16 02:00:00,Mataram,Nusa Tenggara Barat,Bali & Nusa Tenggara,12.1,15.6,56.3
2026-09-16 03:00:00,Mataram,Nusa Tenggara Barat,Bali & Nusa Tenggara,13.9,17.9,59.6
2026-09-16 04:00:00,Mataram,Nusa Tenggara Barat,Bali & Nusa Tenggara,15.4,19.8,62.5
2026-09-16 05:00:00,Mataram,Nusa Tenggara Barat,Bali & Nusa Tenggara,16.2,20.8,64.0
2026-09-16 06:00:00,Mataram,Nusa Tenggara Barat,Bali & Nusa Tenggara,16.4,21.1,64.3
2026-09-16 07:00:00,Mataram,Nusa Tenggara Barat,Bali & Nusa Tenggara,15.9,20.5,63.4
2026-09-16 08:00:00,Mataram,Nusa Tenggara Barat,Bali & Nusa Tenggara,14.7,19.0,61.1
2026-09-16 09:00:00,Mataram,Nusa Tenggara Barat,Bali & Nusa Tenggara,13.1,17.1,58.1
2026-09-16 10:00:00,Mataram,Nusa Tenggara Barat,Bali & Nusa Tenggara,11.4,15.1,54.9
2026-09-16 11:00:00,Mataram,Nusa Tenggara Barat,Bali & Nusa Tenggara,10.6,14.0,53.4
2026-09-16 12:00:00,Mataram,Nusa Tenggara Barat,Bali & Nusa Tenggara,10.7,14.0,53.6
2026-09-16 13:00:00,Mataram,Nusa Tenggara Barat,Bali & Nusa Tenggara,11.4,14.8,54.9
2026-09-16 14:00:00,Mataram,Nusa Tenggara Barat,Bali & Nusa Tenggara,12.1,15.6,56.3
2026-09-16 15:00:00,Mataram,Nusa Tenggara Barat,Bali & Nusa Tenggara,12.0,15.5,56.1
2026-09-16 16:00:00,Mataram,Nusa Tenggara Barat,Bali & Nusa Tenggara,11.6,15.0,55.3
2026-09-16 17:00:00,Mataram,Nusa Tenggara Barat,Bali & Nusa Tenggara,11.4,14.8,54.9
2026-09-16 18:00:00,Mataram,Nusa Tenggara Barat,Bali & Nusa Tenggara,11.4,14.9,54.9
2026-09-16 19:00:00,Mataram,Nusa Tenggara Barat,Bali & Nusa Tenggara,11.3,15.0,54.8
2026-09-16 20:00:00,Mataram,Nusa Tenggara Barat,Bali & Nusa Tenggara,11.3,15.0,54.8
2026-09-16 21:00:00,Mataram,Nusa Tenggara Barat,Bali & Nusa Tenggara,10.7,14.3,53.6
2026-09-16 22:00:00,Mataram,Nusa Tenggara Barat,Bali & Nusa Tenggara,11.0,14.8,54.2
2026-09-16 23:00:00,Mataram,Nusa Tenggara Barat,Bali & Nusa Tenggara,11.4,15.1,54.9
2026-09-07 00:00:00,Kupang,Nusa Tenggara Timur,Bali & Nusa Tenggara,7.8,9.7,42.4
2026-09-07 01:00:00,Kupang,Nusa Tenggara Timur,Bali & Nusa Tenggara,7.4,9.4,40.2
2026-09-07 02:00:00,Kupang,Nusa Tenggara Timur,Bali & Nusa Tenggara,7.6,9.7,41.3
2026-09-07 03:00:00,Kupang,Nusa Tenggara Timur,Bali & Nusa Tenggara,8.1,10.6,44.0
2026-09-07 04:00:00,Kupang,Nusa Tenggara Timur,Bali & Nusa Tenggara,8.6,11.4,46.7
2026-09-07 05:00:00,Kupang,Nusa Tenggara Timur,Bali & Nusa Tenggara,9.0,12.0,48.9
2026-09-07 06:00:00,Kupang,Nusa Tenggara Timur,Bali & Nusa Tenggara,8.8,12.0,47.8
2026-09-07 07:00:00,Kupang,Nusa Tenggara Timur,Bali & Nusa Tenggara,8.5,11.7,46.2
2026-09-07 08:00:00,Kupang,Nusa Tenggara Timur,Bali & Nusa Tenggara,8.5,11.7,46.2
2026-09-07 09:00:00,Kupang,Nusa Tenggara Timur,Bali & Nusa Tenggara,8.6,11.7,46.7
2026-09-07 10:00:00,Kupang,Nusa Tenggara Timur,Bali & Nusa Tenggara,8.7,11.9,47.3
2026-09-07 11:00:00,Kupang,Nusa Tenggara Timur,Bali & Nusa Tenggara,9.0,12.3,48.9
2026-09-07 12:00:00,Kupang,Nusa Tenggara Timur,Bali & Nusa Tenggara,10.2,14.0,52.7
2026-09-07 13:00:00,Kupang,Nusa Tenggara Timur,Bali & Nusa Tenggara,9.5,12.7,51.4
2026-09-07 14:00:00,Kupang,Nusa Tenggara Timur,Bali & Nusa Tenggara,8.9,11.6,48.4
2026-09-07 15:00:00,Kupang,Nusa Tenggara Timur,Bali & Nusa Tenggara,8.6,11.1,46.7
2026-09-07 16:00:00,Kupang,Nusa Tenggara Timur,Bali & Nusa Tenggara,8.5,10.8,46.2
2026-09-07 17:00:00,Kupang,Nusa Tenggara Timur,Bali & Nusa Tenggara,8.5,10.7,46.2
2026-09-07 18:00:00,Kupang,Nusa Tenggara Timur,Bali & Nusa Tenggara,8.7,10.8,47.3
2026-09-07 19:00:00,Kupang,Nusa Tenggara Timur,Bali & Nusa Tenggara,9.1,11.2,49.5
2026-09-07 20:00:00,Kupang,Nusa Tenggara Timur,Bali & Nusa Tenggara,9.6,11.6,51.6
2026-09-07 21:00:00,Kupang,Nusa Tenggara Timur,Bali & Nusa Tenggara,10.0,12.0,52.3
2026-09-07 22:00:00,Kupang,Nusa Tenggara Timur,Bali & Nusa Tenggara,10.8,12.7,53.8
2026-09-07 23:00:00,Kupang,Nusa Tenggara Timur,Bali & Nusa Tenggara,11.0,13.1,54.2
2026-09-08 00:00:00,Kupang,Nusa Tenggara Timur,Bali & Nusa Tenggara,9.5,12.0,51.4
2026-09-08 01:00:00,Kupang,Nusa Tenggara Timur,Bali & Nusa Tenggara,9.3,11.9,51.0
2026-09-08 02:00:00,Kupang,Nusa Tenggara Timur,Bali & Nusa Tenggara,9.4,12.0,51.2
2026-09-08 03:00:00,Kupang,Nusa Tenggara Timur,Bali & Nusa Tenggara,9.7,12.5,51.8
2026-09-08 04:00:00,Kupang,Nusa Tenggara Timur,Bali & Nusa Tenggara,9.7,12.7,51.8
2026-09-08 05:00:00,Kupang,Nusa Tenggara Timur,Bali & Nusa Tenggara,9.7,13.0,51.8
2026-09-08 06:00:00,Kupang,Nusa Tenggara Timur,Bali & Nusa Tenggara,9.6,13.0,51.6
2026-09-08 07:00:00,Kupang,Nusa Tenggara Timur,Bali & Nusa Tenggara,9.2,12.7,50.0
2026-09-08 08:00:00,Kupang,Nusa Tenggara Timur,Bali & Nusa Tenggara,9.0,12.4,48.9
2026-09-08 09:00:00,Kupang,Nusa Tenggara Timur,Bali & Nusa Tenggara,8.8,12.3,47.8
2026-09-08 10:00:00,Kupang,Nusa Tenggara Timur,Bali & Nusa Tenggara,9.3,13.0,51.0
2026-09-08 11:00:00,Kupang,Nusa Tenggara Timur,Bali & Nusa Tenggara,9.5,13.3,51.4
2026-09-08 12:00:00,Kupang,Nusa Tenggara Timur,Bali & Nusa Tenggara,9.0,12.6,48.9
2026-09-08 13:00:00,Kupang,Nusa Tenggara Timur,Bali & Nusa Tenggara,8.2,11.2,44.6
2026-09-08 14:00:00,Kupang,Nusa Tenggara Timur,Bali & Nusa Tenggara,8.1,10.9,44.0
2026-09-08 15:00:00,Kupang,Nusa Tenggara Timur,Bali & Nusa Tenggara,8.3,11.0,45.1
2026-09-08 16:00:00,Kupang,Nusa Tenggara Timur,Bali & Nusa Tenggara,8.6,11.3,46.7
2026-09-08 17:00:00,Kupang,Nusa Tenggara Timur,Bali & Nusa Tenggara,8.8,11.6,47.8
2026-09-08 18:00:00,Kupang,Nusa Tenggara Timur,Bali & Nusa Tenggara,9.2,11.9,50.0
2026-09-08 19:00:00,Kupang,Nusa Tenggara Timur,Bali & Nusa Tenggara,9.5,12.3,51.4
2026-09-08 20:00:00,Kupang,Nusa Tenggara Timur,Bali & Nusa Tenggara,10.0,12.8,52.3
2026-09-08 21:00:00,Kupang,Nusa Tenggara Timur,Bali & Nusa Tenggara,10.5,13.4,53.3
2026-09-08 22:00:00,Kupang,Nusa Tenggara Timur,Bali & Nusa Tenggara,11.3,14.0,54.8
2026-09-08 23:00:00,Kupang,Nusa Tenggara Timur,Bali & Nusa Tenggara,11.7,14.5,55.5
2026-09-09 00:00:00,Kupang,Nusa Tenggara Timur,Bali & Nusa Tenggara,9.2,12.5,50.0
2026-09-09 01:00:00,Kupang,Nusa Tenggara Timur,Bali & Nusa Tenggara,9.1,12.4,49.5
2026-09-09 02:00:00,Kupang,Nusa Tenggara Timur,Bali & Nusa Tenggara,9.4,12.7,51.2
2026-09-09 03:00:00,Kupang,Nusa Tenggara Timur,Bali & Nusa Tenggara,9.5,12.8,51.4
2026-09-09 04:00:00,Kupang,Nusa Tenggara Timur,Bali & Nusa Tenggara,9.6,13.0,51.6
2026-09-09 05:00:00,Kupang,Nusa Tenggara Timur,Bali & Nusa Tenggara,9.5,13.0,51.4
2026-09-09 06:00:00,Kupang,Nusa Tenggara Timur,Bali & Nusa Tenggara,9.5,13.0,51.4
2026-09-09 07:00:00,Kupang,Nusa Tenggara Timur,Bali & Nusa Tenggara,9.5,13.4,51.4
2026-09-09 08:00:00,Kupang,Nusa Tenggara Timur,Bali & Nusa Tenggara,9.9,14.2,52.1
2026-09-09 09:00:00,Kupang,Nusa Tenggara Timur,Bali & Nusa Tenggara,9.9,14.5,52.1
2026-09-09 10:00:00,Kupang,Nusa Tenggara Timur,Bali & Nusa Tenggara,9.8,14.3,51.9
2026-09-09 11:00:00,Kupang,Nusa Tenggara Timur,Bali & Nusa Tenggara,9.9,14.5,52.1
2026-09-09 12:00:00,Kupang,Nusa Tenggara Timur,Bali & Nusa Tenggara,7.6,10.4,41.3
2026-09-09 13:00:00,Kupang,Nusa Tenggara Timur,Bali & Nusa Tenggara,7.1,9.7,38.6
2026-09-09 14:00:00,Kupang,Nusa Tenggara Timur,Bali & Nusa Tenggara,7.0,9.4,38.0
2026-09-09 15:00:00,Kupang,Nusa Tenggara Timur,Bali & Nusa Tenggara,7.1,9.5,38.6
2026-09-09 16:00:00,Kupang,Nusa Tenggara Timur,Bali & Nusa Tenggara,7.3,9.6,39.7
2026-09-09 17:00:00,Kupang,Nusa Tenggara Timur,Bali & Nusa Tenggara,7.5,9.8,40.8
2026-09-09 18:00:00,Kupang,Nusa Tenggara Timur,Bali & Nusa Tenggara,7.9,10.1,42.9
2026-09-09 19:00:00,Kupang,Nusa Tenggara Timur,Bali & Nusa Tenggara,8.2,10.4,44.6
2026-09-09 20:00:00,Kupang,Nusa Tenggara Timur,Bali & Nusa Tenggara,8.6,10.7,46.7
2026-09-09 21:00:00,Kupang,Nusa Tenggara Timur,Bali & Nusa Tenggara,9.3,11.4,51.0
2026-09-09 22:00:00,Kupang,Nusa Tenggara Timur,Bali & Nusa Tenggara,10.6,12.3,53.4
2026-09-09 23:00:00,Kupang,Nusa Tenggara Timur,Bali & Nusa Tenggara,11.4,13.2,54.9
2026-09-10 00:00:00,Kupang,Nusa Tenggara Timur,Bali & Nusa Tenggara,8.5,11.1,46.2
2026-09-10 01:00:00,Kupang,Nusa Tenggara Timur,Bali & Nusa Tenggara,7.7,10.2,41.8
2026-09-10 02:00:00,Kupang,Nusa Tenggara Timur,Bali & Nusa Tenggara,8.2,10.6,44.6
2026-09-10 03:00:00,Kupang,Nusa Tenggara Timur,Bali & Nusa Tenggara,8.8,11.2,47.8
2026-09-10 04:00:00,Kupang,Nusa Tenggara Timur,Bali & Nusa Tenggara,9.1,11.6,49.5
2026-09-10 05:00:00,Kupang,Nusa Tenggara Timur,Bali & Nusa Tenggara,8.8,11.5,47.8
2026-09-10 06:00:00,Kupang,Nusa Tenggara Timur,Bali & Nusa Tenggara,8.6,11.4,46.7
2026-09-10 07:00:00,Kupang,Nusa Tenggara Timur,Bali & Nusa Tenggara,9.4,12.5,51.2
2026-09-10 08:00:00,Kupang,Nusa Tenggara Timur,Bali & Nusa Tenggara,8.3,11.1,45.1
2026-09-10 09:00:00,Kupang,Nusa Tenggara Timur,Bali & Nusa Tenggara,8.3,11.1,45.1
2026-09-10 10:00:00,Kupang,Nusa Tenggara Timur,Bali & Nusa Tenggara,8.3,11.2,45.1
2026-09-10 11:00:00,Kupang,Nusa Tenggara Timur,Bali & Nusa Tenggara,8.6,11.6,46.7
2026-09-10 12:00:00,Kupang,Nusa Tenggara Timur,Bali & Nusa Tenggara,7.7,10.0,41.8
2026-09-10 13:00:00,Kupang,Nusa Tenggara Timur,Bali & Nusa Tenggara,7.2,9.3,39.1
2026-09-10 14:00:00,Kupang,Nusa Tenggara Timur,Bali & Nusa Tenggara,6.8,8.7,37.0
2026-09-10 15:00:00,Kupang,Nusa Tenggara Timur,Bali & Nusa Tenggara,6.6,8.4,35.9
2026-09-10 16:00:00,Kupang,Nusa Tenggara Timur,Bali & Nusa Tenggara,6.4,8.1,34.8
2026-09-10 17:00:00,Kupang,Nusa Tenggara Timur,Bali & Nusa Tenggara,5.8,7.1,31.5
2026-09-10 18:00:00,Kupang,Nusa Tenggara Timur,Bali & Nusa Tenggara,5.7,6.9,31.0
2026-09-10 19:00:00,Kupang,Nusa Tenggara Timur,Bali & Nusa Tenggara,5.8,6.7,31.5
2026-09-10 20:00:00,Kupang,Nusa Tenggara Timur,Bali & Nusa Tenggara,6.1,7.0,33.2
2026-09-10 21:00:00,Kupang,Nusa Tenggara Timur,Bali & Nusa Tenggara,7.0,7.9,38.0
2026-09-10 22:00:00,Kupang,Nusa Tenggara Timur,Bali & Nusa Tenggara,8.8,9.9,47.8
2026-09-10 23:00:00,Kupang,Nusa Tenggara Timur,Bali & Nusa Tenggara,12.0,13.1,56.1
2026-09-11 00:00:00,Kupang,Nusa Tenggara Timur,Bali & Nusa Tenggara,8.3,10.0,45.1
2026-09-11 01:00:00,Kupang,Nusa Tenggara Timur,Bali & Nusa Tenggara,9.0,11.4,48.9
2026-09-11 02:00:00,Kupang,Nusa Tenggara Timur,Bali & Nusa Tenggara,9.6,12.3,51.6
2026-09-11 03:00:00,Kupang,Nusa Tenggara Timur,Bali & Nusa Tenggara,9.7,12.5,51.8
2026-09-11 04:00:00,Kupang,Nusa Tenggara Timur,Bali & Nusa Tenggara,9.4,12.1,51.2
2026-09-11 05:00:00,Kupang,Nusa Tenggara Timur,Bali & Nusa Tenggara,9.3,12.0,51.0
2026-09-11 06:00:00,Kupang,Nusa Tenggara Timur,Bali & Nusa Tenggara,9.0,11.8,48.9
2026-09-11 07:00:00,Kupang,Nusa Tenggara Timur,Bali & Nusa Tenggara,8.8,11.7,47.8
2026-09-11 08:00:00,Kupang,Nusa Tenggara Timur,Bali & Nusa Tenggara,8.9,12.1,48.4
2026-09-11 09:00:00,Kupang,Nusa Tenggara Timur,Bali & Nusa Tenggara,9.2,12.7,50.0
2026-09-11 10:00:00,Kupang,Nusa Tenggara Timur,Bali & Nusa Tenggara,9.5,13.2,51.4
2026-09-11 11:00:00,Kupang,Nusa Tenggara Timur,Bali & Nusa Tenggara,9.9,13.4,52.1
2026-09-11 12:00:00,Kupang,Nusa Tenggara Timur,Bali & Nusa Tenggara,14.9,18.9,61.5
2026-09-11 13:00:00,Kupang,Nusa Tenggara Timur,Bali & Nusa Tenggara,15.9,19.8,63.4
2026-09-11 14:00:00,Kupang,Nusa Tenggara Timur,Bali & Nusa Tenggara,15.8,19.6,63.2
2026-09-11 15:00:00,Kupang,Nusa Tenggara Timur,Bali & Nusa Tenggara,15.1,18.7,61.9
2026-09-11 16:00:00,Kupang,Nusa Tenggara Timur,Bali & Nusa Tenggara,14.0,17.6,59.8
2026-09-11 17:00:00,Kupang,Nusa Tenggara Timur,Bali & Nusa Tenggara,13.3,16.9,58.5
2026-09-11 18:00:00,Kupang,Nusa Tenggara Timur,Bali & Nusa Tenggara,12.1,15.1,56.3
2026-09-11 19:00:00,Kupang,Nusa Tenggara Timur,Bali & Nusa Tenggara,11.6,13.9,55.3
2026-09-11 20:00:00,Kupang,Nusa Tenggara Timur,Bali & Nusa Tenggara,11.1,12.7,54.4
2026-09-11 21:00:00,Kupang,Nusa Tenggara Timur,Bali & Nusa Tenggara,11.5,12.8,55.1
2026-09-11 22:00:00,Kupang,Nusa Tenggara Timur,Bali & Nusa Tenggara,13.0,14.2,57.9
2026-09-11 23:00:00,Kupang,Nusa Tenggara Timur,Bali & Nusa Tenggara,15.1,16.6,61.9
2026-09-12 00:00:00,Kupang,Nusa Tenggara Timur,Bali & Nusa Tenggara,9.8,12.1,51.9
2026-09-12 01:00:00,Kupang,Nusa Tenggara Timur,Bali & Nusa Tenggara,10.0,12.8,52.3
2026-09-12 02:00:00,Kupang,Nusa Tenggara Timur,Bali & Nusa Tenggara,10.8,13.9,53.8
2026-09-12 03:00:00,Kupang,Nusa Tenggara Timur,Bali & Nusa Tenggara,11.4,14.9,54.9
2026-09-12 04:00:00,Kupang,Nusa Tenggara Timur,Bali & Nusa Tenggara,11.7,15.4,55.5
2026-09-12 05:00:00,Kupang,Nusa Tenggara Timur,Bali & Nusa Tenggara,12.0,15.9,56.1
2026-09-12 06:00:00,Kupang,Nusa Tenggara Timur,Bali & Nusa Tenggara,12.0,16.0,56.1
2026-09-12 07:00:00,Kupang,Nusa Tenggara Timur,Bali & Nusa Tenggara,11.9,16.1,55.9
2026-09-12 08:00:00,Kupang,Nusa Tenggara Timur,Bali & Nusa Tenggara,11.8,15.9,55.7
2026-09-12 09:00:00,Kupang,Nusa Tenggara Timur,Bali & Nusa Tenggara,11.8,16.1,55.7
2026-09-12 10:00:00,Kupang,Nusa Tenggara Timur,Bali & Nusa Tenggara,12.3,16.9,56.6
2026-09-12 11:00:00,Kupang,Nusa Tenggara Timur,Bali & Nusa Tenggara,13.2,18.3,58.3
2026-09-12 12:00:00,Kupang,Nusa Tenggara Timur,Bali & Nusa Tenggara,16.4,21.7,64.3
2026-09-12 13:00:00,Kupang,Nusa Tenggara Timur,Bali & Nusa Tenggara,17.5,23.2,66.4
2026-09-12 14:00:00,Kupang,Nusa Tenggara Timur,Bali & Nusa Tenggara,18.1,23.8,67.5
2026-09-12 15:00:00,Kupang,Nusa Tenggara Timur,Bali & Nusa Tenggara,18.2,23.7,67.7
2026-09-12 16:00:00,Kupang,Nusa Tenggara Timur,Bali & Nusa Tenggara,17.2,22.5,65.8
2026-09-12 17:00:00,Kupang,Nusa Tenggara Timur,Bali & Nusa Tenggara,14.9,19.1,61.5
2026-09-12 18:00:00,Kupang,Nusa Tenggara Timur,Bali & Nusa Tenggara,11.8,15.0,55.7
2026-09-12 19:00:00,Kupang,Nusa Tenggara Timur,Bali & Nusa Tenggara,9.6,11.8,51.6
2026-09-12 20:00:00,Kupang,Nusa Tenggara Timur,Bali & Nusa Tenggara,8.6,10.4,46.7
2026-09-12 21:00:00,Kupang,Nusa Tenggara Timur,Bali & Nusa Tenggara,8.1,9.7,44.0
2026-09-12 22:00:00,Kupang,Nusa Tenggara Timur,Bali & Nusa Tenggara,8.3,9.7,45.1
2026-09-12 23:00:00,Kupang,Nusa Tenggara Timur,Bali & Nusa Tenggara,9.3,10.9,51.0
2026-09-13 00:00:00,Kupang,Nusa Tenggara Timur,Bali & Nusa Tenggara,9.4,12.8,51.2
2026-09-13 01:00:00,Kupang,Nusa Tenggara Timur,Bali & Nusa Tenggara,9.7,13.4,51.8
2026-09-13 02:00:00,Kupang,Nusa Tenggara Timur,Bali & Nusa Tenggara,9.6,13.5,51.6
2026-09-13 03:00:00,Kupang,Nusa Tenggara Timur,Bali & Nusa Tenggara,9.3,13.3,51.0
2026-09-13 04:00:00,Kupang,Nusa Tenggara Timur,Bali & Nusa Tenggara,8.7,12.7,47.3
2026-09-13 05:00:00,Kupang,Nusa Tenggara Timur,Bali & Nusa Tenggara,8.1,12.1,44.0
2026-09-13 06:00:00,Kupang,Nusa Tenggara Timur,Bali & Nusa Tenggara,8.0,12.0,43.5
2026-09-13 07:00:00,Kupang,Nusa Tenggara Timur,Bali & Nusa Tenggara,7.9,11.9,42.9
2026-09-13 08:00:00,Kupang,Nusa Tenggara Timur,Bali & Nusa Tenggara,8.0,12.1,43.5
2026-09-13 09:00:00,Kupang,Nusa Tenggara Timur,Bali & Nusa Tenggara,8.3,12.5,45.1
2026-09-13 10:00:00,Kupang,Nusa Tenggara Timur,Bali & Nusa Tenggara,8.8,13.2,47.8
2026-09-13 11:00:00,Kupang,Nusa Tenggara Timur,Bali & Nusa Tenggara,9.3,14.0,51.0
2026-09-13 12:00:00,Kupang,Nusa Tenggara Timur,Bali & Nusa Tenggara,8.6,12.5,46.7
2026-09-13 13:00:00,Kupang,Nusa Tenggara Timur,Bali & Nusa Tenggara,8.9,13.0,48.4
2026-09-13 14:00:00,Kupang,Nusa Tenggara Timur,Bali & Nusa Tenggara,9.0,13.1,48.9
2026-09-13 15:00:00,Kupang,Nusa Tenggara Timur,Bali & Nusa Tenggara,9.0,13.0,48.9
2026-09-13 16:00:00,Kupang,Nusa Tenggara Timur,Bali & Nusa Tenggara,9.0,13.0,48.9
2026-09-13 17:00:00,Kupang,Nusa Tenggara Timur,Bali & Nusa Tenggara,8.1,11.4,44.0
2026-09-13 18:00:00,Kupang,Nusa Tenggara Timur,Bali & Nusa Tenggara,7.8,10.8,42.4
2026-09-13 19:00:00,Kupang,Nusa Tenggara Timur,Bali & Nusa Tenggara,8.1,10.9,44.0
2026-09-13 20:00:00,Kupang,Nusa Tenggara Timur,Bali & Nusa Tenggara,8.4,11.0,45.7
2026-09-13 21:00:00,Kupang,Nusa Tenggara Timur,Bali & Nusa Tenggara,8.9,11.4,48.4
2026-09-13 22:00:00,Kupang,Nusa Tenggara Timur,Bali & Nusa Tenggara,9.5,11.8,51.4
2026-09-13 23:00:00,Kupang,Nusa Tenggara Timur,Bali & Nusa Tenggara,10.0,12.7,52.3
2026-09-14 00:00:00,Kupang,Nusa Tenggara Timur,Bali & Nusa Tenggara,7.1,9.7,38.6
2026-09-14 01:00:00,Kupang,Nusa Tenggara Timur,Bali & Nusa Tenggara,7.3,10.1,39.7
2026-09-14 02:00:00,Kupang,Nusa Tenggara Timur,Bali & Nusa Tenggara,7.8,10.8,42.4
2026-09-14 03:00:00,Kupang,Nusa Tenggara Timur,Bali & Nusa Tenggara,8.5,11.7,46.2
2026-09-14 04:00:00,Kupang,Nusa Tenggara Timur,Bali & Nusa Tenggara,9.4,12.6,51.2
2026-09-14 05:00:00,Kupang,Nusa Tenggara Timur,Bali & Nusa Tenggara,10.0,13.3,52.3
2026-09-14 06:00:00,Kupang,Nusa Tenggara Timur,Bali & Nusa Tenggara,10.1,13.7,52.5
2026-09-14 07:00:00,Kupang,Nusa Tenggara Timur,Bali & Nusa Tenggara,9.9,13.7,52.1
2026-09-14 08:00:00,Kupang,Nusa Tenggara Timur,Bali & Nusa Tenggara,9.5,13.4,51.4
2026-09-14 09:00:00,Kupang,Nusa Tenggara Timur,Bali & Nusa Tenggara,9.1,12.8,49.5
2026-09-14 10:00:00,Kupang,Nusa Tenggara Timur,Bali & Nusa Tenggara,9.1,12.7,49.5
2026-09-14 11:00:00,Kupang,Nusa Tenggara Timur,Bali & Nusa Tenggara,9.2,12.8,50.0
2026-09-14 12:00:00,Kupang,Nusa Tenggara Timur,Bali & Nusa Tenggara,7.1,9.3,38.6
2026-09-14 13:00:00,Kupang,Nusa Tenggara Timur,Bali & Nusa Tenggara,7.4,9.7,40.2
2026-09-14 14:00:00,Kupang,Nusa Tenggara Timur,Bali & Nusa Tenggara,7.9,10.5,42.9
2026-09-14 15:00:00,Kupang,Nusa Tenggara Timur,Bali & Nusa Tenggara,8.6,11.4,46.7
2026-09-14 16:00:00,Kupang,Nusa Tenggara Timur,Bali & Nusa Tenggara,9.7,12.6,51.8
2026-09-14 17:00:00,Kupang,Nusa Tenggara Timur,Bali & Nusa Tenggara,10.9,13.8,54.0
2026-09-14 18:00:00,Kupang,Nusa Tenggara Timur,Bali & Nusa Tenggara,12.2,15.1,56.4
2026-09-14 19:00:00,Kupang,Nusa Tenggara Timur,Bali & Nusa Tenggara,13.6,16.4,59.1
2026-09-14 20:00:00,Kupang,Nusa Tenggara Timur,Bali & Nusa Tenggara,14.5,16.7,60.8
2026-09-14 21:00:00,Kupang,Nusa Tenggara Timur,Bali & Nusa Tenggara,16.8,18.7,65.1
2026-09-14 22:00:00,Kupang,Nusa Tenggara Timur,Bali & Nusa Tenggara,19.4,21.2,70.0
2026-09-14 23:00:00,Kupang,Nusa Tenggara Timur,Bali & Nusa Tenggara,19.2,21.7,69.6
2026-09-15 00:00:00,Kupang,Nusa Tenggara Timur,Bali & Nusa Tenggara,9.7,11.8,51.8
2026-09-15 01:00:00,Kupang,Nusa Tenggara Timur,Bali & Nusa Tenggara,8.6,10.8,46.7
2026-09-15 02:00:00,Kupang,Nusa Tenggara Timur,Bali & Nusa Tenggara,8.7,11.0,47.3
2026-09-15 03:00:00,Kupang,Nusa Tenggara Timur,Bali & Nusa Tenggara,8.7,11.1,47.3
2026-09-15 04:00:00,Kupang,Nusa Tenggara Timur,Bali & Nusa Tenggara,9.3,11.8,51.0
2026-09-15 05:00:00,Kupang,Nusa Tenggara Timur,Bali & Nusa Tenggara,10.1,12.9,52.5
2026-09-15 06:00:00,Kupang,Nusa Tenggara Timur,Bali & Nusa Tenggara,10.7,13.6,53.6
2026-09-15 07:00:00,Kupang,Nusa Tenggara Timur,Bali & Nusa Tenggara,10.8,13.9,53.8
2026-09-15 08:00:00,Kupang,Nusa Tenggara Timur,Bali & Nusa Tenggara,10.4,13.7,53.1
2026-09-15 09:00:00,Kupang,Nusa Tenggara Timur,Bali & Nusa Tenggara,9.9,13.3,52.1
2026-09-15 10:00:00,Kupang,Nusa Tenggara Timur,Bali & Nusa Tenggara,9.9,13.3,52.1
2026-09-15 11:00:00,Kupang,Nusa Tenggara Timur,Bali & Nusa Tenggara,9.7,13.1,51.8
2026-09-15 12:00:00,Kupang,Nusa Tenggara Timur,Bali & Nusa Tenggara,8.7,11.4,47.3
2026-09-15 13:00:00,Kupang,Nusa Tenggara Timur,Bali & Nusa Tenggara,8.1,10.7,44.0
2026-09-15 14:00:00,Kupang,Nusa Tenggara Timur,Bali & Nusa Tenggara,7.9,10.4,42.9
2026-09-15 15:00:00,Kupang,Nusa Tenggara Timur,Bali & Nusa Tenggara,8.3,10.8,45.1
2026-09-15 16:00:00,Kupang,Nusa Tenggara Timur,Bali & Nusa Tenggara,9.1,11.6,49.5
2026-09-15 17:00:00,Kupang,Nusa Tenggara Timur,Bali & Nusa Tenggara,9.6,12.3,51.6
2026-09-15 18:00:00,Kupang,Nusa Tenggara Timur,Bali & Nusa Tenggara,9.5,11.6,51.4
2026-09-15 19:00:00,Kupang,Nusa Tenggara Timur,Bali & Nusa Tenggara,10.5,12.3,53.3
2026-09-15 20:00:00,Kupang,Nusa Tenggara Timur,Bali & Nusa Tenggara,11.8,13.4,55.7
2026-09-15 21:00:00,Kupang,Nusa Tenggara Timur,Bali & Nusa Tenggara,13.4,14.9,58.7
2026-09-15 22:00:00,Kupang,Nusa Tenggara Timur,Bali & Nusa Tenggara,15.8,17.1,63.2
2026-09-15 23:00:00,Kupang,Nusa Tenggara Timur,Bali & Nusa Tenggara,17.9,19.4,67.1
2026-09-16 00:00:00,Kupang,Nusa Tenggara Timur,Bali & Nusa Tenggara,10.4,13.2,53.1
2026-09-16 01:00:00,Kupang,Nusa Tenggara Timur,Bali & Nusa Tenggara,10.3,13.2,52.9
2026-09-16 02:00:00,Kupang,Nusa Tenggara Timur,Bali & Nusa Tenggara,10.9,13.7,54.0
2026-09-16 03:00:00,Kupang,Nusa Tenggara Timur,Bali & Nusa Tenggara,11.1,13.9,54.4
2026-09-16 04:00:00,Kupang,Nusa Tenggara Timur,Bali & Nusa Tenggara,11.2,14.2,54.6
2026-09-16 05:00:00,Kupang,Nusa Tenggara Timur,Bali & Nusa Tenggara,11.6,14.8,55.3
2026-09-16 06:00:00,Kupang,Nusa Tenggara Timur,Bali & Nusa Tenggara,11.9,15.4,55.9
2026-09-16 07:00:00,Kupang,Nusa Tenggara Timur,Bali & Nusa Tenggara,11.8,15.8,55.7
2026-09-16 08:00:00,Kupang,Nusa Tenggara Timur,Bali & Nusa Tenggara,11.5,15.7,55.1
2026-09-16 09:00:00,Kupang,Nusa Tenggara Timur,Bali & Nusa Tenggara,11.0,15.2,54.2
2026-09-16 10:00:00,Kupang,Nusa Tenggara Timur,Bali & Nusa Tenggara,10.2,14.0,52.7
2026-09-16 11:00:00,Kupang,Nusa Tenggara Timur,Bali & Nusa Tenggara,9.9,13.6,52.1
2026-09-16 12:00:00,Kupang,Nusa Tenggara Timur,Bali & Nusa Tenggara,9.4,13.0,51.2
2026-09-16 13:00:00,Kupang,Nusa Tenggara Timur,Bali & Nusa Tenggara,8.7,12.2,47.3
2026-09-16 14:00:00,Kupang,Nusa Tenggara Timur,Bali & Nusa Tenggara,8.3,11.7,45.1
2026-09-16 15:00:00,Kupang,Nusa Tenggara Timur,Bali & Nusa Tenggara,8.4,11.9,45.7
2026-09-16 16:00:00,Kupang,Nusa Tenggara Timur,Bali & Nusa Tenggara,8.6,12.3,46.7
2026-09-16 17:00:00,Kupang,Nusa Tenggara Timur,Bali & Nusa Tenggara,9.0,12.6,48.9
2026-09-16 18:00:00,Kupang,Nusa Tenggara Timur,Bali & Nusa Tenggara,10.5,14.0,53.3
2026-09-16 19:00:00,Kupang,Nusa Tenggara Timur,Bali & Nusa Tenggara,12.3,14.9,56.6
2026-09-16 20:00:00,Kupang,Nusa Tenggara Timur,Bali & Nusa Tenggara,14.9,17.1,61.5
2026-09-16 21:00:00,Kupang,Nusa Tenggara Timur,Bali & Nusa Tenggara,17.8,19.8,67.0
2026-09-16 22:00:00,Kupang,Nusa Tenggara Timur,Bali & Nusa Tenggara,21.2,22.9,73.3
2026-09-16 23:00:00,Kupang,Nusa Tenggara Timur,Bali & Nusa Tenggara,22.5,24.6,75.8
2026-09-07 00:00:00,Pontianak,Kalimantan Barat,Kalimantan,47.3,50.1,130.1
2026-09-07 01:00:00,Pontianak,Kalimantan Barat,Kalimantan,46.8,49.7,128.8
2026-09-07 02:00:00,Pontianak,Kalimantan Barat,Kalimantan,48.0,50.9,131.8
2026-09-07 03:00:00,Pontianak,Kalimantan Barat,Kalimantan,54.6,57.9,148.0
2026-09-07 04:00:00,Pontianak,Kalimantan Barat,Kalimantan,74.5,78.2,164.3
2026-09-07 05:00:00,Pontianak,Kalimantan Barat,Kalimantan,94.1,98.3,178.1
2026-09-07 06:00:00,Pontianak,Kalimantan Barat,Kalimantan,123.4,128.1,198.6
2026-09-07 07:00:00,Pontianak,Kalimantan Barat,Kalimantan,159.7,164.4,234.9
2026-09-07 08:00:00,Pontianak,Kalimantan Barat,Kalimantan,193.7,198.8,268.6
2026-09-07 09:00:00,Pontianak,Kalimantan Barat,Kalimantan,192.8,197.9,267.7
2026-09-07 10:00:00,Pontianak,Kalimantan Barat,Kalimantan,192.8,197.0,267.7
2026-09-07 11:00:00,Pontianak,Kalimantan Barat,Kalimantan,199.8,203.5,274.6
2026-09-07 12:00:00,Pontianak,Kalimantan Barat,Kalimantan,208.6,214.7,283.4
2026-09-07 13:00:00,Pontianak,Kalimantan Barat,Kalimantan,166.2,171.8,241.3
2026-09-07 14:00:00,Pontianak,Kalimantan Barat,Kalimantan,139.7,144.8,215.1
2026-09-07 15:00:00,Pontianak,Kalimantan Barat,Kalimantan,129.5,133.6,205.0
2026-09-07 16:00:00,Pontianak,Kalimantan Barat,Kalimantan,136.4,139.7,211.8
2026-09-07 17:00:00,Pontianak,Kalimantan Barat,Kalimantan,140.6,143.9,216.0
2026-09-07 18:00:00,Pontianak,Kalimantan Barat,Kalimantan,143.9,147.1,219.2
2026-09-07 19:00:00,Pontianak,Kalimantan Barat,Kalimantan,130.4,134.1,205.9
2026-09-07 20:00:00,Pontianak,Kalimantan Barat,Kalimantan,115.9,119.7,193.3
2026-09-07 21:00:00,Pontianak,Kalimantan Barat,Kalimantan,131.8,136.0,207.2
2026-09-07 22:00:00,Pontianak,Kalimantan Barat,Kalimantan,142.5,147.1,217.8
2026-09-07 23:00:00,Pontianak,Kalimantan Barat,Kalimantan,151.3,156.0,226.6
2026-09-08 00:00:00,Pontianak,Kalimantan Barat,Kalimantan,190.5,195.6,265.4
2026-09-08 01:00:00,Pontianak,Kalimantan Barat,Kalimantan,183.5,188.1,258.5
2026-09-08 02:00:00,Pontianak,Kalimantan Barat,Kalimantan,164.8,169.0,239.9
2026-09-08 03:00:00,Pontianak,Kalimantan Barat,Kalimantan,143.4,147.1,218.7
2026-09-08 04:00:00,Pontianak,Kalimantan Barat,Kalimantan,135.5,138.8,210.9
2026-09-08 05:00:00,Pontianak,Kalimantan Barat,Kalimantan,141.1,144.4,216.5
2026-09-08 06:00:00,Pontianak,Kalimantan Barat,Kalimantan,156.0,159.3,231.2
2026-09-08 07:00:00,Pontianak,Kalimantan Barat,Kalimantan,177.0,180.7,252.0
2026-09-08 08:00:00,Pontianak,Kalimantan Barat,Kalimantan,200.7,204.4,275.5
2026-09-08 09:00:00,Pontianak,Kalimantan Barat,Kalimantan,209.1,213.3,283.8
2026-09-08 10:00:00,Pontianak,Kalimantan Barat,Kalimantan,163.4,166.7,238.6
2026-09-08 11:00:00,Pontianak,Kalimantan Barat,Kalimantan,155.1,157.9,230.3
2026-09-08 12:00:00,Pontianak,Kalimantan Barat,Kalimantan,112.5,117.8,191.0
2026-09-08 13:00:00,Pontianak,Kalimantan Barat,Kalimantan,75.4,80.6,164.9
2026-09-08 14:00:00,Pontianak,Kalimantan Barat,Kalimantan,52.9,57.5,143.8
2026-09-08 15:00:00,Pontianak,Kalimantan Barat,Kalimantan,43.5,48.3,120.7
2026-09-08 16:00:00,Pontianak,Kalimantan Barat,Kalimantan,47.0,51.7,129.3
2026-09-08 17:00:00,Pontianak,Kalimantan Barat,Kalimantan,55.3,59.6,149.8
2026-09-08 18:00:00,Pontianak,Kalimantan Barat,Kalimantan,65.0,68.7,157.7
2026-09-08 19:00:00,Pontianak,Kalimantan Barat,Kalimantan,77.5,81.0,166.4
2026-09-08 20:00:00,Pontianak,Kalimantan Barat,Kalimantan,94.1,97.3,178.1
2026-09-08 21:00:00,Pontianak,Kalimantan Barat,Kalimantan,110.4,113.6,189.5
2026-09-08 22:00:00,Pontianak,Kalimantan Barat,Kalimantan,122.0,125.7,197.6
2026-09-08 23:00:00,Pontianak,Kalimantan Barat,Kalimantan,132.2,136.0,207.6
2026-09-09 00:00:00,Pontianak,Kalimantan Barat,Kalimantan,104.8,109.0,185.6
2026-09-09 01:00:00,Pontianak,Kalimantan Barat,Kalimantan,108.3,112.7,188.0
2026-09-09 02:00:00,Pontianak,Kalimantan Barat,Kalimantan,101.5,106.4,183.2
2026-09-09 03:00:00,Pontianak,Kalimantan Barat,Kalimantan,99.4,104.5,181.8
2026-09-09 04:00:00,Pontianak,Kalimantan Barat,Kalimantan,101.5,106.6,183.2
2026-09-09 05:00:00,Pontianak,Kalimantan Barat,Kalimantan,105.0,110.4,185.7
2026-09-09 06:00:00,Pontianak,Kalimantan Barat,Kalimantan,102.4,107.8,183.9
2026-09-09 07:00:00,Pontianak,Kalimantan Barat,Kalimantan,96.4,101.7,179.7
2026-09-09 08:00:00,Pontianak,Kalimantan Barat,Kalimantan,84.8,90.1,171.5
2026-09-09 09:00:00,Pontianak,Kalimantan Barat,Kalimantan,66.8,71.9,158.9
2026-09-09 10:00:00,Pontianak,Kalimantan Barat,Kalimantan,46.1,51.2,127.1
2026-09-09 11:00:00,Pontianak,Kalimantan Barat,Kalimantan,33.2,37.8,95.9
2026-09-09 12:00:00,Pontianak,Kalimantan Barat,Kalimantan,36.1,40.9,102.5
2026-09-09 13:00:00,Pontianak,Kalimantan Barat,Kalimantan,34.0,38.6,97.4
2026-09-09 14:00:00,Pontianak,Kalimantan Barat,Kalimantan,41.8,45.9,116.5
2026-09-09 15:00:00,Pontianak,Kalimantan Barat,Kalimantan,48.2,52.0,132.3
2026-09-09 16:00:00,Pontianak,Kalimantan Barat,Kalimantan,53.9,57.9,146.3
2026-09-09 17:00:00,Pontianak,Kalimantan Barat,Kalimantan,57.6,61.9,152.5
2026-09-09 18:00:00,Pontianak,Kalimantan Barat,Kalimantan,64.5,68.9,157.3
2026-09-09 19:00:00,Pontianak,Kalimantan Barat,Kalimantan,75.2,79.4,164.8
2026-09-09 20:00:00,Pontianak,Kalimantan Barat,Kalimantan,87.3,91.0,173.3
2026-09-09 21:00:00,Pontianak,Kalimantan Barat,Kalimantan,99.9,103.6,182.1
2026-09-09 22:00:00,Pontianak,Kalimantan Barat,Kalimantan,115.7,119.2,193.2
2026-09-09 23:00:00,Pontianak,Kalimantan Barat,Kalimantan,132.2,135.5,207.6
2026-09-10 00:00:00,Pontianak,Kalimantan Barat,Kalimantan,141.6,144.8,217.0
2026-09-10 01:00:00,Pontianak,Kalimantan Barat,Kalimantan,137.8,142.5,213.2
2026-09-10 02:00:00,Pontianak,Kalimantan Barat,Kalimantan,128.1,133.6,203.6
2026-09-10 03:00:00,Pontianak,Kalimantan Barat,Kalimantan,125.3,131.8,199.9
2026-09-10 04:00:00,Pontianak,Kalimantan Barat,Kalimantan,124.8,131.3,199.6
2026-09-10 05:00:00,Pontianak,Kalimantan Barat,Kalimantan,129.5,136.4,205.0
2026-09-10 06:00:00,Pontianak,Kalimantan Barat,Kalimantan,135.5,143.0,210.9
2026-09-10 07:00:00,Pontianak,Kalimantan Barat,Kalimantan,134.1,141.1,209.5
2026-09-10 08:00:00,Pontianak,Kalimantan Barat,Kalimantan,124.8,131.8,199.6
2026-09-10 09:00:00,Pontianak,Kalimantan Barat,Kalimantan,100.6,106.4,182.6
2026-09-10 10:00:00,Pontianak,Kalimantan Barat,Kalimantan,74.7,79.9,164.5
2026-09-10 11:00:00,Pontianak,Kalimantan Barat,Kalimantan,53.4,57.5,145.1
2026-09-10 12:00:00,Pontianak,Kalimantan Barat,Kalimantan,58.7,63.1,153.2
2026-09-10 13:00:00,Pontianak,Kalimantan Barat,Kalimantan,40.5,44.2,113.3
2026-09-10 14:00:00,Pontianak,Kalimantan Barat,Kalimantan,32.4,36.0,94.4
2026-09-10 15:00:00,Pontianak,Kalimantan Barat,Kalimantan,28.6,32.1,87.2
2026-09-10 16:00:00,Pontianak,Kalimantan Barat,Kalimantan,26.7,30.3,83.7
2026-09-10 17:00:00,Pontianak,Kalimantan Barat,Kalimantan,24.9,28.3,80.3
2026-09-10 18:00:00,Pontianak,Kalimantan Barat,Kalimantan,23.6,27.0,77.8
2026-09-10 19:00:00,Pontianak,Kalimantan Barat,Kalimantan,23.4,26.6,77.5
2026-09-10 20:00:00,Pontianak,Kalimantan Barat,Kalimantan,26.5,29.5,83.3
2026-09-10 21:00:00,Pontianak,Kalimantan Barat,Kalimantan,34.0,36.8,97.4
2026-09-10 22:00:00,Pontianak,Kalimantan Barat,Kalimantan,45.5,48.1,125.6
2026-09-10 23:00:00,Pontianak,Kalimantan Barat,Kalimantan,58.0,60.3,152.8
2026-09-11 00:00:00,Pontianak,Kalimantan Barat,Kalimantan,95.0,97.8,178.7
2026-09-11 01:00:00,Pontianak,Kalimantan Barat,Kalimantan,102.7,106.2,184.1
2026-09-11 02:00:00,Pontianak,Kalimantan Barat,Kalimantan,104.3,108.3,185.2
2026-09-11 03:00:00,Pontianak,Kalimantan Barat,Kalimantan,107.8,112.0,187.7
2026-09-11 04:00:00,Pontianak,Kalimantan Barat,Kalimantan,112.7,117.1,191.1
2026-09-11 05:00:00,Pontianak,Kalimantan Barat,Kalimantan,118.3,122.9,195.0
2026-09-11 06:00:00,Pontianak,Kalimantan Barat,Kalimantan,122.9,127.6,198.2
2026-09-11 07:00:00,Pontianak,Kalimantan Barat,Kalimantan,126.7,130.9,202.2
2026-09-11 08:00:00,Pontianak,Kalimantan Barat,Kalimantan,123.9,128.5,198.9
2026-09-11 09:00:00,Pontianak,Kalimantan Barat,Kalimantan,113.2,117.6,191.4
2026-09-11 10:00:00,Pontianak,Kalimantan Barat,Kalimantan,89.6,93.6,174.9
2026-09-11 11:00:00,Pontianak,Kalimantan Barat,Kalimantan,71.2,74.7,162.0
2026-09-11 12:00:00,Pontianak,Kalimantan Barat,Kalimantan,45.2,48.7,124.9
2026-09-11 13:00:00,Pontianak,Kalimantan Barat,Kalimantan,26.6,29.6,83.5
2026-09-11 14:00:00,Pontianak,Kalimantan Barat,Kalimantan,19.3,22.2,69.8
2026-09-11 15:00:00,Pontianak,Kalimantan Barat,Kalimantan,17.8,20.5,67.0
2026-09-11 16:00:00,Pontianak,Kalimantan Barat,Kalimantan,20.9,23.8,72.8
2026-09-11 17:00:00,Pontianak,Kalimantan Barat,Kalimantan,25.4,28.5,81.2
2026-09-11 18:00:00,Pontianak,Kalimantan Barat,Kalimantan,30.4,33.4,90.6
2026-09-11 19:00:00,Pontianak,Kalimantan Barat,Kalimantan,39.1,42.1,109.9
2026-09-11 20:00:00,Pontianak,Kalimantan Barat,Kalimantan,56.6,59.6,151.8
2026-09-11 21:00:00,Pontianak,Kalimantan Barat,Kalimantan,77.1,80.1,166.1
2026-09-11 22:00:00,Pontianak,Kalimantan Barat,Kalimantan,94.3,97.1,178.2
2026-09-11 23:00:00,Pontianak,Kalimantan Barat,Kalimantan,113.6,116.4,191.7
2026-09-12 00:00:00,Pontianak,Kalimantan Barat,Kalimantan,124.3,128.1,199.2
2026-09-12 01:00:00,Pontianak,Kalimantan Barat,Kalimantan,137.8,142.5,213.2
2026-09-12 02:00:00,Pontianak,Kalimantan Barat,Kalimantan,147.6,153.7,222.9
2026-09-12 03:00:00,Pontianak,Kalimantan Barat,Kalimantan,154.6,161.1,229.8
2026-09-12 04:00:00,Pontianak,Kalimantan Barat,Kalimantan,160.2,167.2,235.4
2026-09-12 05:00:00,Pontianak,Kalimantan Barat,Kalimantan,173.2,180.2,248.3
2026-09-12 06:00:00,Pontianak,Kalimantan Barat,Kalimantan,181.6,188.6,256.6
2026-09-12 07:00:00,Pontianak,Kalimantan Barat,Kalimantan,192.3,199.3,267.2
2026-09-12 08:00:00,Pontianak,Kalimantan Barat,Kalimantan,198.8,205.4,273.6
2026-09-12 09:00:00,Pontianak,Kalimantan Barat,Kalimantan,197.9,204.4,272.7
2026-09-12 10:00:00,Pontianak,Kalimantan Barat,Kalimantan,168.1,173.7,243.2
2026-09-12 11:00:00,Pontianak,Kalimantan Barat,Kalimantan,126.7,132.2,202.2
2026-09-12 12:00:00,Pontianak,Kalimantan Barat,Kalimantan,109.9,115.7,189.1
2026-09-12 13:00:00,Pontianak,Kalimantan Barat,Kalimantan,99.9,104.8,182.1
2026-09-12 14:00:00,Pontianak,Kalimantan Barat,Kalimantan,95.0,99.4,178.7
2026-09-12 15:00:00,Pontianak,Kalimantan Barat,Kalimantan,97.6,101.5,180.5
2026-09-12 16:00:00,Pontianak,Kalimantan Barat,Kalimantan,98.7,102.2,181.3
2026-09-12 17:00:00,Pontianak,Kalimantan Barat,Kalimantan,104.1,107.8,185.1
2026-09-12 18:00:00,Pontianak,Kalimantan Barat,Kalimantan,96.2,99.9,179.5
2026-09-12 19:00:00,Pontianak,Kalimantan Barat,Kalimantan,82.7,86.1,170.1
2026-09-12 20:00:00,Pontianak,Kalimantan Barat,Kalimantan,70.5,74.0,161.5
2026-09-12 21:00:00,Pontianak,Kalimantan Barat,Kalimantan,58.0,61.0,152.8
2026-09-12 22:00:00,Pontianak,Kalimantan Barat,Kalimantan,52.2,54.8,142.1
2026-09-12 23:00:00,Pontianak,Kalimantan Barat,Kalimantan,50.9,53.2,138.9
2026-09-13 00:00:00,Pontianak,Kalimantan Barat,Kalimantan,70.5,74.3,161.5
2026-09-13 01:00:00,Pontianak,Kalimantan Barat,Kalimantan,75.2,78.9,164.8
2026-09-13 02:00:00,Pontianak,Kalimantan Barat,Kalimantan,96.6,100.8,179.8
2026-09-13 03:00:00,Pontianak,Kalimantan Barat,Kalimantan,120.6,125.7,196.6
2026-09-13 04:00:00,Pontianak,Kalimantan Barat,Kalimantan,137.4,142.5,212.8
2026-09-13 05:00:00,Pontianak,Kalimantan Barat,Kalimantan,145.3,151.3,220.6
2026-09-13 06:00:00,Pontianak,Kalimantan Barat,Kalimantan,162.1,168.1,237.3
2026-09-13 07:00:00,Pontianak,Kalimantan Barat,Kalimantan,173.2,179.7,248.3
2026-09-13 08:00:00,Pontianak,Kalimantan Barat,Kalimantan,175.1,181.6,250.2
2026-09-13 09:00:00,Pontianak,Kalimantan Barat,Kalimantan,156.0,162.1,231.2
2026-09-13 10:00:00,Pontianak,Kalimantan Barat,Kalimantan,119.7,125.7,196.0
2026-09-13 11:00:00,Pontianak,Kalimantan Barat,Kalimantan,81.5,86.6,169.2
2026-09-13 12:00:00,Pontianak,Kalimantan Barat,Kalimantan,86.8,93.4,172.9
2026-09-13 13:00:00,Pontianak,Kalimantan Barat,Kalimantan,74.0,79.4,164.0
2026-09-13 14:00:00,Pontianak,Kalimantan Barat,Kalimantan,78.7,83.1,167.3
2026-09-13 15:00:00,Pontianak,Kalimantan Barat,Kalimantan,81.3,85.7,169.1
2026-09-13 16:00:00,Pontianak,Kalimantan Barat,Kalimantan,79.2,83.4,167.6
2026-09-13 17:00:00,Pontianak,Kalimantan Barat,Kalimantan,77.5,82.0,166.4
2026-09-13 18:00:00,Pontianak,Kalimantan Barat,Kalimantan,77.3,81.7,166.3
2026-09-13 19:00:00,Pontianak,Kalimantan Barat,Kalimantan,74.5,78.2,164.3
2026-09-13 20:00:00,Pontianak,Kalimantan Barat,Kalimantan,72.2,75.4,162.7
2026-09-13 21:00:00,Pontianak,Kalimantan Barat,Kalimantan,72.9,75.9,163.2
2026-09-13 22:00:00,Pontianak,Kalimantan Barat,Kalimantan,68.2,71.5,159.9
2026-09-13 23:00:00,Pontianak,Kalimantan Barat,Kalimantan,67.8,70.8,159.6
2026-09-14 00:00:00,Pontianak,Kalimantan Barat,Kalimantan,54.0,55.2,146.6
2026-09-14 01:00:00,Pontianak,Kalimantan Barat,Kalimantan,54.4,55.1,147.5
2026-09-14 02:00:00,Pontianak,Kalimantan Barat,Kalimantan,54.1,54.6,146.8
2026-09-14 03:00:00,Pontianak,Kalimantan Barat,Kalimantan,59.1,59.6,153.5
2026-09-14 04:00:00,Pontianak,Kalimantan Barat,Kalimantan,74.0,74.7,164.0
2026-09-14 05:00:00,Pontianak,Kalimantan Barat,Kalimantan,93.1,94.1,177.4
2026-09-14 06:00:00,Pontianak,Kalimantan Barat,Kalimantan,113.6,115.3,191.7
2026-09-14 07:00:00,Pontianak,Kalimantan Barat,Kalimantan,134.1,136.0,209.5
2026-09-14 08:00:00,Pontianak,Kalimantan Barat,Kalimantan,149.9,151.8,225.2
2026-09-14 09:00:00,Pontianak,Kalimantan Barat,Kalimantan,153.7,156.5,228.9
2026-09-14 10:00:00,Pontianak,Kalimantan Barat,Kalimantan,122.9,124.8,198.2
2026-09-14 11:00:00,Pontianak,Kalimantan Barat,Kalimantan,95.2,97.6,178.8
2026-09-14 12:00:00,Pontianak,Kalimantan Barat,Kalimantan,136.4,139.2,211.8
2026-09-14 13:00:00,Pontianak,Kalimantan Barat,Kalimantan,93.4,96.6,177.6
2026-09-14 14:00:00,Pontianak,Kalimantan Barat,Kalimantan,57.5,60.8,152.4
2026-09-14 15:00:00,Pontianak,Kalimantan Barat,Kalimantan,48.2,51.8,132.3
2026-09-14 16:00:00,Pontianak,Kalimantan Barat,Kalimantan,54.8,58.0,148.5
2026-09-14 17:00:00,Pontianak,Kalimantan Barat,Kalimantan,45.6,48.3,125.9
2026-09-14 18:00:00,Pontianak,Kalimantan Barat,Kalimantan,31.1,33.2,91.9
2026-09-14 19:00:00,Pontianak,Kalimantan Barat,Kalimantan,32.8,34.8,95.1
2026-09-14 20:00:00,Pontianak,Kalimantan Barat,Kalimantan,28.6,30.5,87.2
2026-09-14 21:00:00,Pontianak,Kalimantan Barat,Kalimantan,31.3,33.3,92.3
2026-09-14 22:00:00,Pontianak,Kalimantan Barat,Kalimantan,37.8,39.5,106.7
2026-09-14 23:00:00,Pontianak,Kalimantan Barat,Kalimantan,39.2,40.5,110.1
2026-09-15 00:00:00,Pontianak,Kalimantan Barat,Kalimantan,52.4,54.2,142.6
2026-09-15 01:00:00,Pontianak,Kalimantan Barat,Kalimantan,41.4,43.0,115.5
2026-09-15 02:00:00,Pontianak,Kalimantan Barat,Kalimantan,40.2,41.3,112.6
2026-09-15 03:00:00,Pontianak,Kalimantan Barat,Kalimantan,43.2,44.2,120.0
2026-09-15 04:00:00,Pontianak,Kalimantan Barat,Kalimantan,47.1,47.6,129.6
2026-09-15 05:00:00,Pontianak,Kalimantan Barat,Kalimantan,58.3,58.8,153.0
2026-09-15 06:00:00,Pontianak,Kalimantan Barat,Kalimantan,78.0,79.2,166.8
2026-09-15 07:00:00,Pontianak,Kalimantan Barat,Kalimantan,86.8,88.5,172.9
2026-09-15 08:00:00,Pontianak,Kalimantan Barat,Kalimantan,80.1,81.0,168.2
2026-09-15 09:00:00,Pontianak,Kalimantan Barat,Kalimantan,62.2,62.6,155.7
2026-09-15 10:00:00,Pontianak,Kalimantan Barat,Kalimantan,50.5,50.8,137.9
2026-09-15 11:00:00,Pontianak,Kalimantan Barat,Kalimantan,40.3,40.5,112.8
2026-09-15 12:00:00,Pontianak,Kalimantan Barat,Kalimantan,50.3,52.0,137.4
2026-09-15 13:00:00,Pontianak,Kalimantan Barat,Kalimantan,48.9,50.8,134.0
2026-09-15 14:00:00,Pontianak,Kalimantan Barat,Kalimantan,48.2,50.5,132.3
2026-09-15 15:00:00,Pontianak,Kalimantan Barat,Kalimantan,50.1,52.9,136.9
2026-09-15 16:00:00,Pontianak,Kalimantan Barat,Kalimantan,49.5,52.6,135.5
2026-09-15 17:00:00,Pontianak,Kalimantan Barat,Kalimantan,47.0,50.2,129.3
2026-09-15 18:00:00,Pontianak,Kalimantan Barat,Kalimantan,42.4,45.2,118.0
2026-09-15 19:00:00,Pontianak,Kalimantan Barat,Kalimantan,43.5,46.6,120.7
2026-09-15 20:00:00,Pontianak,Kalimantan Barat,Kalimantan,41.0,44.1,114.5
2026-09-15 21:00:00,Pontianak,Kalimantan Barat,Kalimantan,36.3,39.5,103.0
2026-09-15 22:00:00,Pontianak,Kalimantan Barat,Kalimantan,30.5,33.5,90.8
2026-09-15 23:00:00,Pontianak,Kalimantan Barat,Kalimantan,20.6,23.1,72.2
2026-09-16 00:00:00,Pontianak,Kalimantan Barat,Kalimantan,27.9,30.9,85.9
2026-09-16 01:00:00,Pontianak,Kalimantan Barat,Kalimantan,39.6,43.4,111.1
2026-09-16 02:00:00,Pontianak,Kalimantan Barat,Kalimantan,51.2,55.2,139.7
2026-09-16 03:00:00,Pontianak,Kalimantan Barat,Kalimantan,61.9,65.9,155.5
2026-09-16 04:00:00,Pontianak,Kalimantan Barat,Kalimantan,71.0,75.0,161.9
2026-09-16 05:00:00,Pontianak,Kalimantan Barat,Kalimantan,80.1,84.1,168.2
2026-09-16 06:00:00,Pontianak,Kalimantan Barat,Kalimantan,89.9,93.8,175.1
2026-09-16 07:00:00,Pontianak,Kalimantan Barat,Kalimantan,98.7,102.4,181.3
2026-09-16 08:00:00,Pontianak,Kalimantan Barat,Kalimantan,103.4,107.1,184.6
2026-09-16 09:00:00,Pontianak,Kalimantan Barat,Kalimantan,103.1,106.2,184.4
2026-09-16 10:00:00,Pontianak,Kalimantan Barat,Kalimantan,116.2,118.7,193.6
2026-09-16 11:00:00,Pontianak,Kalimantan Barat,Kalimantan,135.5,137.4,210.9
2026-09-16 12:00:00,Pontianak,Kalimantan Barat,Kalimantan,155.5,156.9,230.7
2026-09-16 13:00:00,Pontianak,Kalimantan Barat,Kalimantan,174.2,175.6,249.3
2026-09-16 14:00:00,Pontianak,Kalimantan Barat,Kalimantan,190.9,193.7,265.8
2026-09-16 15:00:00,Pontianak,Kalimantan Barat,Kalimantan,202.1,204.9,276.9
2026-09-16 16:00:00,Pontianak,Kalimantan Barat,Kalimantan,214.2,217.5,288.9
2026-09-16 17:00:00,Pontianak,Kalimantan Barat,Kalimantan,223.5,226.8,298.1
2026-09-16 18:00:00,Pontianak,Kalimantan Barat,Kalimantan,228.2,231.4,303.7
2026-09-16 19:00:00,Pontianak,Kalimantan Barat,Kalimantan,229.6,232.8,305.1
2026-09-16 20:00:00,Pontianak,Kalimantan Barat,Kalimantan,221.7,225.4,296.3
2026-09-16 21:00:00,Pontianak,Kalimantan Barat,Kalimantan,194.6,197.9,269.5
2026-09-16 22:00:00,Pontianak,Kalimantan Barat,Kalimantan,152.7,156.0,228.0
2026-09-16 23:00:00,Pontianak,Kalimantan Barat,Kalimantan,99.0,101.5,181.5
2026-09-07 00:00:00,Palangka Raya,Kalimantan Tengah,Kalimantan,19.9,21.9,70.9
2026-09-07 01:00:00,Palangka Raya,Kalimantan Tengah,Kalimantan,33.9,36.0,97.2
2026-09-07 02:00:00,Palangka Raya,Kalimantan Tengah,Kalimantan,37.3,39.3,105.4
2026-09-07 03:00:00,Palangka Raya,Kalimantan Tengah,Kalimantan,76.8,79.6,165.9
2026-09-07 04:00:00,Palangka Raya,Kalimantan Tengah,Kalimantan,166.7,171.4,241.8
2026-09-07 05:00:00,Palangka Raya,Kalimantan Tengah,Kalimantan,270.1,276.6,345.2
2026-09-07 06:00:00,Palangka Raya,Kalimantan Tengah,Kalimantan,380.9,389.3,500.0
2026-09-07 07:00:00,Palangka Raya,Kalimantan Tengah,Kalimantan,519.7,530.9,500.0
2026-09-07 08:00:00,Palangka Raya,Kalimantan Tengah,Kalimantan,644.5,655.7,500.0
2026-09-07 09:00:00,Palangka Raya,Kalimantan Tengah,Kalimantan,929.5,944.4,500.0
2026-09-07 10:00:00,Palangka Raya,Kalimantan Tengah,Kalimantan,894.1,905.2,500.0
2026-09-07 11:00:00,Palangka Raya,Kalimantan Tengah,Kalimantan,532.7,540.2,500.0
2026-09-07 12:00:00,Palangka Raya,Kalimantan Tengah,Kalimantan,810.3,825.2,500.0
2026-09-07 13:00:00,Palangka Raya,Kalimantan Tengah,Kalimantan,609.1,620.3,500.0
2026-09-07 14:00:00,Palangka Raya,Kalimantan Tengah,Kalimantan,421.9,429.3,500.0
2026-09-07 15:00:00,Palangka Raya,Kalimantan Tengah,Kalimantan,346.5,352.0,500.0
2026-09-07 16:00:00,Palangka Raya,Kalimantan Tengah,Kalimantan,310.1,314.8,384.8
2026-09-07 17:00:00,Palangka Raya,Kalimantan Tengah,Kalimantan,285.0,289.6,360.0
2026-09-07 18:00:00,Palangka Raya,Kalimantan Tengah,Kalimantan,265.4,270.1,340.5
2026-09-07 19:00:00,Palangka Raya,Kalimantan Tengah,Kalimantan,268.2,271.9,343.3
2026-09-07 20:00:00,Palangka Raya,Kalimantan Tengah,Kalimantan,225.8,229.1,301.3
2026-09-07 21:00:00,Palangka Raya,Kalimantan Tengah,Kalimantan,197.0,199.3,271.9
2026-09-07 22:00:00,Palangka Raya,Kalimantan Tengah,Kalimantan,176.5,178.3,251.5
2026-09-07 23:00:00,Palangka Raya,Kalimantan Tengah,Kalimantan,163.0,164.8,238.2
2026-09-08 00:00:00,Palangka Raya,Kalimantan Tengah,Kalimantan,113.9,116.9,191.9
2026-09-08 01:00:00,Palangka Raya,Kalimantan Tengah,Kalimantan,65.4,68.5,157.9
2026-09-08 02:00:00,Palangka Raya,Kalimantan Tengah,Kalimantan,51.5,54.4,140.4
2026-09-08 03:00:00,Palangka Raya,Kalimantan Tengah,Kalimantan,74.7,77.8,164.5
2026-09-08 04:00:00,Palangka Raya,Kalimantan Tengah,Kalimantan,128.1,131.3,203.6
2026-09-08 05:00:00,Palangka Raya,Kalimantan Tengah,Kalimantan,199.8,203.5,274.6
2026-09-08 06:00:00,Palangka Raya,Kalimantan Tengah,Kalimantan,279.4,284.1,354.4
2026-09-08 07:00:00,Palangka Raya,Kalimantan Tengah,Kalimantan,353.0,357.6,500.0
2026-09-08 08:00:00,Palangka Raya,Kalimantan Tengah,Kalimantan,562.5,566.2,500.0
2026-09-08 09:00:00,Palangka Raya,Kalimantan Tengah,Kalimantan,590.5,596.0,500.0
2026-09-08 10:00:00,Palangka Raya,Kalimantan Tengah,Kalimantan,618.4,622.1,500.0
2026-09-08 11:00:00,Palangka Raya,Kalimantan Tengah,Kalimantan,525.3,529.0,500.0
2026-09-08 12:00:00,Palangka Raya,Kalimantan Tengah,Kalimantan,549.5,556.9,500.0
2026-09-08 13:00:00,Palangka Raya,Kalimantan Tengah,Kalimantan,403.3,408.9,500.0
2026-09-08 14:00:00,Palangka Raya,Kalimantan Tengah,Kalimantan,323.2,327.8,397.8
2026-09-08 15:00:00,Palangka Raya,Kalimantan Tengah,Kalimantan,283.1,286.8,358.1
2026-09-08 16:00:00,Palangka Raya,Kalimantan Tengah,Kalimantan,241.2,244.9,316.6
2026-09-08 17:00:00,Palangka Raya,Kalimantan Tengah,Kalimantan,191.4,194.2,266.3
2026-09-08 18:00:00,Palangka Raya,Kalimantan Tengah,Kalimantan,143.4,145.8,218.7
2026-09-08 19:00:00,Palangka Raya,Kalimantan Tengah,Kalimantan,92.0,93.8,176.6
2026-09-08 20:00:00,Palangka Raya,Kalimantan Tengah,Kalimantan,97.6,99.4,180.5
2026-09-08 21:00:00,Palangka Raya,Kalimantan Tengah,Kalimantan,118.5,120.6,195.2
2026-09-08 22:00:00,Palangka Raya,Kalimantan Tengah,Kalimantan,141.1,143.0,216.5
2026-09-08 23:00:00,Palangka Raya,Kalimantan Tengah,Kalimantan,156.0,158.3,231.2
2026-09-09 00:00:00,Palangka Raya,Kalimantan Tengah,Kalimantan,97.6,100.8,180.5
2026-09-09 01:00:00,Palangka Raya,Kalimantan Tengah,Kalimantan,56.9,60.5,152.0
2026-09-09 02:00:00,Palangka Raya,Kalimantan Tengah,Kalimantan,58.4,62.6,153.0
2026-09-09 03:00:00,Palangka Raya,Kalimantan Tengah,Kalimantan,85.0,89.6,171.7
2026-09-09 04:00:00,Palangka Raya,Kalimantan Tengah,Kalimantan,109.4,113.4,188.8
2026-09-09 05:00:00,Palangka Raya,Kalimantan Tengah,Kalimantan,150.4,154.1,225.7
2026-09-09 06:00:00,Palangka Raya,Kalimantan Tengah,Kalimantan,191.4,195.6,266.3
2026-09-09 07:00:00,Palangka Raya,Kalimantan Tengah,Kalimantan,234.2,238.4,309.6
2026-09-09 08:00:00,Palangka Raya,Kalimantan Tengah,Kalimantan,350.2,355.8,500.0
2026-09-09 09:00:00,Palangka Raya,Kalimantan Tengah,Kalimantan,439.6,444.2,500.0
2026-09-09 10:00:00,Palangka Raya,Kalimantan Tengah,Kalimantan,625.8,631.4,500.0
2026-09-09 11:00:00,Palangka Raya,Kalimantan Tengah,Kalimantan,631.4,637.0,500.0
2026-09-09 12:00:00,Palangka Raya,Kalimantan Tengah,Kalimantan,949.9,961.1,500.0
2026-09-09 13:00:00,Palangka Raya,Kalimantan Tengah,Kalimantan,601.6,610.9,500.0
2026-09-09 14:00:00,Palangka Raya,Kalimantan Tengah,Kalimantan,390.2,397.7,500.0
2026-09-09 15:00:00,Palangka Raya,Kalimantan Tengah,Kalimantan,271.0,276.6,346.1
2026-09-09 16:00:00,Palangka Raya,Kalimantan Tengah,Kalimantan,203.5,207.7,278.3
2026-09-09 17:00:00,Palangka Raya,Kalimantan Tengah,Kalimantan,163.0,165.8,238.2
2026-09-09 18:00:00,Palangka Raya,Kalimantan Tengah,Kalimantan,144.8,147.1,220.1
2026-09-09 19:00:00,Palangka Raya,Kalimantan Tengah,Kalimantan,138.3,140.2,213.7
2026-09-09 20:00:00,Palangka Raya,Kalimantan Tengah,Kalimantan,138.8,140.6,214.2
2026-09-09 21:00:00,Palangka Raya,Kalimantan Tengah,Kalimantan,143.9,145.8,219.2
2026-09-09 22:00:00,Palangka Raya,Kalimantan Tengah,Kalimantan,149.5,151.3,224.8
2026-09-09 23:00:00,Palangka Raya,Kalimantan Tengah,Kalimantan,157.4,159.3,232.6
2026-09-10 00:00:00,Palangka Raya,Kalimantan Tengah,Kalimantan,170.9,174.2,246.0
2026-09-10 01:00:00,Palangka Raya,Kalimantan Tengah,Kalimantan,115.9,119.7,193.3
2026-09-10 02:00:00,Palangka Raya,Kalimantan Tengah,Kalimantan,75.0,79.2,164.7
2026-09-10 03:00:00,Palangka Raya,Kalimantan Tengah,Kalimantan,91.3,96.4,176.1
2026-09-10 04:00:00,Palangka Raya,Kalimantan Tengah,Kalimantan,132.2,137.8,207.6
2026-09-10 05:00:00,Palangka Raya,Kalimantan Tengah,Kalimantan,192.3,198.8,267.2
2026-09-10 06:00:00,Palangka Raya,Kalimantan Tengah,Kalimantan,244.9,251.5,320.2
2026-09-10 07:00:00,Palangka Raya,Kalimantan Tengah,Kalimantan,284.1,290.6,359.1
2026-09-10 08:00:00,Palangka Raya,Kalimantan Tengah,Kalimantan,387.4,393.9,500.0
2026-09-10 09:00:00,Palangka Raya,Kalimantan Tengah,Kalimantan,454.5,461.0,500.0
2026-09-10 10:00:00,Palangka Raya,Kalimantan Tengah,Kalimantan,739.5,745.1,500.0
2026-09-10 11:00:00,Palangka Raya,Kalimantan Tengah,Kalimantan,724.6,733.9,500.0
2026-09-10 12:00:00,Palangka Raya,Kalimantan Tengah,Kalimantan,828.9,841.9,500.0
2026-09-10 13:00:00,Palangka Raya,Kalimantan Tengah,Kalimantan,581.1,590.5,500.0
2026-09-10 14:00:00,Palangka Raya,Kalimantan Tengah,Kalimantan,378.1,385.6,500.0
2026-09-10 15:00:00,Palangka Raya,Kalimantan Tengah,Kalimantan,239.3,244.9,314.7
2026-09-10 16:00:00,Palangka Raya,Kalimantan Tengah,Kalimantan,136.9,141.1,212.3
2026-09-10 17:00:00,Palangka Raya,Kalimantan Tengah,Kalimantan,92.9,96.4,177.2
2026-09-10 18:00:00,Palangka Raya,Kalimantan Tengah,Kalimantan,69.4,72.4,160.7
2026-09-10 19:00:00,Palangka Raya,Kalimantan Tengah,Kalimantan,74.5,76.8,164.3
2026-09-10 20:00:00,Palangka Raya,Kalimantan Tengah,Kalimantan,89.9,91.7,175.1
2026-09-10 21:00:00,Palangka Raya,Kalimantan Tengah,Kalimantan,109.9,111.8,189.1
2026-09-10 22:00:00,Palangka Raya,Kalimantan Tengah,Kalimantan,134.1,136.0,209.5
2026-09-10 23:00:00,Palangka Raya,Kalimantan Tengah,Kalimantan,154.1,156.0,229.3
2026-09-11 00:00:00,Palangka Raya,Kalimantan Tengah,Kalimantan,150.9,154.1,226.2
2026-09-11 01:00:00,Palangka Raya,Kalimantan Tengah,Kalimantan,105.7,109.4,186.2
2026-09-11 02:00:00,Palangka Raya,Kalimantan Tengah,Kalimantan,72.9,76.4,163.2
2026-09-11 03:00:00,Palangka Raya,Kalimantan Tengah,Kalimantan,100.1,103.6,182.3
2026-09-11 04:00:00,Palangka Raya,Kalimantan Tengah,Kalimantan,136.4,140.2,211.8
2026-09-11 05:00:00,Palangka Raya,Kalimantan Tengah,Kalimantan,177.4,181.1,252.4
2026-09-11 06:00:00,Palangka Raya,Kalimantan Tengah,Kalimantan,224.0,228.2,298.6
2026-09-11 07:00:00,Palangka Raya,Kalimantan Tengah,Kalimantan,264.5,268.2,339.6
2026-09-11 08:00:00,Palangka Raya,Kalimantan Tengah,Kalimantan,411.6,416.3,500.0
2026-09-11 09:00:00,Palangka Raya,Kalimantan Tengah,Kalimantan,564.4,568.1,500.0
2026-09-11 10:00:00,Palangka Raya,Kalimantan Tengah,Kalimantan,875.4,881.0,500.0
2026-09-11 11:00:00,Palangka Raya,Kalimantan Tengah,Kalimantan,968.6,979.8,500.0
2026-09-11 12:00:00,Palangka Raya,Kalimantan Tengah,Kalimantan,868.0,875.4,500.0
2026-09-11 13:00:00,Palangka Raya,Kalimantan Tengah,Kalimantan,573.7,579.3,500.0
2026-09-11 14:00:00,Palangka Raya,Kalimantan Tengah,Kalimantan,314.8,319.4,389.5
2026-09-11 15:00:00,Palangka Raya,Kalimantan Tengah,Kalimantan,187.7,191.4,262.6
2026-09-11 16:00:00,Palangka Raya,Kalimantan Tengah,Kalimantan,108.3,111.3,188.0
2026-09-11 17:00:00,Palangka Raya,Kalimantan Tengah,Kalimantan,72.4,75.2,162.8
2026-09-11 18:00:00,Palangka Raya,Kalimantan Tengah,Kalimantan,44.7,47.4,123.7
2026-09-11 19:00:00,Palangka Raya,Kalimantan Tengah,Kalimantan,34.6,36.9,98.5
2026-09-11 20:00:00,Palangka Raya,Kalimantan Tengah,Kalimantan,34.5,36.6,98.3
2026-09-11 21:00:00,Palangka Raya,Kalimantan Tengah,Kalimantan,48.0,49.7,131.8
2026-09-11 22:00:00,Palangka Raya,Kalimantan Tengah,Kalimantan,85.0,86.8,171.7
2026-09-11 23:00:00,Palangka Raya,Kalimantan Tengah,Kalimantan,115.7,117.6,193.2
2026-09-12 00:00:00,Palangka Raya,Kalimantan Tengah,Kalimantan,101.7,103.8,183.4
2026-09-12 01:00:00,Palangka Raya,Kalimantan Tengah,Kalimantan,76.4,79.4,165.7
2026-09-12 02:00:00,Palangka Raya,Kalimantan Tengah,Kalimantan,56.5,59.5,151.7
2026-09-12 03:00:00,Palangka Raya,Kalimantan Tengah,Kalimantan,90.3,93.6,175.4
2026-09-12 04:00:00,Palangka Raya,Kalimantan Tengah,Kalimantan,150.4,154.6,225.7
2026-09-12 05:00:00,Palangka Raya,Kalimantan Tengah,Kalimantan,219.3,224.4,294.0
2026-09-12 06:00:00,Palangka Raya,Kalimantan Tengah,Kalimantan,302.7,308.3,377.5
2026-09-12 07:00:00,Palangka Raya,Kalimantan Tengah,Kalimantan,378.1,385.6,500.0
2026-09-12 08:00:00,Palangka Raya,Kalimantan Tengah,Kalimantan,480.6,489.9,500.0
2026-09-12 09:00:00,Palangka Raya,Kalimantan Tengah,Kalimantan,700.4,709.7,500.0
2026-09-12 10:00:00,Palangka Raya,Kalimantan Tengah,Kalimantan,1043.1,1054.3,500.0
2026-09-12 11:00:00,Palangka Raya,Kalimantan Tengah,Kalimantan,1214.4,1229.3,500.0
2026-09-12 12:00:00,Palangka Raya,Kalimantan Tengah,Kalimantan,1620.5,1642.9,500.0
2026-09-12 13:00:00,Palangka Raya,Kalimantan Tengah,Kalimantan,1460.3,1475.2,500.0
2026-09-12 14:00:00,Palangka Raya,Kalimantan Tengah,Kalimantan,1117.6,1132.5,500.0
2026-09-12 15:00:00,Palangka Raya,Kalimantan Tengah,Kalimantan,709.7,719.0,500.0
2026-09-12 16:00:00,Palangka Raya,Kalimantan Tengah,Kalimantan,435.9,442.4,500.0
2026-09-12 17:00:00,Palangka Raya,Kalimantan Tengah,Kalimantan,282.2,286.8,357.2
2026-09-12 18:00:00,Palangka Raya,Kalimantan Tengah,Kalimantan,194.6,197.9,269.5
2026-09-12 19:00:00,Palangka Raya,Kalimantan Tengah,Kalimantan,153.2,156.5,228.5
2026-09-12 20:00:00,Palangka Raya,Kalimantan Tengah,Kalimantan,156.0,158.3,231.2
2026-09-12 21:00:00,Palangka Raya,Kalimantan Tengah,Kalimantan,157.4,159.7,232.6
2026-09-12 22:00:00,Palangka Raya,Kalimantan Tengah,Kalimantan,159.7,161.6,234.9
2026-09-12 23:00:00,Palangka Raya,Kalimantan Tengah,Kalimantan,149.5,151.3,224.8
2026-09-13 00:00:00,Palangka Raya,Kalimantan Tengah,Kalimantan,122.0,124.3,197.6
2026-09-13 01:00:00,Palangka Raya,Kalimantan Tengah,Kalimantan,61.9,65.4,155.5
2026-09-13 02:00:00,Palangka Raya,Kalimantan Tengah,Kalimantan,53.7,57.7,145.8
2026-09-13 03:00:00,Palangka Raya,Kalimantan Tengah,Kalimantan,93.1,98.0,177.4
2026-09-13 04:00:00,Palangka Raya,Kalimantan Tengah,Kalimantan,158.8,164.8,234.0
2026-09-13 05:00:00,Palangka Raya,Kalimantan Tengah,Kalimantan,236.1,243.1,311.5
2026-09-13 06:00:00,Palangka Raya,Kalimantan Tengah,Kalimantan,312.0,320.4,386.7
2026-09-13 07:00:00,Palangka Raya,Kalimantan Tengah,Kalimantan,393.0,401.4,500.0
2026-09-13 08:00:00,Palangka Raya,Kalimantan Tengah,Kalimantan,599.8,609.1,500.0
2026-09-13 09:00:00,Palangka Raya,Kalimantan Tengah,Kalimantan,875.4,884.8,500.0
2026-09-13 10:00:00,Palangka Raya,Kalimantan Tengah,Kalimantan,1046.8,1058.0,500.0
2026-09-13 11:00:00,Palangka Raya,Kalimantan Tengah,Kalimantan,948.1,961.1,500.0
2026-09-13 12:00:00,Palangka Raya,Kalimantan Tengah,Kalimantan,890.3,901.5,500.0
2026-09-13 13:00:00,Palangka Raya,Kalimantan Tengah,Kalimantan,663.1,672.4,500.0
2026-09-13 14:00:00,Palangka Raya,Kalimantan Tengah,Kalimantan,460.1,466.6,500.0
2026-09-13 15:00:00,Palangka Raya,Kalimantan Tengah,Kalimantan,294.3,299.0,369.2
2026-09-13 16:00:00,Palangka Raya,Kalimantan Tengah,Kalimantan,165.8,169.0,240.9
2026-09-13 17:00:00,Palangka Raya,Kalimantan Tengah,Kalimantan,92.9,95.0,177.2
2026-09-13 18:00:00,Palangka Raya,Kalimantan Tengah,Kalimantan,66.4,68.5,158.6
2026-09-13 19:00:00,Palangka Raya,Kalimantan Tengah,Kalimantan,82.2,84.1,169.7
2026-09-13 20:00:00,Palangka Raya,Kalimantan Tengah,Kalimantan,105.2,107.3,185.8
2026-09-13 21:00:00,Palangka Raya,Kalimantan Tengah,Kalimantan,126.2,128.5,201.7
2026-09-13 22:00:00,Palangka Raya,Kalimantan Tengah,Kalimantan,144.8,146.7,220.1
2026-09-13 23:00:00,Palangka Raya,Kalimantan Tengah,Kalimantan,158.3,160.2,233.5
2026-09-14 00:00:00,Palangka Raya,Kalimantan Tengah,Kalimantan,153.7,156.9,228.9
2026-09-14 01:00:00,Palangka Raya,Kalimantan Tengah,Kalimantan,79.9,83.4,168.1
2026-09-14 02:00:00,Palangka Raya,Kalimantan Tengah,Kalimantan,68.9,72.6,160.4
2026-09-14 03:00:00,Palangka Raya,Kalimantan Tengah,Kalimantan,80.3,84.3,168.4
2026-09-14 04:00:00,Palangka Raya,Kalimantan Tengah,Kalimantan,109.7,113.6,189.0
2026-09-14 05:00:00,Palangka Raya,Kalimantan Tengah,Kalimantan,153.7,157.9,228.9
2026-09-14 06:00:00,Palangka Raya,Kalimantan Tengah,Kalimantan,200.2,204.9,275.0
2026-09-14 07:00:00,Palangka Raya,Kalimantan Tengah,Kalimantan,238.0,242.1,313.4
2026-09-14 08:00:00,Palangka Raya,Kalimantan Tengah,Kalimantan,311.1,315.7,385.8
2026-09-14 09:00:00,Palangka Raya,Kalimantan Tengah,Kalimantan,478.7,484.3,500.0
2026-09-14 10:00:00,Palangka Raya,Kalimantan Tengah,Kalimantan,694.8,700.4,500.0
2026-09-14 11:00:00,Palangka Raya,Kalimantan Tengah,Kalimantan,635.2,640.7,500.0
2026-09-14 12:00:00,Palangka Raya,Kalimantan Tengah,Kalimantan,907.1,916.4,500.0
2026-09-14 13:00:00,Palangka Raya,Kalimantan Tengah,Kalimantan,442.4,449.8,500.0
2026-09-14 14:00:00,Palangka Raya,Kalimantan Tengah,Kalimantan,200.7,206.8,275.5
2026-09-14 15:00:00,Palangka Raya,Kalimantan Tengah,Kalimantan,116.9,122.5,194.0
2026-09-14 16:00:00,Palangka Raya,Kalimantan Tengah,Kalimantan,74.0,79.2,164.0
2026-09-14 17:00:00,Palangka Raya,Kalimantan Tengah,Kalimantan,47.1,52.3,129.6
2026-09-14 18:00:00,Palangka Raya,Kalimantan Tengah,Kalimantan,38.5,43.7,108.4
2026-09-14 19:00:00,Palangka Raya,Kalimantan Tengah,Kalimantan,45.1,49.7,124.6
2026-09-14 20:00:00,Palangka Raya,Kalimantan Tengah,Kalimantan,86.1,90.1,172.5
2026-09-14 21:00:00,Palangka Raya,Kalimantan Tengah,Kalimantan,116.9,119.7,194.0
2026-09-14 22:00:00,Palangka Raya,Kalimantan Tengah,Kalimantan,137.4,140.2,212.8
2026-09-14 23:00:00,Palangka Raya,Kalimantan Tengah,Kalimantan,149.5,151.8,224.8
2026-09-15 00:00:00,Palangka Raya,Kalimantan Tengah,Kalimantan,184.9,190.5,259.9
2026-09-15 01:00:00,Palangka Raya,Kalimantan Tengah,Kalimantan,123.4,129.9,198.6
2026-09-15 02:00:00,Palangka Raya,Kalimantan Tengah,Kalimantan,77.8,84.5,166.6
2026-09-15 03:00:00,Palangka Raya,Kalimantan Tengah,Kalimantan,68.9,75.4,160.4
2026-09-15 04:00:00,Palangka Raya,Kalimantan Tengah,Kalimantan,136.4,143.9,211.8
2026-09-15 05:00:00,Palangka Raya,Kalimantan Tengah,Kalimantan,268.2,277.5,343.3
2026-09-15 06:00:00,Palangka Raya,Kalimantan Tengah,Kalimantan,394.9,405.1,500.0
2026-09-15 07:00:00,Palangka Raya,Kalimantan Tengah,Kalimantan,577.4,590.5,500.0
2026-09-15 08:00:00,Palangka Raya,Kalimantan Tengah,Kalimantan,1356.0,1370.9,500.0
2026-09-15 09:00:00,Palangka Raya,Kalimantan Tengah,Kalimantan,1788.1,1806.8,500.0
2026-09-15 10:00:00,Palangka Raya,Kalimantan Tengah,Kalimantan,1478.9,1497.6,500.0
2026-09-15 11:00:00,Palangka Raya,Kalimantan Tengah,Kalimantan,815.8,828.9,500.0
2026-09-15 12:00:00,Palangka Raya,Kalimantan Tengah,Kalimantan,810.3,821.4,500.0
2026-09-15 13:00:00,Palangka Raya,Kalimantan Tengah,Kalimantan,521.5,529.0,500.0
2026-09-15 14:00:00,Palangka Raya,Kalimantan Tengah,Kalimantan,293.4,300.8,368.3
2026-09-15 15:00:00,Palangka Raya,Kalimantan Tengah,Kalimantan,148.5,154.6,223.8
2026-09-15 16:00:00,Palangka Raya,Kalimantan Tengah,Kalimantan,79.4,85.0,167.8
2026-09-15 17:00:00,Palangka Raya,Kalimantan Tengah,Kalimantan,40.9,45.9,114.3
2026-09-15 18:00:00,Palangka Raya,Kalimantan Tengah,Kalimantan,15.1,20.0,61.9
2026-09-15 19:00:00,Palangka Raya,Kalimantan Tengah,Kalimantan,10.4,15.3,53.1
2026-09-15 20:00:00,Palangka Raya,Kalimantan Tengah,Kalimantan,10.5,15.4,53.3
2026-09-15 21:00:00,Palangka Raya,Kalimantan Tengah,Kalimantan,10.1,14.6,52.5
2026-09-15 22:00:00,Palangka Raya,Kalimantan Tengah,Kalimantan,48.9,52.9,134.0
2026-09-15 23:00:00,Palangka Raya,Kalimantan Tengah,Kalimantan,113.2,116.4,191.4
2026-09-16 00:00:00,Palangka Raya,Kalimantan Tengah,Kalimantan,158.8,162.5,234.0
2026-09-16 01:00:00,Palangka Raya,Kalimantan Tengah,Kalimantan,71.2,75.4,162.0
2026-09-16 02:00:00,Palangka Raya,Kalimantan Tengah,Kalimantan,58.2,62.6,152.9
2026-09-16 03:00:00,Palangka Raya,Kalimantan Tengah,Kalimantan,91.7,97.3,176.4
2026-09-16 04:00:00,Palangka Raya,Kalimantan Tengah,Kalimantan,176.0,183.0,251.0
2026-09-16 05:00:00,Palangka Raya,Kalimantan Tengah,Kalimantan,291.5,300.8,366.4
2026-09-16 06:00:00,Palangka Raya,Kalimantan Tengah,Kalimantan,413.5,424.7,500.0
2026-09-16 07:00:00,Palangka Raya,Kalimantan Tengah,Kalimantan,674.3,689.2,500.0
2026-09-16 08:00:00,Palangka Raya,Kalimantan Tengah,Kalimantan,1438.0,1456.6,500.0
2026-09-16 09:00:00,Palangka Raya,Kalimantan Tengah,Kalimantan,2078.7,2108.5,500.0
2026-09-16 10:00:00,Palangka Raya,Kalimantan Tengah,Kalimantan,2123.4,2153.2,500.0
2026-09-16 11:00:00,Palangka Raya,Kalimantan Tengah,Kalimantan,1944.6,1967.0,500.0
2026-09-16 12:00:00,Palangka Raya,Kalimantan Tengah,Kalimantan,1628.0,1646.6,500.0
2026-09-16 13:00:00,Palangka Raya,Kalimantan Tengah,Kalimantan,1236.8,1251.7,500.0
2026-09-16 14:00:00,Palangka Raya,Kalimantan Tengah,Kalimantan,968.6,976.0,500.0
2026-09-16 15:00:00,Palangka Raya,Kalimantan Tengah,Kalimantan,808.4,817.7,500.0
2026-09-16 16:00:00,Palangka Raya,Kalimantan Tengah,Kalimantan,730.2,737.6,500.0
2026-09-16 17:00:00,Palangka Raya,Kalimantan Tengah,Kalimantan,719.0,726.4,500.0
2026-09-16 18:00:00,Palangka Raya,Kalimantan Tengah,Kalimantan,709.7,717.1,500.0
2026-09-16 19:00:00,Palangka Raya,Kalimantan Tengah,Kalimantan,685.5,691.0,500.0
2026-09-16 20:00:00,Palangka Raya,Kalimantan Tengah,Kalimantan,655.7,663.1,500.0
2026-09-16 21:00:00,Palangka Raya,Kalimantan Tengah,Kalimantan,659.4,665.0,500.0
2026-09-16 22:00:00,Palangka Raya,Kalimantan Tengah,Kalimantan,655.7,659.4,500.0
2026-09-16 23:00:00,Palangka Raya,Kalimantan Tengah,Kalimantan,657.5,663.1,500.0
2026-09-07 00:00:00,Banjarmasin,Kalimantan Selatan,Kalimantan,25.2,26.9,80.9
2026-09-07 01:00:00,Banjarmasin,Kalimantan Selatan,Kalimantan,34.2,36.0,97.7
2026-09-07 02:00:00,Banjarmasin,Kalimantan Selatan,Kalimantan,26.3,28.1,82.9
2026-09-07 03:00:00,Banjarmasin,Kalimantan Selatan,Kalimantan,38.4,40.4,108.1
2026-09-07 04:00:00,Banjarmasin,Kalimantan Selatan,Kalimantan,89.2,92.0,174.6
2026-09-07 05:00:00,Banjarmasin,Kalimantan Selatan,Kalimantan,164.4,168.6,239.5
2026-09-07 06:00:00,Banjarmasin,Kalimantan Selatan,Kalimantan,256.1,261.7,331.3
2026-09-07 07:00:00,Banjarmasin,Kalimantan Selatan,Kalimantan,341.8,348.3,500.0
2026-09-07 08:00:00,Banjarmasin,Kalimantan Selatan,Kalimantan,499.2,506.6,500.0
2026-09-07 09:00:00,Banjarmasin,Kalimantan Selatan,Kalimantan,778.6,789.8,500.0
2026-09-07 10:00:00,Banjarmasin,Kalimantan Selatan,Kalimantan,998.4,1009.6,500.0
2026-09-07 11:00:00,Banjarmasin,Kalimantan Selatan,Kalimantan,707.8,715.3,500.0
2026-09-07 12:00:00,Banjarmasin,Kalimantan Selatan,Kalimantan,758.1,773.0,500.0
2026-09-07 13:00:00,Banjarmasin,Kalimantan Selatan,Kalimantan,700.4,713.4,500.0
2026-09-07 14:00:00,Banjarmasin,Kalimantan Selatan,Kalimantan,516.0,523.4,500.0
2026-09-07 15:00:00,Banjarmasin,Kalimantan Selatan,Kalimantan,417.2,422.8,500.0
2026-09-07 16:00:00,Banjarmasin,Kalimantan Selatan,Kalimantan,359.5,365.1,500.0
2026-09-07 17:00:00,Banjarmasin,Kalimantan Selatan,Kalimantan,320.4,325.0,395.0
2026-09-07 18:00:00,Banjarmasin,Kalimantan Selatan,Kalimantan,280.3,285.0,355.3
2026-09-07 19:00:00,Banjarmasin,Kalimantan Selatan,Kalimantan,271.0,274.7,346.1
2026-09-07 20:00:00,Banjarmasin,Kalimantan Selatan,Kalimantan,203.0,205.8,277.8
2026-09-07 21:00:00,Banjarmasin,Kalimantan Selatan,Kalimantan,176.0,178.3,251.0
2026-09-07 22:00:00,Banjarmasin,Kalimantan Selatan,Kalimantan,149.0,150.9,224.3
2026-09-07 23:00:00,Banjarmasin,Kalimantan Selatan,Kalimantan,128.1,129.9,203.6
2026-09-08 00:00:00,Banjarmasin,Kalimantan Selatan,Kalimantan,112.5,115.0,191.0
2026-09-08 01:00:00,Banjarmasin,Kalimantan Selatan,Kalimantan,65.9,68.9,158.3
2026-09-08 02:00:00,Banjarmasin,Kalimantan Selatan,Kalimantan,41.6,44.7,116.0
2026-09-08 03:00:00,Banjarmasin,Kalimantan Selatan,Kalimantan,51.3,54.7,139.9
2026-09-08 04:00:00,Banjarmasin,Kalimantan Selatan,Kalimantan,88.2,92.0,173.9
2026-09-08 05:00:00,Banjarmasin,Kalimantan Selatan,Kalimantan,148.5,152.7,223.8
2026-09-08 06:00:00,Banjarmasin,Kalimantan Selatan,Kalimantan,212.3,216.5,287.0
2026-09-08 07:00:00,Banjarmasin,Kalimantan Selatan,Kalimantan,270.1,274.7,345.2
2026-09-08 08:00:00,Banjarmasin,Kalimantan Selatan,Kalimantan,711.5,717.1,500.0
2026-09-08 09:00:00,Banjarmasin,Kalimantan Selatan,Kalimantan,819.6,825.2,500.0
2026-09-08 10:00:00,Banjarmasin,Kalimantan Selatan,Kalimantan,776.7,780.4,500.0
2026-09-08 11:00:00,Banjarmasin,Kalimantan Selatan,Kalimantan,534.6,538.3,500.0
2026-09-08 12:00:00,Banjarmasin,Kalimantan Selatan,Kalimantan,523.4,529.0,500.0
2026-09-08 13:00:00,Banjarmasin,Kalimantan Selatan,Kalimantan,393.9,398.6,500.0
2026-09-08 14:00:00,Banjarmasin,Kalimantan Selatan,Kalimantan,337.1,340.9,500.0
2026-09-08 15:00:00,Banjarmasin,Kalimantan Selatan,Kalimantan,300.8,304.5,375.6
2026-09-08 16:00:00,Banjarmasin,Kalimantan Selatan,Kalimantan,257.0,260.8,332.2
2026-09-08 17:00:00,Banjarmasin,Kalimantan Selatan,Kalimantan,204.4,207.2,279.2
2026-09-08 18:00:00,Banjarmasin,Kalimantan Selatan,Kalimantan,151.8,154.1,227.1
2026-09-08 19:00:00,Banjarmasin,Kalimantan Selatan,Kalimantan,111.8,113.6,190.5
2026-09-08 20:00:00,Banjarmasin,Kalimantan Selatan,Kalimantan,94.8,96.6,178.5
2026-09-08 21:00:00,Banjarmasin,Kalimantan Selatan,Kalimantan,97.8,99.7,180.7
2026-09-08 22:00:00,Banjarmasin,Kalimantan Selatan,Kalimantan,105.7,107.6,186.2
2026-09-08 23:00:00,Banjarmasin,Kalimantan Selatan,Kalimantan,110.6,112.5,189.6
2026-09-09 00:00:00,Banjarmasin,Kalimantan Selatan,Kalimantan,92.2,94.8,176.7
2026-09-09 01:00:00,Banjarmasin,Kalimantan Selatan,Kalimantan,48.0,51.2,131.8
2026-09-09 02:00:00,Banjarmasin,Kalimantan Selatan,Kalimantan,44.1,47.6,122.2
2026-09-09 03:00:00,Banjarmasin,Kalimantan Selatan,Kalimantan,61.5,65.2,155.2
2026-09-09 04:00:00,Banjarmasin,Kalimantan Selatan,Kalimantan,86.1,89.6,172.5
2026-09-09 05:00:00,Banjarmasin,Kalimantan Selatan,Kalimantan,114.3,117.8,192.2
2026-09-09 06:00:00,Banjarmasin,Kalimantan Selatan,Kalimantan,137.4,140.6,212.8
2026-09-09 07:00:00,Banjarmasin,Kalimantan Selatan,Kalimantan,166.7,170.4,241.8
2026-09-09 08:00:00,Banjarmasin,Kalimantan Selatan,Kalimantan,339.0,342.7,500.0
2026-09-09 09:00:00,Banjarmasin,Kalimantan Selatan,Kalimantan,466.6,470.3,500.0
2026-09-09 10:00:00,Banjarmasin,Kalimantan Selatan,Kalimantan,627.7,629.6,500.0
2026-09-09 11:00:00,Banjarmasin,Kalimantan Selatan,Kalimantan,663.1,666.8,500.0
2026-09-09 12:00:00,Banjarmasin,Kalimantan Selatan,Kalimantan,929.5,936.9,500.0
2026-09-09 13:00:00,Banjarmasin,Kalimantan Selatan,Kalimantan,631.4,638.9,500.0
2026-09-09 14:00:00,Banjarmasin,Kalimantan Selatan,Kalimantan,471.2,476.8,500.0
2026-09-09 15:00:00,Banjarmasin,Kalimantan Selatan,Kalimantan,360.4,365.1,500.0
2026-09-09 16:00:00,Banjarmasin,Kalimantan Selatan,Kalimantan,275.7,279.4,350.7
2026-09-09 17:00:00,Banjarmasin,Kalimantan Selatan,Kalimantan,209.1,211.9,283.8
2026-09-09 18:00:00,Banjarmasin,Kalimantan Selatan,Kalimantan,171.4,173.7,246.5
2026-09-09 19:00:00,Banjarmasin,Kalimantan Selatan,Kalimantan,152.3,154.6,227.6
2026-09-09 20:00:00,Banjarmasin,Kalimantan Selatan,Kalimantan,143.0,144.8,218.3
2026-09-09 21:00:00,Banjarmasin,Kalimantan Selatan,Kalimantan,140.6,142.5,216.0
2026-09-09 22:00:00,Banjarmasin,Kalimantan Selatan,Kalimantan,139.7,141.6,215.1
2026-09-09 23:00:00,Banjarmasin,Kalimantan Selatan,Kalimantan,138.3,139.7,213.7
2026-09-10 00:00:00,Banjarmasin,Kalimantan Selatan,Kalimantan,161.6,164.4,236.8
2026-09-10 01:00:00,Banjarmasin,Kalimantan Selatan,Kalimantan,114.1,117.6,192.1
2026-09-10 02:00:00,Banjarmasin,Kalimantan Selatan,Kalimantan,63.1,67.1,156.3
2026-09-10 03:00:00,Banjarmasin,Kalimantan Selatan,Kalimantan,72.2,76.8,162.7
2026-09-10 04:00:00,Banjarmasin,Kalimantan Selatan,Kalimantan,103.6,109.0,184.7
2026-09-10 05:00:00,Banjarmasin,Kalimantan Selatan,Kalimantan,146.7,152.3,222.0
2026-09-10 06:00:00,Banjarmasin,Kalimantan Selatan,Kalimantan,185.3,190.9,260.3
2026-09-10 07:00:00,Banjarmasin,Kalimantan Selatan,Kalimantan,214.7,219.8,289.4
2026-09-10 08:00:00,Banjarmasin,Kalimantan Selatan,Kalimantan,411.6,416.3,500.0
2026-09-10 09:00:00,Banjarmasin,Kalimantan Selatan,Kalimantan,581.1,586.7,500.0
2026-09-10 10:00:00,Banjarmasin,Kalimantan Selatan,Kalimantan,830.7,836.3,500.0
2026-09-10 11:00:00,Banjarmasin,Kalimantan Selatan,Kalimantan,786.0,791.6,500.0
2026-09-10 12:00:00,Banjarmasin,Kalimantan Selatan,Kalimantan,778.6,789.8,500.0
2026-09-10 13:00:00,Banjarmasin,Kalimantan Selatan,Kalimantan,610.9,622.1,500.0
2026-09-10 14:00:00,Banjarmasin,Kalimantan Selatan,Kalimantan,451.7,459.1,500.0
2026-09-10 15:00:00,Banjarmasin,Kalimantan Selatan,Kalimantan,327.8,333.4,500.0
2026-09-10 16:00:00,Banjarmasin,Kalimantan Selatan,Kalimantan,228.6,232.4,304.1
2026-09-10 17:00:00,Banjarmasin,Kalimantan Selatan,Kalimantan,169.5,173.2,244.6
2026-09-10 18:00:00,Banjarmasin,Kalimantan Selatan,Kalimantan,129.5,132.7,205.0
2026-09-10 19:00:00,Banjarmasin,Kalimantan Selatan,Kalimantan,111.3,113.6,190.1
2026-09-10 20:00:00,Banjarmasin,Kalimantan Selatan,Kalimantan,109.0,110.8,188.5
2026-09-10 21:00:00,Banjarmasin,Kalimantan Selatan,Kalimantan,116.4,118.3,193.7
2026-09-10 22:00:00,Banjarmasin,Kalimantan Selatan,Kalimantan,130.4,132.2,205.9
2026-09-10 23:00:00,Banjarmasin,Kalimantan Selatan,Kalimantan,142.0,143.4,217.4
2026-09-11 00:00:00,Banjarmasin,Kalimantan Selatan,Kalimantan,135.0,137.8,210.4
2026-09-11 01:00:00,Banjarmasin,Kalimantan Selatan,Kalimantan,106.4,109.7,186.7
2026-09-11 02:00:00,Banjarmasin,Kalimantan Selatan,Kalimantan,65.9,69.4,158.3
2026-09-11 03:00:00,Banjarmasin,Kalimantan Selatan,Kalimantan,88.5,91.7,174.1
2026-09-11 04:00:00,Banjarmasin,Kalimantan Selatan,Kalimantan,122.9,126.2,198.2
2026-09-11 05:00:00,Banjarmasin,Kalimantan Selatan,Kalimantan,149.9,153.2,225.2
2026-09-11 06:00:00,Banjarmasin,Kalimantan Selatan,Kalimantan,178.3,181.1,253.3
2026-09-11 07:00:00,Banjarmasin,Kalimantan Selatan,Kalimantan,204.0,206.8,278.8
2026-09-11 08:00:00,Banjarmasin,Kalimantan Selatan,Kalimantan,508.5,510.4,500.0
2026-09-11 09:00:00,Banjarmasin,Kalimantan Selatan,Kalimantan,797.2,800.9,500.0
2026-09-11 10:00:00,Banjarmasin,Kalimantan Selatan,Kalimantan,1061.7,1065.4,500.0
2026-09-11 11:00:00,Banjarmasin,Kalimantan Selatan,Kalimantan,1154.8,1158.6,500.0
2026-09-11 12:00:00,Banjarmasin,Kalimantan Selatan,Kalimantan,979.8,987.2,500.0
2026-09-11 13:00:00,Banjarmasin,Kalimantan Selatan,Kalimantan,739.5,745.1,500.0
2026-09-11 14:00:00,Banjarmasin,Kalimantan Selatan,Kalimantan,470.3,475.0,500.0
2026-09-11 15:00:00,Banjarmasin,Kalimantan Selatan,Kalimantan,309.2,312.9,383.9
2026-09-11 16:00:00,Banjarmasin,Kalimantan Selatan,Kalimantan,210.5,213.3,285.2
2026-09-11 17:00:00,Banjarmasin,Kalimantan Selatan,Kalimantan,148.1,150.9,223.4
2026-09-11 18:00:00,Banjarmasin,Kalimantan Selatan,Kalimantan,91.5,94.1,176.2
2026-09-11 19:00:00,Banjarmasin,Kalimantan Selatan,Kalimantan,75.2,77.5,164.8
2026-09-11 20:00:00,Banjarmasin,Kalimantan Selatan,Kalimantan,79.6,81.5,167.9
2026-09-11 21:00:00,Banjarmasin,Kalimantan Selatan,Kalimantan,86.1,88.0,172.5
2026-09-11 22:00:00,Banjarmasin,Kalimantan Selatan,Kalimantan,102.9,104.5,184.2
2026-09-11 23:00:00,Banjarmasin,Kalimantan Selatan,Kalimantan,120.1,122.0,196.3
2026-09-12 00:00:00,Banjarmasin,Kalimantan Selatan,Kalimantan,116.6,119.0,193.8
2026-09-12 01:00:00,Banjarmasin,Kalimantan Selatan,Kalimantan,93.4,96.4,177.6
2026-09-12 02:00:00,Banjarmasin,Kalimantan Selatan,Kalimantan,67.5,70.5,159.4
2026-09-12 03:00:00,Banjarmasin,Kalimantan Selatan,Kalimantan,97.6,100.4,180.5
2026-09-12 04:00:00,Banjarmasin,Kalimantan Selatan,Kalimantan,142.5,145.3,217.8
2026-09-12 05:00:00,Banjarmasin,Kalimantan Selatan,Kalimantan,194.6,197.9,269.5
2026-09-12 06:00:00,Banjarmasin,Kalimantan Selatan,Kalimantan,254.3,258.0,329.5
2026-09-12 07:00:00,Banjarmasin,Kalimantan Selatan,Kalimantan,312.0,315.7,386.7
2026-09-12 08:00:00,Banjarmasin,Kalimantan Selatan,Kalimantan,468.5,473.1,500.0
2026-09-12 09:00:00,Banjarmasin,Kalimantan Selatan,Kalimantan,1005.8,1009.6,500.0
2026-09-12 10:00:00,Banjarmasin,Kalimantan Selatan,Kalimantan,1300.1,1303.9,500.0
2026-09-12 11:00:00,Banjarmasin,Kalimantan Selatan,Kalimantan,1408.2,1415.6,500.0
2026-09-12 12:00:00,Banjarmasin,Kalimantan Selatan,Kalimantan,1750.9,1765.8,500.0
2026-09-12 13:00:00,Banjarmasin,Kalimantan Selatan,Kalimantan,1616.8,1631.7,500.0
2026-09-12 14:00:00,Banjarmasin,Kalimantan Selatan,Kalimantan,1404.4,1419.3,500.0
2026-09-12 15:00:00,Banjarmasin,Kalimantan Selatan,Kalimantan,987.2,998.4,500.0
2026-09-12 16:00:00,Banjarmasin,Kalimantan Selatan,Kalimantan,678.0,685.5,500.0
2026-09-12 17:00:00,Banjarmasin,Kalimantan Selatan,Kalimantan,472.2,476.8,500.0
2026-09-12 18:00:00,Banjarmasin,Kalimantan Selatan,Kalimantan,344.6,349.2,500.0
2026-09-12 19:00:00,Banjarmasin,Kalimantan Selatan,Kalimantan,285.0,288.7,360.0
2026-09-12 20:00:00,Banjarmasin,Kalimantan Selatan,Kalimantan,255.2,258.9,330.4
2026-09-12 21:00:00,Banjarmasin,Kalimantan Selatan,Kalimantan,239.3,242.1,314.7
2026-09-12 22:00:00,Banjarmasin,Kalimantan Selatan,Kalimantan,226.8,229.1,302.3
2026-09-12 23:00:00,Banjarmasin,Kalimantan Selatan,Kalimantan,202.1,204.0,276.9
2026-09-13 00:00:00,Banjarmasin,Kalimantan Selatan,Kalimantan,155.1,157.9,230.3
2026-09-13 01:00:00,Banjarmasin,Kalimantan Selatan,Kalimantan,78.0,82.0,166.8
2026-09-13 02:00:00,Banjarmasin,Kalimantan Selatan,Kalimantan,71.5,76.1,162.2
2026-09-13 03:00:00,Banjarmasin,Kalimantan Selatan,Kalimantan,108.0,113.2,187.8
2026-09-13 04:00:00,Banjarmasin,Kalimantan Selatan,Kalimantan,163.0,168.1,238.2
2026-09-13 05:00:00,Banjarmasin,Kalimantan Selatan,Kalimantan,233.3,239.3,308.7
2026-09-13 06:00:00,Banjarmasin,Kalimantan Selatan,Kalimantan,304.5,311.1,379.3
2026-09-13 07:00:00,Banjarmasin,Kalimantan Selatan,Kalimantan,366.9,373.5,500.0
2026-09-13 08:00:00,Banjarmasin,Kalimantan Selatan,Kalimantan,691.0,696.6,500.0
2026-09-13 09:00:00,Banjarmasin,Kalimantan Selatan,Kalimantan,1095.2,1102.7,500.0
2026-09-13 10:00:00,Banjarmasin,Kalimantan Selatan,Kalimantan,1274.0,1281.5,500.0
2026-09-13 11:00:00,Banjarmasin,Kalimantan Selatan,Kalimantan,1210.7,1221.9,500.0
2026-09-13 12:00:00,Banjarmasin,Kalimantan Selatan,Kalimantan,914.6,922.0,500.0
2026-09-13 13:00:00,Banjarmasin,Kalimantan Selatan,Kalimantan,661.2,668.7,500.0
2026-09-13 14:00:00,Banjarmasin,Kalimantan Selatan,Kalimantan,476.8,482.4,500.0
2026-09-13 15:00:00,Banjarmasin,Kalimantan Selatan,Kalimantan,313.9,317.6,388.6
2026-09-13 16:00:00,Banjarmasin,Kalimantan Selatan,Kalimantan,187.7,190.5,262.6
2026-09-13 17:00:00,Banjarmasin,Kalimantan Selatan,Kalimantan,130.4,132.7,205.9
2026-09-13 18:00:00,Banjarmasin,Kalimantan Selatan,Kalimantan,115.7,118.0,193.2
2026-09-13 19:00:00,Banjarmasin,Kalimantan Selatan,Kalimantan,119.2,121.5,195.7
2026-09-13 20:00:00,Banjarmasin,Kalimantan Selatan,Kalimantan,131.8,134.1,207.2
2026-09-13 21:00:00,Banjarmasin,Kalimantan Selatan,Kalimantan,146.7,149.0,222.0
2026-09-13 22:00:00,Banjarmasin,Kalimantan Selatan,Kalimantan,157.4,159.7,232.6
2026-09-13 23:00:00,Banjarmasin,Kalimantan Selatan,Kalimantan,162.1,164.4,237.3
2026-09-14 00:00:00,Banjarmasin,Kalimantan Selatan,Kalimantan,125.7,129.0,201.2
2026-09-14 01:00:00,Banjarmasin,Kalimantan Selatan,Kalimantan,75.4,78.9,164.9
2026-09-14 02:00:00,Banjarmasin,Kalimantan Selatan,Kalimantan,59.0,62.9,153.5
2026-09-14 03:00:00,Banjarmasin,Kalimantan Selatan,Kalimantan,66.1,70.1,158.4
2026-09-14 04:00:00,Banjarmasin,Kalimantan Selatan,Kalimantan,86.1,90.1,172.5
2026-09-14 05:00:00,Banjarmasin,Kalimantan Selatan,Kalimantan,115.7,119.7,193.2
2026-09-14 06:00:00,Banjarmasin,Kalimantan Selatan,Kalimantan,148.1,152.3,223.4
2026-09-14 07:00:00,Banjarmasin,Kalimantan Selatan,Kalimantan,175.6,179.7,250.6
2026-09-14 08:00:00,Banjarmasin,Kalimantan Selatan,Kalimantan,299.0,303.6,373.8
2026-09-14 09:00:00,Banjarmasin,Kalimantan Selatan,Kalimantan,536.4,540.2,500.0
2026-09-14 10:00:00,Banjarmasin,Kalimantan Selatan,Kalimantan,651.9,655.7,500.0
2026-09-14 11:00:00,Banjarmasin,Kalimantan Selatan,Kalimantan,644.5,648.2,500.0
2026-09-14 12:00:00,Banjarmasin,Kalimantan Selatan,Kalimantan,1125.0,1132.5,500.0
2026-09-14 13:00:00,Banjarmasin,Kalimantan Selatan,Kalimantan,705.9,713.4,500.0
2026-09-14 14:00:00,Banjarmasin,Kalimantan Selatan,Kalimantan,386.5,393.0,500.0
2026-09-14 15:00:00,Banjarmasin,Kalimantan Selatan,Kalimantan,230.0,235.2,305.5
2026-09-14 16:00:00,Banjarmasin,Kalimantan Selatan,Kalimantan,135.0,140.2,210.4
2026-09-14 17:00:00,Banjarmasin,Kalimantan Selatan,Kalimantan,83.1,88.2,170.3
2026-09-14 18:00:00,Banjarmasin,Kalimantan Selatan,Kalimantan,72.2,77.1,162.7
2026-09-14 19:00:00,Banjarmasin,Kalimantan Selatan,Kalimantan,88.2,93.1,173.9
2026-09-14 20:00:00,Banjarmasin,Kalimantan Selatan,Kalimantan,97.8,101.5,180.7
2026-09-14 21:00:00,Banjarmasin,Kalimantan Selatan,Kalimantan,108.7,111.8,188.3
2026-09-14 22:00:00,Banjarmasin,Kalimantan Selatan,Kalimantan,117.6,120.1,194.5
2026-09-14 23:00:00,Banjarmasin,Kalimantan Selatan,Kalimantan,124.3,126.7,199.2
2026-09-15 00:00:00,Banjarmasin,Kalimantan Selatan,Kalimantan,174.6,179.7,249.7
2026-09-15 01:00:00,Banjarmasin,Kalimantan Selatan,Kalimantan,137.8,143.9,213.2
2026-09-15 02:00:00,Banjarmasin,Kalimantan Selatan,Kalimantan,88.2,94.8,173.9
2026-09-15 03:00:00,Banjarmasin,Kalimantan Selatan,Kalimantan,89.6,96.2,174.9
2026-09-15 04:00:00,Banjarmasin,Kalimantan Selatan,Kalimantan,134.1,140.6,209.5
2026-09-15 05:00:00,Banjarmasin,Kalimantan Selatan,Kalimantan,247.7,255.2,323.0
2026-09-15 06:00:00,Banjarmasin,Kalimantan Selatan,Kalimantan,359.5,366.9,500.0
2026-09-15 07:00:00,Banjarmasin,Kalimantan Selatan,Kalimantan,672.4,681.7,500.0
2026-09-15 08:00:00,Banjarmasin,Kalimantan Selatan,Kalimantan,1583.2,1598.1,500.0
2026-09-15 09:00:00,Banjarmasin,Kalimantan Selatan,Kalimantan,2034.0,2048.9,500.0
2026-09-15 10:00:00,Banjarmasin,Kalimantan Selatan,Kalimantan,1959.5,1981.9,500.0
2026-09-15 11:00:00,Banjarmasin,Kalimantan Selatan,Kalimantan,1501.3,1519.9,500.0
2026-09-15 12:00:00,Banjarmasin,Kalimantan Selatan,Kalimantan,1117.6,1132.5,500.0
2026-09-15 13:00:00,Banjarmasin,Kalimantan Selatan,Kalimantan,830.7,840.1,500.0
2026-09-15 14:00:00,Banjarmasin,Kalimantan Selatan,Kalimantan,551.3,560.7,500.0
2026-09-15 15:00:00,Banjarmasin,Kalimantan Selatan,Kalimantan,307.3,313.9,382.1
2026-09-15 16:00:00,Banjarmasin,Kalimantan Selatan,Kalimantan,169.5,174.6,244.6
2026-09-15 17:00:00,Banjarmasin,Kalimantan Selatan,Kalimantan,92.7,97.3,177.1
2026-09-15 18:00:00,Banjarmasin,Kalimantan Selatan,Kalimantan,33.9,38.4,97.2
2026-09-15 19:00:00,Banjarmasin,Kalimantan Selatan,Kalimantan,17.1,21.7,65.6
2026-09-15 20:00:00,Banjarmasin,Kalimantan Selatan,Kalimantan,14.8,19.6,61.3
2026-09-15 21:00:00,Banjarmasin,Kalimantan Selatan,Kalimantan,15.7,20.4,63.0
2026-09-15 22:00:00,Banjarmasin,Kalimantan Selatan,Kalimantan,19.4,23.5,70.0
2026-09-15 23:00:00,Banjarmasin,Kalimantan Selatan,Kalimantan,67.1,70.5,159.1
2026-09-16 00:00:00,Banjarmasin,Kalimantan Selatan,Kalimantan,108.5,111.8,188.2
2026-09-16 01:00:00,Banjarmasin,Kalimantan Selatan,Kalimantan,79.9,84.1,168.1
2026-09-16 02:00:00,Banjarmasin,Kalimantan Selatan,Kalimantan,83.6,88.0,170.7
2026-09-16 03:00:00,Banjarmasin,Kalimantan Selatan,Kalimantan,94.1,98.7,178.1
2026-09-16 04:00:00,Banjarmasin,Kalimantan Selatan,Kalimantan,154.6,159.7,229.8
2026-09-16 05:00:00,Banjarmasin,Kalimantan Selatan,Kalimantan,251.5,257.0,326.8
2026-09-16 06:00:00,Banjarmasin,Kalimantan Selatan,Kalimantan,350.2,357.6,500.0
2026-09-16 07:00:00,Banjarmasin,Kalimantan Selatan,Kalimantan,637.0,646.3,500.0
2026-09-16 08:00:00,Banjarmasin,Kalimantan Selatan,Kalimantan,1259.1,1270.3,500.0
2026-09-16 09:00:00,Banjarmasin,Kalimantan Selatan,Kalimantan,1806.8,1825.4,500.0
2026-09-16 10:00:00,Banjarmasin,Kalimantan Selatan,Kalimantan,1773.2,1791.9,500.0
2026-09-16 11:00:00,Banjarmasin,Kalimantan Selatan,Kalimantan,1598.1,1616.8,500.0
2026-09-16 12:00:00,Banjarmasin,Kalimantan Selatan,Kalimantan,1501.3,1516.2,500.0
2026-09-16 13:00:00,Banjarmasin,Kalimantan Selatan,Kalimantan,1285.2,1296.4,500.0
2026-09-16 14:00:00,Banjarmasin,Kalimantan Selatan,Kalimantan,1099.0,1110.1,500.0
2026-09-16 15:00:00,Banjarmasin,Kalimantan Selatan,Kalimantan,1028.2,1035.6,500.0
2026-09-16 16:00:00,Banjarmasin,Kalimantan Selatan,Kalimantan,1039.4,1046.8,500.0
2026-09-16 17:00:00,Banjarmasin,Kalimantan Selatan,Kalimantan,1069.2,1080.3,500.0
2026-09-16 18:00:00,Banjarmasin,Kalimantan Selatan,Kalimantan,1084.1,1091.5,500.0
2026-09-16 19:00:00,Banjarmasin,Kalimantan Selatan,Kalimantan,1028.2,1035.6,500.0
2026-09-16 20:00:00,Banjarmasin,Kalimantan Selatan,Kalimantan,976.0,979.8,500.0
2026-09-16 21:00:00,Banjarmasin,Kalimantan Selatan,Kalimantan,931.3,936.9,500.0
2026-09-16 22:00:00,Banjarmasin,Kalimantan Selatan,Kalimantan,877.3,881.0,500.0
2026-09-16 23:00:00,Banjarmasin,Kalimantan Selatan,Kalimantan,817.7,823.3,500.0
2026-09-07 00:00:00,Samarinda,Kalimantan Timur,Kalimantan,17.9,21.9,67.1
2026-09-07 01:00:00,Samarinda,Kalimantan Timur,Kalimantan,20.1,24.7,71.3
2026-09-07 02:00:00,Samarinda,Kalimantan Timur,Kalimantan,21.0,25.6,73.0
2026-09-07 03:00:00,Samarinda,Kalimantan Timur,Kalimantan,21.4,25.8,73.7
2026-09-07 04:00:00,Samarinda,Kalimantan Timur,Kalimantan,21.1,25.2,73.2
2026-09-07 05:00:00,Samarinda,Kalimantan Timur,Kalimantan,20.4,24.3,71.8
2026-09-07 06:00:00,Samarinda,Kalimantan Timur,Kalimantan,19.8,23.6,70.7
2026-09-07 07:00:00,Samarinda,Kalimantan Timur,Kalimantan,19.9,23.6,70.9
2026-09-07 08:00:00,Samarinda,Kalimantan Timur,Kalimantan,20.6,24.4,72.2
2026-09-07 09:00:00,Samarinda,Kalimantan Timur,Kalimantan,21.1,25.0,73.2
2026-09-07 10:00:00,Samarinda,Kalimantan Timur,Kalimantan,21.2,25.1,73.3
2026-09-07 11:00:00,Samarinda,Kalimantan Timur,Kalimantan,20.6,24.5,72.2
2026-09-07 12:00:00,Samarinda,Kalimantan Timur,Kalimantan,22.3,27.2,75.4
2026-09-07 13:00:00,Samarinda,Kalimantan Timur,Kalimantan,20.1,24.4,71.3
2026-09-07 14:00:00,Samarinda,Kalimantan Timur,Kalimantan,18.2,21.7,67.7
2026-09-07 15:00:00,Samarinda,Kalimantan Timur,Kalimantan,18.3,21.8,67.9
2026-09-07 16:00:00,Samarinda,Kalimantan Timur,Kalimantan,19.2,22.8,69.6
2026-09-07 17:00:00,Samarinda,Kalimantan Timur,Kalimantan,19.6,23.2,70.3
2026-09-07 18:00:00,Samarinda,Kalimantan Timur,Kalimantan,19.4,23.0,70.0
2026-09-07 19:00:00,Samarinda,Kalimantan Timur,Kalimantan,19.2,22.6,69.6
2026-09-07 20:00:00,Samarinda,Kalimantan Timur,Kalimantan,18.4,21.7,68.1
2026-09-07 21:00:00,Samarinda,Kalimantan Timur,Kalimantan,18.3,21.7,67.9
2026-09-07 22:00:00,Samarinda,Kalimantan Timur,Kalimantan,18.5,21.9,68.3
2026-09-07 23:00:00,Samarinda,Kalimantan Timur,Kalimantan,17.2,20.8,65.8
2026-09-08 00:00:00,Samarinda,Kalimantan Timur,Kalimantan,21.0,26.1,73.0
2026-09-08 01:00:00,Samarinda,Kalimantan Timur,Kalimantan,20.8,25.8,72.6
2026-09-08 02:00:00,Samarinda,Kalimantan Timur,Kalimantan,20.5,25.3,72.0
2026-09-08 03:00:00,Samarinda,Kalimantan Timur,Kalimantan,19.5,23.9,70.1
2026-09-08 04:00:00,Samarinda,Kalimantan Timur,Kalimantan,26.1,32.0,82.5
2026-09-08 05:00:00,Samarinda,Kalimantan Timur,Kalimantan,19.4,23.6,70.0
2026-09-08 06:00:00,Samarinda,Kalimantan Timur,Kalimantan,21.2,25.5,73.3
2026-09-08 07:00:00,Samarinda,Kalimantan Timur,Kalimantan,20.6,24.4,72.2
2026-09-08 08:00:00,Samarinda,Kalimantan Timur,Kalimantan,21.0,24.7,73.0
2026-09-08 09:00:00,Samarinda,Kalimantan Timur,Kalimantan,21.0,24.6,73.0
2026-09-08 10:00:00,Samarinda,Kalimantan Timur,Kalimantan,20.5,24.0,72.0
2026-09-08 11:00:00,Samarinda,Kalimantan Timur,Kalimantan,19.7,23.2,70.5
2026-09-08 12:00:00,Samarinda,Kalimantan Timur,Kalimantan,18.3,22.3,67.9
2026-09-08 13:00:00,Samarinda,Kalimantan Timur,Kalimantan,16.9,20.7,65.3
2026-09-08 14:00:00,Samarinda,Kalimantan Timur,Kalimantan,13.7,16.6,59.3
2026-09-08 15:00:00,Samarinda,Kalimantan Timur,Kalimantan,12.6,15.3,57.2
2026-09-08 16:00:00,Samarinda,Kalimantan Timur,Kalimantan,11.3,13.6,54.8
2026-09-08 17:00:00,Samarinda,Kalimantan Timur,Kalimantan,10.7,12.9,53.6
2026-09-08 18:00:00,Samarinda,Kalimantan Timur,Kalimantan,10.3,12.5,52.9
2026-09-08 19:00:00,Samarinda,Kalimantan Timur,Kalimantan,10.0,12.1,52.3
2026-09-08 20:00:00,Samarinda,Kalimantan Timur,Kalimantan,9.9,11.9,52.1
2026-09-08 21:00:00,Samarinda,Kalimantan Timur,Kalimantan,10.1,12.1,52.5
2026-09-08 22:00:00,Samarinda,Kalimantan Timur,Kalimantan,9.7,11.8,51.8
2026-09-08 23:00:00,Samarinda,Kalimantan Timur,Kalimantan,10.0,12.3,52.3
2026-09-09 00:00:00,Samarinda,Kalimantan Timur,Kalimantan,12.0,15.4,56.1
2026-09-09 01:00:00,Samarinda,Kalimantan Timur,Kalimantan,12.8,16.4,57.6
2026-09-09 02:00:00,Samarinda,Kalimantan Timur,Kalimantan,13.6,17.2,59.1
2026-09-09 03:00:00,Samarinda,Kalimantan Timur,Kalimantan,13.7,17.3,59.3
2026-09-09 04:00:00,Samarinda,Kalimantan Timur,Kalimantan,14.1,17.7,60.0
2026-09-09 05:00:00,Samarinda,Kalimantan Timur,Kalimantan,14.6,18.3,61.0
2026-09-09 06:00:00,Samarinda,Kalimantan Timur,Kalimantan,14.1,17.6,60.0
2026-09-09 07:00:00,Samarinda,Kalimantan Timur,Kalimantan,14.1,17.6,60.0
2026-09-09 08:00:00,Samarinda,Kalimantan Timur,Kalimantan,14.2,17.6,60.2
2026-09-09 09:00:00,Samarinda,Kalimantan Timur,Kalimantan,14.2,17.6,60.2
2026-09-09 10:00:00,Samarinda,Kalimantan Timur,Kalimantan,14.0,17.5,59.8
2026-09-09 11:00:00,Samarinda,Kalimantan Timur,Kalimantan,13.8,17.2,59.4
2026-09-09 12:00:00,Samarinda,Kalimantan Timur,Kalimantan,17.9,22.6,67.1
2026-09-09 13:00:00,Samarinda,Kalimantan Timur,Kalimantan,17.3,21.8,66.0
2026-09-09 14:00:00,Samarinda,Kalimantan Timur,Kalimantan,17.2,21.8,65.8
2026-09-09 15:00:00,Samarinda,Kalimantan Timur,Kalimantan,16.1,20.0,63.8
2026-09-09 16:00:00,Samarinda,Kalimantan Timur,Kalimantan,15.1,18.7,61.9
2026-09-09 17:00:00,Samarinda,Kalimantan Timur,Kalimantan,14.2,17.5,60.2
2026-09-09 18:00:00,Samarinda,Kalimantan Timur,Kalimantan,13.9,17.1,59.6
2026-09-09 19:00:00,Samarinda,Kalimantan Timur,Kalimantan,13.8,16.9,59.4
2026-09-09 20:00:00,Samarinda,Kalimantan Timur,Kalimantan,13.8,16.9,59.4
2026-09-09 21:00:00,Samarinda,Kalimantan Timur,Kalimantan,14.6,17.8,61.0
2026-09-09 22:00:00,Samarinda,Kalimantan Timur,Kalimantan,15.6,18.8,62.8
2026-09-09 23:00:00,Samarinda,Kalimantan Timur,Kalimantan,15.7,19.2,63.0
2026-09-10 00:00:00,Samarinda,Kalimantan Timur,Kalimantan,19.3,25.3,69.8
2026-09-10 01:00:00,Samarinda,Kalimantan Timur,Kalimantan,19.4,25.5,70.0
2026-09-10 02:00:00,Samarinda,Kalimantan Timur,Kalimantan,19.4,25.2,70.0
2026-09-10 03:00:00,Samarinda,Kalimantan Timur,Kalimantan,19.6,25.1,70.3
2026-09-10 04:00:00,Samarinda,Kalimantan Timur,Kalimantan,18.9,23.9,69.0
2026-09-10 05:00:00,Samarinda,Kalimantan Timur,Kalimantan,18.5,23.2,68.3
2026-09-10 06:00:00,Samarinda,Kalimantan Timur,Kalimantan,18.3,22.8,67.9
2026-09-10 07:00:00,Samarinda,Kalimantan Timur,Kalimantan,18.5,22.8,68.3
2026-09-10 08:00:00,Samarinda,Kalimantan Timur,Kalimantan,18.8,23.1,68.8
2026-09-10 09:00:00,Samarinda,Kalimantan Timur,Kalimantan,18.8,23.0,68.8
2026-09-10 10:00:00,Samarinda,Kalimantan Timur,Kalimantan,18.7,22.8,68.6
2026-09-10 11:00:00,Samarinda,Kalimantan Timur,Kalimantan,18.3,22.4,67.9
2026-09-10 12:00:00,Samarinda,Kalimantan Timur,Kalimantan,21.0,25.9,73.0
2026-09-10 13:00:00,Samarinda,Kalimantan Timur,Kalimantan,20.1,24.9,71.3
2026-09-10 14:00:00,Samarinda,Kalimantan Timur,Kalimantan,19.3,23.8,69.8
2026-09-10 15:00:00,Samarinda,Kalimantan Timur,Kalimantan,18.7,23.1,68.6
2026-09-10 16:00:00,Samarinda,Kalimantan Timur,Kalimantan,17.8,21.7,67.0
2026-09-10 17:00:00,Samarinda,Kalimantan Timur,Kalimantan,17.2,20.8,65.8
2026-09-10 18:00:00,Samarinda,Kalimantan Timur,Kalimantan,16.9,20.3,65.3
2026-09-10 19:00:00,Samarinda,Kalimantan Timur,Kalimantan,16.9,20.3,65.3
2026-09-10 20:00:00,Samarinda,Kalimantan Timur,Kalimantan,17.0,20.2,65.5
2026-09-10 21:00:00,Samarinda,Kalimantan Timur,Kalimantan,17.2,20.3,65.8
2026-09-10 22:00:00,Samarinda,Kalimantan Timur,Kalimantan,17.3,20.3,66.0
2026-09-10 23:00:00,Samarinda,Kalimantan Timur,Kalimantan,17.3,20.6,66.0
2026-09-11 00:00:00,Samarinda,Kalimantan Timur,Kalimantan,16.9,21.1,65.3
2026-09-11 01:00:00,Samarinda,Kalimantan Timur,Kalimantan,16.3,20.5,64.1
2026-09-11 02:00:00,Samarinda,Kalimantan Timur,Kalimantan,15.5,19.6,62.6
2026-09-11 03:00:00,Samarinda,Kalimantan Timur,Kalimantan,15.1,19.0,61.9
2026-09-11 04:00:00,Samarinda,Kalimantan Timur,Kalimantan,14.8,18.7,61.3
2026-09-11 05:00:00,Samarinda,Kalimantan Timur,Kalimantan,13.7,17.3,59.3
2026-09-11 06:00:00,Samarinda,Kalimantan Timur,Kalimantan,13.2,16.7,58.3
2026-09-11 07:00:00,Samarinda,Kalimantan Timur,Kalimantan,12.6,15.9,57.2
2026-09-11 08:00:00,Samarinda,Kalimantan Timur,Kalimantan,14.0,17.8,59.8
2026-09-11 09:00:00,Samarinda,Kalimantan Timur,Kalimantan,12.9,16.3,57.8
2026-09-11 10:00:00,Samarinda,Kalimantan Timur,Kalimantan,13.0,16.4,57.9
2026-09-11 11:00:00,Samarinda,Kalimantan Timur,Kalimantan,15.2,18.9,62.1
2026-09-11 12:00:00,Samarinda,Kalimantan Timur,Kalimantan,18.2,22.8,67.7
2026-09-11 13:00:00,Samarinda,Kalimantan Timur,Kalimantan,19.0,23.6,69.2
2026-09-11 14:00:00,Samarinda,Kalimantan Timur,Kalimantan,19.5,24.0,70.1
2026-09-11 15:00:00,Samarinda,Kalimantan Timur,Kalimantan,20.1,24.4,71.3
2026-09-11 16:00:00,Samarinda,Kalimantan Timur,Kalimantan,21.1,25.3,73.2
2026-09-11 17:00:00,Samarinda,Kalimantan Timur,Kalimantan,21.9,26.0,74.7
2026-09-11 18:00:00,Samarinda,Kalimantan Timur,Kalimantan,22.4,26.2,75.6
2026-09-11 19:00:00,Samarinda,Kalimantan Timur,Kalimantan,22.7,26.4,76.2
2026-09-11 20:00:00,Samarinda,Kalimantan Timur,Kalimantan,23.5,27.0,77.7
2026-09-11 21:00:00,Samarinda,Kalimantan Timur,Kalimantan,24.9,28.5,80.3
2026-09-11 22:00:00,Samarinda,Kalimantan Timur,Kalimantan,27.4,31.1,85.0
2026-09-11 23:00:00,Samarinda,Kalimantan Timur,Kalimantan,24.5,27.8,79.5
2026-09-12 00:00:00,Samarinda,Kalimantan Timur,Kalimantan,18.4,22.5,68.1
2026-09-12 01:00:00,Samarinda,Kalimantan Timur,Kalimantan,17.3,21.4,66.0
2026-09-12 02:00:00,Samarinda,Kalimantan Timur,Kalimantan,17.2,21.2,65.8
2026-09-12 03:00:00,Samarinda,Kalimantan Timur,Kalimantan,17.3,21.4,66.0
2026-09-12 04:00:00,Samarinda,Kalimantan Timur,Kalimantan,17.3,21.4,66.0
2026-09-12 05:00:00,Samarinda,Kalimantan Timur,Kalimantan,17.8,21.9,67.0
2026-09-12 06:00:00,Samarinda,Kalimantan Timur,Kalimantan,17.7,21.7,66.8
2026-09-12 07:00:00,Samarinda,Kalimantan Timur,Kalimantan,17.5,21.5,66.4
2026-09-12 08:00:00,Samarinda,Kalimantan Timur,Kalimantan,17.0,21.0,65.5
2026-09-12 09:00:00,Samarinda,Kalimantan Timur,Kalimantan,16.2,20.1,64.0
2026-09-12 10:00:00,Samarinda,Kalimantan Timur,Kalimantan,15.4,19.2,62.5
2026-09-12 11:00:00,Samarinda,Kalimantan Timur,Kalimantan,14.8,18.3,61.3
2026-09-12 12:00:00,Samarinda,Kalimantan Timur,Kalimantan,14.2,17.6,60.2
2026-09-12 13:00:00,Samarinda,Kalimantan Timur,Kalimantan,14.6,17.9,61.0
2026-09-12 14:00:00,Samarinda,Kalimantan Timur,Kalimantan,15.5,18.7,62.6
2026-09-12 15:00:00,Samarinda,Kalimantan Timur,Kalimantan,15.8,18.8,63.2
2026-09-12 16:00:00,Samarinda,Kalimantan Timur,Kalimantan,15.5,18.3,62.6
2026-09-12 17:00:00,Samarinda,Kalimantan Timur,Kalimantan,15.8,18.6,63.2
2026-09-12 18:00:00,Samarinda,Kalimantan Timur,Kalimantan,16.9,19.6,65.3
2026-09-12 19:00:00,Samarinda,Kalimantan Timur,Kalimantan,18.7,21.7,68.6
2026-09-12 20:00:00,Samarinda,Kalimantan Timur,Kalimantan,20.2,23.3,71.5
2026-09-12 21:00:00,Samarinda,Kalimantan Timur,Kalimantan,20.7,23.9,72.4
2026-09-12 22:00:00,Samarinda,Kalimantan Timur,Kalimantan,21.3,24.6,73.5
2026-09-12 23:00:00,Samarinda,Kalimantan Timur,Kalimantan,20.6,23.6,72.2
2026-09-13 00:00:00,Samarinda,Kalimantan Timur,Kalimantan,16.1,20.4,63.8
2026-09-13 01:00:00,Samarinda,Kalimantan Timur,Kalimantan,15.1,19.1,61.9
2026-09-13 02:00:00,Samarinda,Kalimantan Timur,Kalimantan,14.4,18.2,60.6
2026-09-13 03:00:00,Samarinda,Kalimantan Timur,Kalimantan,18.4,23.4,68.1
2026-09-13 04:00:00,Samarinda,Kalimantan Timur,Kalimantan,14.8,18.5,61.3
2026-09-13 05:00:00,Samarinda,Kalimantan Timur,Kalimantan,15.5,19.1,62.6
2026-09-13 06:00:00,Samarinda,Kalimantan Timur,Kalimantan,15.8,19.2,63.2
2026-09-13 07:00:00,Samarinda,Kalimantan Timur,Kalimantan,16.0,19.3,63.6
2026-09-13 08:00:00,Samarinda,Kalimantan Timur,Kalimantan,16.2,19.4,64.0
2026-09-13 09:00:00,Samarinda,Kalimantan Timur,Kalimantan,16.1,19.3,63.8
2026-09-13 10:00:00,Samarinda,Kalimantan Timur,Kalimantan,17.2,20.5,65.8
2026-09-13 11:00:00,Samarinda,Kalimantan Timur,Kalimantan,19.1,22.6,69.4
2026-09-13 12:00:00,Samarinda,Kalimantan Timur,Kalimantan,21.9,26.0,74.7
2026-09-13 13:00:00,Samarinda,Kalimantan Timur,Kalimantan,22.9,27.3,76.5
2026-09-13 14:00:00,Samarinda,Kalimantan Timur,Kalimantan,22.8,27.0,76.3
2026-09-13 15:00:00,Samarinda,Kalimantan Timur,Kalimantan,22.8,27.0,76.3
2026-09-13 16:00:00,Samarinda,Kalimantan Timur,Kalimantan,22.9,27.0,76.5
2026-09-13 17:00:00,Samarinda,Kalimantan Timur,Kalimantan,22.5,26.3,75.8
2026-09-13 18:00:00,Samarinda,Kalimantan Timur,Kalimantan,21.9,25.7,74.7
2026-09-13 19:00:00,Samarinda,Kalimantan Timur,Kalimantan,21.0,24.6,73.0
2026-09-13 20:00:00,Samarinda,Kalimantan Timur,Kalimantan,20.0,23.6,71.1
2026-09-13 21:00:00,Samarinda,Kalimantan Timur,Kalimantan,19.6,23.3,70.3
2026-09-13 22:00:00,Samarinda,Kalimantan Timur,Kalimantan,20.1,23.9,71.3
2026-09-13 23:00:00,Samarinda,Kalimantan Timur,Kalimantan,20.8,24.2,72.6
2026-09-14 00:00:00,Samarinda,Kalimantan Timur,Kalimantan,19.3,25.0,69.8
2026-09-14 01:00:00,Samarinda,Kalimantan Timur,Kalimantan,19.2,24.8,69.6
2026-09-14 02:00:00,Samarinda,Kalimantan Timur,Kalimantan,18.6,23.6,68.5
2026-09-14 03:00:00,Samarinda,Kalimantan Timur,Kalimantan,18.3,23.0,67.9
2026-09-14 04:00:00,Samarinda,Kalimantan Timur,Kalimantan,18.0,22.5,67.3
2026-09-14 05:00:00,Samarinda,Kalimantan Timur,Kalimantan,18.2,22.5,67.7
2026-09-14 06:00:00,Samarinda,Kalimantan Timur,Kalimantan,18.2,22.5,67.7
2026-09-14 07:00:00,Samarinda,Kalimantan Timur,Kalimantan,17.9,22.5,67.1
2026-09-14 08:00:00,Samarinda,Kalimantan Timur,Kalimantan,20.0,25.2,71.1
2026-09-14 09:00:00,Samarinda,Kalimantan Timur,Kalimantan,16.9,21.5,65.3
2026-09-14 10:00:00,Samarinda,Kalimantan Timur,Kalimantan,16.1,20.9,63.8
2026-09-14 11:00:00,Samarinda,Kalimantan Timur,Kalimantan,15.9,21.0,63.4
2026-09-14 12:00:00,Samarinda,Kalimantan Timur,Kalimantan,20.3,26.7,71.7
2026-09-14 13:00:00,Samarinda,Kalimantan Timur,Kalimantan,21.2,27.6,73.3
2026-09-14 14:00:00,Samarinda,Kalimantan Timur,Kalimantan,21.8,28.1,74.5
2026-09-14 15:00:00,Samarinda,Kalimantan Timur,Kalimantan,21.9,28.1,74.7
2026-09-14 16:00:00,Samarinda,Kalimantan Timur,Kalimantan,21.5,27.6,73.9
2026-09-14 17:00:00,Samarinda,Kalimantan Timur,Kalimantan,20.0,25.3,71.1
2026-09-14 18:00:00,Samarinda,Kalimantan Timur,Kalimantan,19.3,24.3,69.8
2026-09-14 19:00:00,Samarinda,Kalimantan Timur,Kalimantan,18.1,22.6,67.5
2026-09-14 20:00:00,Samarinda,Kalimantan Timur,Kalimantan,16.5,20.3,64.5
2026-09-14 21:00:00,Samarinda,Kalimantan Timur,Kalimantan,15.4,18.8,62.5
2026-09-14 22:00:00,Samarinda,Kalimantan Timur,Kalimantan,14.7,17.8,61.1
2026-09-14 23:00:00,Samarinda,Kalimantan Timur,Kalimantan,14.3,17.6,60.4
2026-09-15 00:00:00,Samarinda,Kalimantan Timur,Kalimantan,18.5,24.4,68.3
2026-09-15 01:00:00,Samarinda,Kalimantan Timur,Kalimantan,19.3,25.4,69.8
2026-09-15 02:00:00,Samarinda,Kalimantan Timur,Kalimantan,19.0,24.7,69.2
2026-09-15 03:00:00,Samarinda,Kalimantan Timur,Kalimantan,19.4,24.9,70.0
2026-09-15 04:00:00,Samarinda,Kalimantan Timur,Kalimantan,19.9,25.3,70.9
2026-09-15 05:00:00,Samarinda,Kalimantan Timur,Kalimantan,19.9,25.2,70.9
2026-09-15 06:00:00,Samarinda,Kalimantan Timur,Kalimantan,19.7,24.7,70.5
2026-09-15 07:00:00,Samarinda,Kalimantan Timur,Kalimantan,19.7,24.7,70.5
2026-09-15 08:00:00,Samarinda,Kalimantan Timur,Kalimantan,19.0,23.8,69.2
2026-09-15 09:00:00,Samarinda,Kalimantan Timur,Kalimantan,17.9,22.7,67.1
2026-09-15 10:00:00,Samarinda,Kalimantan Timur,Kalimantan,16.8,21.5,65.1
2026-09-15 11:00:00,Samarinda,Kalimantan Timur,Kalimantan,15.8,20.7,63.2
2026-09-15 12:00:00,Samarinda,Kalimantan Timur,Kalimantan,28.1,33.6,86.3
2026-09-15 13:00:00,Samarinda,Kalimantan Timur,Kalimantan,25.7,31.3,81.8
2026-09-15 14:00:00,Samarinda,Kalimantan Timur,Kalimantan,23.4,29.5,77.5
2026-09-15 15:00:00,Samarinda,Kalimantan Timur,Kalimantan,21.5,28.1,73.9
2026-09-15 16:00:00,Samarinda,Kalimantan Timur,Kalimantan,19.8,26.7,70.7
2026-09-15 17:00:00,Samarinda,Kalimantan Timur,Kalimantan,18.5,25.7,68.3
2026-09-15 18:00:00,Samarinda,Kalimantan Timur,Kalimantan,18.0,25.1,67.3
2026-09-15 19:00:00,Samarinda,Kalimantan Timur,Kalimantan,17.4,24.2,66.2
2026-09-15 20:00:00,Samarinda,Kalimantan Timur,Kalimantan,16.7,23.1,64.9
2026-09-15 21:00:00,Samarinda,Kalimantan Timur,Kalimantan,15.9,22.0,63.4
2026-09-15 22:00:00,Samarinda,Kalimantan Timur,Kalimantan,15.2,21.0,62.1
2026-09-15 23:00:00,Samarinda,Kalimantan Timur,Kalimantan,15.3,20.8,62.3
2026-09-16 00:00:00,Samarinda,Kalimantan Timur,Kalimantan,17.1,22.4,65.6
2026-09-16 01:00:00,Samarinda,Kalimantan Timur,Kalimantan,19.0,24.0,69.2
2026-09-16 02:00:00,Samarinda,Kalimantan Timur,Kalimantan,19.2,23.8,69.6
2026-09-16 03:00:00,Samarinda,Kalimantan Timur,Kalimantan,21.2,25.4,73.3
2026-09-16 04:00:00,Samarinda,Kalimantan Timur,Kalimantan,25.0,28.9,80.5
2026-09-16 05:00:00,Samarinda,Kalimantan Timur,Kalimantan,30.6,34.3,91.0
2026-09-16 06:00:00,Samarinda,Kalimantan Timur,Kalimantan,39.7,43.4,111.3
2026-09-16 07:00:00,Samarinda,Kalimantan Timur,Kalimantan,45.2,48.8,124.9
2026-09-16 08:00:00,Samarinda,Kalimantan Timur,Kalimantan,49.0,52.6,134.2
2026-09-16 09:00:00,Samarinda,Kalimantan Timur,Kalimantan,47.1,50.9,129.6
2026-09-16 10:00:00,Samarinda,Kalimantan Timur,Kalimantan,43.1,46.9,119.7
2026-09-16 11:00:00,Samarinda,Kalimantan Timur,Kalimantan,39.8,44.1,111.6
2026-09-16 12:00:00,Samarinda,Kalimantan Timur,Kalimantan,39.6,44.5,111.1
2026-09-16 13:00:00,Samarinda,Kalimantan Timur,Kalimantan,40.3,45.4,112.8
2026-09-16 14:00:00,Samarinda,Kalimantan Timur,Kalimantan,39.1,44.1,109.9
2026-09-16 15:00:00,Samarinda,Kalimantan Timur,Kalimantan,33.9,38.2,97.2
2026-09-16 16:00:00,Samarinda,Kalimantan Timur,Kalimantan,26.7,30.5,83.7
2026-09-16 17:00:00,Samarinda,Kalimantan Timur,Kalimantan,20.6,24.3,72.2
2026-09-16 18:00:00,Samarinda,Kalimantan Timur,Kalimantan,16.3,19.8,64.1
2026-09-16 19:00:00,Samarinda,Kalimantan Timur,Kalimantan,14.4,17.8,60.6
2026-09-16 20:00:00,Samarinda,Kalimantan Timur,Kalimantan,12.2,15.5,56.4
2026-09-16 21:00:00,Samarinda,Kalimantan Timur,Kalimantan,11.3,14.4,54.8
2026-09-16 22:00:00,Samarinda,Kalimantan Timur,Kalimantan,11.3,14.2,54.8
2026-09-16 23:00:00,Samarinda,Kalimantan Timur,Kalimantan,12.2,15.2,56.4
2026-09-07 00:00:00,Tanjung Selor,Kalimantan Utara,Kalimantan,89.2,95.0,174.6
2026-09-07 01:00:00,Tanjung Selor,Kalimantan Utara,Kalimantan,81.5,88.7,169.2
2026-09-07 02:00:00,Tanjung Selor,Kalimantan Utara,Kalimantan,70.5,78.0,161.5
2026-09-07 03:00:00,Tanjung Selor,Kalimantan Utara,Kalimantan,70.1,77.3,161.2
2026-09-07 04:00:00,Tanjung Selor,Kalimantan Utara,Kalimantan,67.1,73.8,159.1
2026-09-07 05:00:00,Tanjung Selor,Kalimantan Utara,Kalimantan,60.8,67.1,154.7
2026-09-07 06:00:00,Tanjung Selor,Kalimantan Utara,Kalimantan,54.9,61.0,148.8
2026-09-07 07:00:00,Tanjung Selor,Kalimantan Utara,Kalimantan,48.5,54.2,133.0
2026-09-07 08:00:00,Tanjung Selor,Kalimantan Utara,Kalimantan,44.5,49.9,123.2
2026-09-07 09:00:00,Tanjung Selor,Kalimantan Utara,Kalimantan,42.0,47.3,117.0
2026-09-07 10:00:00,Tanjung Selor,Kalimantan Utara,Kalimantan,41.3,46.2,115.3
2026-09-07 11:00:00,Tanjung Selor,Kalimantan Utara,Kalimantan,39.7,43.8,111.3
2026-09-07 12:00:00,Tanjung Selor,Kalimantan Utara,Kalimantan,43.7,48.7,121.2
2026-09-07 13:00:00,Tanjung Selor,Kalimantan Utara,Kalimantan,41.2,46.4,115.0
2026-09-07 14:00:00,Tanjung Selor,Kalimantan Utara,Kalimantan,38.0,43.0,107.2
2026-09-07 15:00:00,Tanjung Selor,Kalimantan Utara,Kalimantan,37.6,43.0,106.2
2026-09-07 16:00:00,Tanjung Selor,Kalimantan Utara,Kalimantan,37.1,41.9,104.9
2026-09-07 17:00:00,Tanjung Selor,Kalimantan Utara,Kalimantan,37.6,42.1,106.2
2026-09-07 18:00:00,Tanjung Selor,Kalimantan Utara,Kalimantan,36.3,40.5,103.0
2026-09-07 19:00:00,Tanjung Selor,Kalimantan Utara,Kalimantan,32.7,36.1,94.9
2026-09-07 20:00:00,Tanjung Selor,Kalimantan Utara,Kalimantan,31.1,34.2,91.9
2026-09-07 21:00:00,Tanjung Selor,Kalimantan Utara,Kalimantan,31.3,34.5,92.3
2026-09-07 22:00:00,Tanjung Selor,Kalimantan Utara,Kalimantan,31.3,34.2,92.3
2026-09-07 23:00:00,Tanjung Selor,Kalimantan Utara,Kalimantan,31.1,33.6,91.9
2026-09-08 00:00:00,Tanjung Selor,Kalimantan Utara,Kalimantan,59.8,66.4,154.0
2026-09-08 01:00:00,Tanjung Selor,Kalimantan Utara,Kalimantan,51.8,58.3,141.1
2026-09-08 02:00:00,Tanjung Selor,Kalimantan Utara,Kalimantan,46.0,52.4,126.9
2026-09-08 03:00:00,Tanjung Selor,Kalimantan Utara,Kalimantan,43.4,49.6,120.5
2026-09-08 04:00:00,Tanjung Selor,Kalimantan Utara,Kalimantan,43.0,48.8,119.5
2026-09-08 05:00:00,Tanjung Selor,Kalimantan Utara,Kalimantan,42.1,47.7,117.3
2026-09-08 06:00:00,Tanjung Selor,Kalimantan Utara,Kalimantan,41.4,46.8,115.5
2026-09-08 07:00:00,Tanjung Selor,Kalimantan Utara,Kalimantan,41.9,46.9,116.8
2026-09-08 08:00:00,Tanjung Selor,Kalimantan Utara,Kalimantan,43.9,48.7,121.7
2026-09-08 09:00:00,Tanjung Selor,Kalimantan Utara,Kalimantan,46.6,51.1,128.3
2026-09-08 10:00:00,Tanjung Selor,Kalimantan Utara,Kalimantan,47.7,51.8,131.0
2026-09-08 11:00:00,Tanjung Selor,Kalimantan Utara,Kalimantan,49.7,53.1,136.0
2026-09-08 12:00:00,Tanjung Selor,Kalimantan Utara,Kalimantan,65.0,69.4,157.7
2026-09-08 13:00:00,Tanjung Selor,Kalimantan Utara,Kalimantan,67.3,71.9,159.3
2026-09-08 14:00:00,Tanjung Selor,Kalimantan Utara,Kalimantan,69.2,73.8,160.6
2026-09-08 15:00:00,Tanjung Selor,Kalimantan Utara,Kalimantan,71.2,76.1,162.0
2026-09-08 16:00:00,Tanjung Selor,Kalimantan Utara,Kalimantan,74.3,79.2,164.2
2026-09-08 17:00:00,Tanjung Selor,Kalimantan Utara,Kalimantan,76.8,81.7,165.9
2026-09-08 18:00:00,Tanjung Selor,Kalimantan Utara,Kalimantan,78.2,83.1,166.9
2026-09-08 19:00:00,Tanjung Selor,Kalimantan Utara,Kalimantan,70.3,74.3,161.4
2026-09-08 20:00:00,Tanjung Selor,Kalimantan Utara,Kalimantan,45.4,47.4,125.4
2026-09-08 21:00:00,Tanjung Selor,Kalimantan Utara,Kalimantan,44.1,46.6,122.2
2026-09-08 22:00:00,Tanjung Selor,Kalimantan Utara,Kalimantan,38.4,40.6,108.1
2026-09-08 23:00:00,Tanjung Selor,Kalimantan Utara,Kalimantan,33.5,35.9,96.4
2026-09-09 00:00:00,Tanjung Selor,Kalimantan Utara,Kalimantan,31.8,34.1,93.2
2026-09-09 01:00:00,Tanjung Selor,Kalimantan Utara,Kalimantan,34.2,37.1,97.7
2026-09-09 02:00:00,Tanjung Selor,Kalimantan Utara,Kalimantan,37.5,40.7,105.9
2026-09-09 03:00:00,Tanjung Selor,Kalimantan Utara,Kalimantan,38.8,42.0,109.1
2026-09-09 04:00:00,Tanjung Selor,Kalimantan Utara,Kalimantan,38.4,41.4,108.1
2026-09-09 05:00:00,Tanjung Selor,Kalimantan Utara,Kalimantan,38.3,41.2,107.9
2026-09-09 06:00:00,Tanjung Selor,Kalimantan Utara,Kalimantan,39.9,42.7,111.8
2026-09-09 07:00:00,Tanjung Selor,Kalimantan Utara,Kalimantan,42.0,44.7,117.0
2026-09-09 08:00:00,Tanjung Selor,Kalimantan Utara,Kalimantan,44.9,47.5,124.1
2026-09-09 09:00:00,Tanjung Selor,Kalimantan Utara,Kalimantan,46.8,49.1,128.8
2026-09-09 10:00:00,Tanjung Selor,Kalimantan Utara,Kalimantan,46.1,48.2,127.1
2026-09-09 11:00:00,Tanjung Selor,Kalimantan Utara,Kalimantan,42.1,43.8,117.3
2026-09-09 12:00:00,Tanjung Selor,Kalimantan Utara,Kalimantan,38.1,39.7,107.4
2026-09-09 13:00:00,Tanjung Selor,Kalimantan Utara,Kalimantan,32.7,34.1,94.9
2026-09-09 14:00:00,Tanjung Selor,Kalimantan Utara,Kalimantan,31.7,32.9,93.1
2026-09-09 15:00:00,Tanjung Selor,Kalimantan Utara,Kalimantan,29.8,30.9,89.5
2026-09-09 16:00:00,Tanjung Selor,Kalimantan Utara,Kalimantan,28.6,29.5,87.2
2026-09-09 17:00:00,Tanjung Selor,Kalimantan Utara,Kalimantan,27.9,28.9,85.9
2026-09-09 18:00:00,Tanjung Selor,Kalimantan Utara,Kalimantan,27.6,28.6,85.4
2026-09-09 19:00:00,Tanjung Selor,Kalimantan Utara,Kalimantan,26.7,27.6,83.7
2026-09-09 20:00:00,Tanjung Selor,Kalimantan Utara,Kalimantan,26.4,27.2,83.1
2026-09-09 21:00:00,Tanjung Selor,Kalimantan Utara,Kalimantan,21.1,21.7,73.2
2026-09-09 22:00:00,Tanjung Selor,Kalimantan Utara,Kalimantan,21.8,22.4,74.5
2026-09-09 23:00:00,Tanjung Selor,Kalimantan Utara,Kalimantan,26.3,27.0,82.9
2026-09-10 00:00:00,Tanjung Selor,Kalimantan Utara,Kalimantan,21.1,21.9,73.2
2026-09-10 01:00:00,Tanjung Selor,Kalimantan Utara,Kalimantan,27.8,29.2,85.7
2026-09-10 02:00:00,Tanjung Selor,Kalimantan Utara,Kalimantan,29.4,31.0,88.7
2026-09-10 03:00:00,Tanjung Selor,Kalimantan Utara,Kalimantan,29.6,31.2,89.1
2026-09-10 04:00:00,Tanjung Selor,Kalimantan Utara,Kalimantan,27.9,29.5,85.9
2026-09-10 05:00:00,Tanjung Selor,Kalimantan Utara,Kalimantan,27.6,29.2,85.4
2026-09-10 06:00:00,Tanjung Selor,Kalimantan Utara,Kalimantan,28.7,30.4,87.4
2026-09-10 07:00:00,Tanjung Selor,Kalimantan Utara,Kalimantan,30.2,31.9,90.2
2026-09-10 08:00:00,Tanjung Selor,Kalimantan Utara,Kalimantan,32.2,34.2,94.0
2026-09-10 09:00:00,Tanjung Selor,Kalimantan Utara,Kalimantan,34.8,36.9,98.9
2026-09-10 10:00:00,Tanjung Selor,Kalimantan Utara,Kalimantan,35.5,37.5,101.0
2026-09-10 11:00:00,Tanjung Selor,Kalimantan Utara,Kalimantan,34.0,35.7,97.4
2026-09-10 12:00:00,Tanjung Selor,Kalimantan Utara,Kalimantan,33.4,34.9,96.2
2026-09-10 13:00:00,Tanjung Selor,Kalimantan Utara,Kalimantan,32.1,33.8,93.8
2026-09-10 14:00:00,Tanjung Selor,Kalimantan Utara,Kalimantan,30.7,32.5,91.2
2026-09-10 15:00:00,Tanjung Selor,Kalimantan Utara,Kalimantan,30.0,31.9,89.9
2026-09-10 16:00:00,Tanjung Selor,Kalimantan Utara,Kalimantan,29.9,31.7,89.7
2026-09-10 17:00:00,Tanjung Selor,Kalimantan Utara,Kalimantan,29.9,31.7,89.7
2026-09-10 18:00:00,Tanjung Selor,Kalimantan Utara,Kalimantan,30.0,31.8,89.9
2026-09-10 19:00:00,Tanjung Selor,Kalimantan Utara,Kalimantan,31.7,33.5,93.1
2026-09-10 20:00:00,Tanjung Selor,Kalimantan Utara,Kalimantan,32.5,34.5,94.6
2026-09-10 21:00:00,Tanjung Selor,Kalimantan Utara,Kalimantan,27.9,29.3,85.9
2026-09-10 22:00:00,Tanjung Selor,Kalimantan Utara,Kalimantan,21.2,22.4,73.3
2026-09-10 23:00:00,Tanjung Selor,Kalimantan Utara,Kalimantan,22.5,24.2,75.8
2026-09-11 00:00:00,Tanjung Selor,Kalimantan Utara,Kalimantan,20.3,22.8,71.7
2026-09-11 01:00:00,Tanjung Selor,Kalimantan Utara,Kalimantan,19.2,21.4,69.6
2026-09-11 02:00:00,Tanjung Selor,Kalimantan Utara,Kalimantan,17.3,19.6,66.0
2026-09-11 03:00:00,Tanjung Selor,Kalimantan Utara,Kalimantan,15.7,17.8,63.0
2026-09-11 04:00:00,Tanjung Selor,Kalimantan Utara,Kalimantan,16.5,19.0,64.5
2026-09-11 05:00:00,Tanjung Selor,Kalimantan Utara,Kalimantan,16.6,19.2,64.7
2026-09-11 06:00:00,Tanjung Selor,Kalimantan Utara,Kalimantan,17.8,20.5,67.0
2026-09-11 07:00:00,Tanjung Selor,Kalimantan Utara,Kalimantan,17.8,20.6,67.0
2026-09-11 08:00:00,Tanjung Selor,Kalimantan Utara,Kalimantan,17.1,19.6,65.6
2026-09-11 09:00:00,Tanjung Selor,Kalimantan Utara,Kalimantan,15.9,18.0,63.4
2026-09-11 10:00:00,Tanjung Selor,Kalimantan Utara,Kalimantan,15.9,17.8,63.4
2026-09-11 11:00:00,Tanjung Selor,Kalimantan Utara,Kalimantan,15.9,17.7,63.4
2026-09-11 12:00:00,Tanjung Selor,Kalimantan Utara,Kalimantan,19.1,21.4,69.4
2026-09-11 13:00:00,Tanjung Selor,Kalimantan Utara,Kalimantan,19.0,21.4,69.2
2026-09-11 14:00:00,Tanjung Selor,Kalimantan Utara,Kalimantan,17.8,20.0,67.0
2026-09-11 15:00:00,Tanjung Selor,Kalimantan Utara,Kalimantan,14.5,16.1,60.8
2026-09-11 16:00:00,Tanjung Selor,Kalimantan Utara,Kalimantan,8.8,9.9,47.8
2026-09-11 17:00:00,Tanjung Selor,Kalimantan Utara,Kalimantan,4.2,4.6,22.8
2026-09-11 18:00:00,Tanjung Selor,Kalimantan Utara,Kalimantan,3.7,4.1,20.1
2026-09-11 19:00:00,Tanjung Selor,Kalimantan Utara,Kalimantan,4.4,5.0,23.9
2026-09-11 20:00:00,Tanjung Selor,Kalimantan Utara,Kalimantan,4.5,4.9,24.5
2026-09-11 21:00:00,Tanjung Selor,Kalimantan Utara,Kalimantan,4.0,4.4,21.7
2026-09-11 22:00:00,Tanjung Selor,Kalimantan Utara,Kalimantan,4.4,4.8,23.9
2026-09-11 23:00:00,Tanjung Selor,Kalimantan Utara,Kalimantan,5.4,6.0,29.3
2026-09-12 00:00:00,Tanjung Selor,Kalimantan Utara,Kalimantan,15.7,18.0,63.0
2026-09-12 01:00:00,Tanjung Selor,Kalimantan Utara,Kalimantan,13.7,16.1,59.3
2026-09-12 02:00:00,Tanjung Selor,Kalimantan Utara,Kalimantan,11.8,14.2,55.7
2026-09-12 03:00:00,Tanjung Selor,Kalimantan Utara,Kalimantan,11.3,13.8,54.8
2026-09-12 04:00:00,Tanjung Selor,Kalimantan Utara,Kalimantan,11.0,13.6,54.2
2026-09-12 05:00:00,Tanjung Selor,Kalimantan Utara,Kalimantan,10.8,13.4,53.8
2026-09-12 06:00:00,Tanjung Selor,Kalimantan Utara,Kalimantan,11.0,13.6,54.2
2026-09-12 07:00:00,Tanjung Selor,Kalimantan Utara,Kalimantan,10.9,13.6,54.0
2026-09-12 08:00:00,Tanjung Selor,Kalimantan Utara,Kalimantan,11.1,13.8,54.4
2026-09-12 09:00:00,Tanjung Selor,Kalimantan Utara,Kalimantan,11.1,13.7,54.4
2026-09-12 10:00:00,Tanjung Selor,Kalimantan Utara,Kalimantan,10.1,12.3,52.5
2026-09-12 11:00:00,Tanjung Selor,Kalimantan Utara,Kalimantan,9.9,12.0,52.1
2026-09-12 12:00:00,Tanjung Selor,Kalimantan Utara,Kalimantan,11.9,14.2,55.9
2026-09-12 13:00:00,Tanjung Selor,Kalimantan Utara,Kalimantan,11.6,14.0,55.3
2026-09-12 14:00:00,Tanjung Selor,Kalimantan Utara,Kalimantan,11.4,13.8,54.9
2026-09-12 15:00:00,Tanjung Selor,Kalimantan Utara,Kalimantan,11.4,13.9,54.9
2026-09-12 16:00:00,Tanjung Selor,Kalimantan Utara,Kalimantan,11.5,14.1,55.1
2026-09-12 17:00:00,Tanjung Selor,Kalimantan Utara,Kalimantan,11.8,14.3,55.7
2026-09-12 18:00:00,Tanjung Selor,Kalimantan Utara,Kalimantan,12.3,14.8,56.6
2026-09-12 19:00:00,Tanjung Selor,Kalimantan Utara,Kalimantan,12.5,14.9,57.0
2026-09-12 20:00:00,Tanjung Selor,Kalimantan Utara,Kalimantan,12.4,14.9,56.8
2026-09-12 21:00:00,Tanjung Selor,Kalimantan Utara,Kalimantan,12.4,14.8,56.8
2026-09-12 22:00:00,Tanjung Selor,Kalimantan Utara,Kalimantan,12.3,14.6,56.6
2026-09-12 23:00:00,Tanjung Selor,Kalimantan Utara,Kalimantan,11.1,12.7,54.4
2026-09-13 00:00:00,Tanjung Selor,Kalimantan Utara,Kalimantan,18.3,22.3,67.9
2026-09-13 01:00:00,Tanjung Selor,Kalimantan Utara,Kalimantan,16.2,20.3,64.0
2026-09-13 02:00:00,Tanjung Selor,Kalimantan Utara,Kalimantan,16.5,20.6,64.5
2026-09-13 03:00:00,Tanjung Selor,Kalimantan Utara,Kalimantan,16.2,20.3,64.0
2026-09-13 04:00:00,Tanjung Selor,Kalimantan Utara,Kalimantan,15.0,18.6,61.7
2026-09-13 05:00:00,Tanjung Selor,Kalimantan Utara,Kalimantan,13.7,16.8,59.3
2026-09-13 06:00:00,Tanjung Selor,Kalimantan Utara,Kalimantan,13.1,16.0,58.1
2026-09-13 07:00:00,Tanjung Selor,Kalimantan Utara,Kalimantan,12.9,15.7,57.8
2026-09-13 08:00:00,Tanjung Selor,Kalimantan Utara,Kalimantan,12.7,15.5,57.4
2026-09-13 09:00:00,Tanjung Selor,Kalimantan Utara,Kalimantan,12.6,15.3,57.2
2026-09-13 10:00:00,Tanjung Selor,Kalimantan Utara,Kalimantan,12.2,14.8,56.4
2026-09-13 11:00:00,Tanjung Selor,Kalimantan Utara,Kalimantan,11.0,13.7,54.2
2026-09-13 12:00:00,Tanjung Selor,Kalimantan Utara,Kalimantan,11.5,13.4,55.1
2026-09-13 13:00:00,Tanjung Selor,Kalimantan Utara,Kalimantan,10.1,12.2,52.5
2026-09-13 14:00:00,Tanjung Selor,Kalimantan Utara,Kalimantan,9.5,11.6,51.4
2026-09-13 15:00:00,Tanjung Selor,Kalimantan Utara,Kalimantan,9.3,11.6,51.0
2026-09-13 16:00:00,Tanjung Selor,Kalimantan Utara,Kalimantan,9.5,11.8,51.4
2026-09-13 17:00:00,Tanjung Selor,Kalimantan Utara,Kalimantan,10.0,12.3,52.3
2026-09-13 18:00:00,Tanjung Selor,Kalimantan Utara,Kalimantan,10.9,13.2,54.0
2026-09-13 19:00:00,Tanjung Selor,Kalimantan Utara,Kalimantan,11.6,13.8,55.3
2026-09-13 20:00:00,Tanjung Selor,Kalimantan Utara,Kalimantan,12.2,14.2,56.4
2026-09-13 21:00:00,Tanjung Selor,Kalimantan Utara,Kalimantan,12.5,14.4,57.0
2026-09-13 22:00:00,Tanjung Selor,Kalimantan Utara,Kalimantan,12.8,14.6,57.6
2026-09-13 23:00:00,Tanjung Selor,Kalimantan Utara,Kalimantan,13.2,14.6,58.3
2026-09-14 00:00:00,Tanjung Selor,Kalimantan Utara,Kalimantan,19.4,22.6,70.0
2026-09-14 01:00:00,Tanjung Selor,Kalimantan Utara,Kalimantan,17.8,21.6,67.0
2026-09-14 02:00:00,Tanjung Selor,Kalimantan Utara,Kalimantan,18.8,22.5,68.8
2026-09-14 03:00:00,Tanjung Selor,Kalimantan Utara,Kalimantan,20.0,23.5,71.1
2026-09-14 04:00:00,Tanjung Selor,Kalimantan Utara,Kalimantan,21.8,25.1,74.5
2026-09-14 05:00:00,Tanjung Selor,Kalimantan Utara,Kalimantan,24.1,27.4,78.8
2026-09-14 06:00:00,Tanjung Selor,Kalimantan Utara,Kalimantan,25.6,28.9,81.6
2026-09-14 07:00:00,Tanjung Selor,Kalimantan Utara,Kalimantan,26.0,29.2,82.4
2026-09-14 08:00:00,Tanjung Selor,Kalimantan Utara,Kalimantan,26.4,29.7,83.1
2026-09-14 09:00:00,Tanjung Selor,Kalimantan Utara,Kalimantan,27.5,30.7,85.2
2026-09-14 10:00:00,Tanjung Selor,Kalimantan Utara,Kalimantan,29.0,32.4,88.0
2026-09-14 11:00:00,Tanjung Selor,Kalimantan Utara,Kalimantan,30.6,33.8,91.0
2026-09-14 12:00:00,Tanjung Selor,Kalimantan Utara,Kalimantan,36.3,39.7,103.0
2026-09-14 13:00:00,Tanjung Selor,Kalimantan Utara,Kalimantan,35.5,38.8,101.0
2026-09-14 14:00:00,Tanjung Selor,Kalimantan Utara,Kalimantan,34.1,37.4,97.6
2026-09-14 15:00:00,Tanjung Selor,Kalimantan Utara,Kalimantan,32.8,36.2,95.1
2026-09-14 16:00:00,Tanjung Selor,Kalimantan Utara,Kalimantan,32.0,35.4,93.6
2026-09-14 17:00:00,Tanjung Selor,Kalimantan Utara,Kalimantan,31.9,35.2,93.4
2026-09-14 18:00:00,Tanjung Selor,Kalimantan Utara,Kalimantan,32.5,35.7,94.6
2026-09-14 19:00:00,Tanjung Selor,Kalimantan Utara,Kalimantan,33.9,36.9,97.2
2026-09-14 20:00:00,Tanjung Selor,Kalimantan Utara,Kalimantan,36.0,39.0,102.2
2026-09-14 21:00:00,Tanjung Selor,Kalimantan Utara,Kalimantan,38.5,41.4,108.4
2026-09-14 22:00:00,Tanjung Selor,Kalimantan Utara,Kalimantan,40.7,43.7,113.8
2026-09-14 23:00:00,Tanjung Selor,Kalimantan Utara,Kalimantan,42.4,45.1,118.0
2026-09-15 00:00:00,Tanjung Selor,Kalimantan Utara,Kalimantan,66.8,71.2,158.9
2026-09-15 01:00:00,Tanjung Selor,Kalimantan Utara,Kalimantan,56.1,60.8,151.4
2026-09-15 02:00:00,Tanjung Selor,Kalimantan Utara,Kalimantan,51.3,55.9,139.9
2026-09-15 03:00:00,Tanjung Selor,Kalimantan Utara,Kalimantan,50.9,55.4,138.9
2026-09-15 04:00:00,Tanjung Selor,Kalimantan Utara,Kalimantan,50.6,55.1,138.2
2026-09-15 05:00:00,Tanjung Selor,Kalimantan Utara,Kalimantan,49.6,53.9,135.7
2026-09-15 06:00:00,Tanjung Selor,Kalimantan Utara,Kalimantan,49.0,53.2,134.2
2026-09-15 07:00:00,Tanjung Selor,Kalimantan Utara,Kalimantan,48.8,52.7,133.7
2026-09-15 08:00:00,Tanjung Selor,Kalimantan Utara,Kalimantan,50.4,54.6,137.7
2026-09-15 09:00:00,Tanjung Selor,Kalimantan Utara,Kalimantan,49.6,53.8,135.7
2026-09-15 10:00:00,Tanjung Selor,Kalimantan Utara,Kalimantan,52.2,55.9,142.1
2026-09-15 11:00:00,Tanjung Selor,Kalimantan Utara,Kalimantan,51.2,54.7,139.7
2026-09-15 12:00:00,Tanjung Selor,Kalimantan Utara,Kalimantan,52.4,55.3,142.6
2026-09-15 13:00:00,Tanjung Selor,Kalimantan Utara,Kalimantan,53.4,55.9,145.1
2026-09-15 14:00:00,Tanjung Selor,Kalimantan Utara,Kalimantan,51.7,53.4,140.9
2026-09-15 15:00:00,Tanjung Selor,Kalimantan Utara,Kalimantan,47.6,49.2,130.8
2026-09-15 16:00:00,Tanjung Selor,Kalimantan Utara,Kalimantan,39.8,40.9,111.6
2026-09-15 17:00:00,Tanjung Selor,Kalimantan Utara,Kalimantan,38.4,39.5,108.1
2026-09-15 18:00:00,Tanjung Selor,Kalimantan Utara,Kalimantan,32.9,34.0,95.3
2026-09-15 19:00:00,Tanjung Selor,Kalimantan Utara,Kalimantan,25.4,26.1,81.2
2026-09-15 20:00:00,Tanjung Selor,Kalimantan Utara,Kalimantan,23.4,24.0,77.5
2026-09-15 21:00:00,Tanjung Selor,Kalimantan Utara,Kalimantan,22.4,22.9,75.6
2026-09-15 22:00:00,Tanjung Selor,Kalimantan Utara,Kalimantan,15.5,15.8,62.6
2026-09-15 23:00:00,Tanjung Selor,Kalimantan Utara,Kalimantan,17.8,18.0,67.0
2026-09-16 00:00:00,Tanjung Selor,Kalimantan Utara,Kalimantan,19.1,19.5,69.4
2026-09-16 01:00:00,Tanjung Selor,Kalimantan Utara,Kalimantan,18.4,18.9,68.1
2026-09-16 02:00:00,Tanjung Selor,Kalimantan Utara,Kalimantan,20.4,21.0,71.8
2026-09-16 03:00:00,Tanjung Selor,Kalimantan Utara,Kalimantan,24.7,25.7,79.9
2026-09-16 04:00:00,Tanjung Selor,Kalimantan Utara,Kalimantan,34.7,36.0,98.7
2026-09-16 05:00:00,Tanjung Selor,Kalimantan Utara,Kalimantan,40.6,41.9,113.6
2026-09-16 06:00:00,Tanjung Selor,Kalimantan Utara,Kalimantan,44.4,45.5,122.9
2026-09-16 07:00:00,Tanjung Selor,Kalimantan Utara,Kalimantan,49.4,50.6,135.2
2026-09-16 08:00:00,Tanjung Selor,Kalimantan Utara,Kalimantan,56.7,58.0,151.8
2026-09-16 09:00:00,Tanjung Selor,Kalimantan Utara,Kalimantan,62.4,63.8,155.8
2026-09-16 10:00:00,Tanjung Selor,Kalimantan Utara,Kalimantan,67.1,68.5,159.1
2026-09-16 11:00:00,Tanjung Selor,Kalimantan Utara,Kalimantan,70.8,71.9,161.7
2026-09-16 12:00:00,Tanjung Selor,Kalimantan Utara,Kalimantan,72.6,73.8,163.0
2026-09-16 13:00:00,Tanjung Selor,Kalimantan Utara,Kalimantan,70.5,71.5,161.5
2026-09-16 14:00:00,Tanjung Selor,Kalimantan Utara,Kalimantan,68.9,69.6,160.4
2026-09-16 15:00:00,Tanjung Selor,Kalimantan Utara,Kalimantan,65.9,66.6,158.3
2026-09-16 16:00:00,Tanjung Selor,Kalimantan Utara,Kalimantan,65.7,66.1,158.2
2026-09-16 17:00:00,Tanjung Selor,Kalimantan Utara,Kalimantan,63.1,63.6,156.3
2026-09-16 18:00:00,Tanjung Selor,Kalimantan Utara,Kalimantan,57.9,58.3,152.7
2026-09-16 19:00:00,Tanjung Selor,Kalimantan Utara,Kalimantan,44.9,45.3,124.1
2026-09-16 20:00:00,Tanjung Selor,Kalimantan Utara,Kalimantan,20.5,20.7,72.0
2026-09-16 21:00:00,Tanjung Selor,Kalimantan Utara,Kalimantan,14.9,15.0,61.5
2026-09-16 22:00:00,Tanjung Selor,Kalimantan Utara,Kalimantan,17.7,17.8,66.8
2026-09-16 23:00:00,Tanjung Selor,Kalimantan Utara,Kalimantan,25.8,26.1,82.0
2026-09-07 00:00:00,Makassar,Sulawesi Selatan,Sulawesi,18.9,22.1,69.0
2026-09-07 01:00:00,Makassar,Sulawesi Selatan,Sulawesi,17.3,20.7,66.0
2026-09-07 02:00:00,Makassar,Sulawesi Selatan,Sulawesi,16.9,20.3,65.3
2026-09-07 03:00:00,Makassar,Sulawesi Selatan,Sulawesi,17.6,21.2,66.6
2026-09-07 04:00:00,Makassar,Sulawesi Selatan,Sulawesi,18.6,22.5,68.5
2026-09-07 05:00:00,Makassar,Sulawesi Selatan,Sulawesi,20.4,24.4,71.8
2026-09-07 06:00:00,Makassar,Sulawesi Selatan,Sulawesi,19.9,23.7,70.9
2026-09-07 07:00:00,Makassar,Sulawesi Selatan,Sulawesi,20.0,23.8,71.1
2026-09-07 08:00:00,Makassar,Sulawesi Selatan,Sulawesi,19.7,23.3,70.5
2026-09-07 09:00:00,Makassar,Sulawesi Selatan,Sulawesi,19.8,23.5,70.7
2026-09-07 10:00:00,Makassar,Sulawesi Selatan,Sulawesi,21.0,24.4,73.0
2026-09-07 11:00:00,Makassar,Sulawesi Selatan,Sulawesi,25.9,29.3,82.2
2026-09-07 12:00:00,Makassar,Sulawesi Selatan,Sulawesi,24.9,28.0,80.3
2026-09-07 13:00:00,Makassar,Sulawesi Selatan,Sulawesi,25.9,29.0,82.2
2026-09-07 14:00:00,Makassar,Sulawesi Selatan,Sulawesi,26.5,29.5,83.3
2026-09-07 15:00:00,Makassar,Sulawesi Selatan,Sulawesi,26.9,29.7,84.0
2026-09-07 16:00:00,Makassar,Sulawesi Selatan,Sulawesi,26.9,29.5,84.0
2026-09-07 17:00:00,Makassar,Sulawesi Selatan,Sulawesi,26.9,29.3,84.0
2026-09-07 18:00:00,Makassar,Sulawesi Selatan,Sulawesi,26.3,28.4,82.9
2026-09-07 19:00:00,Makassar,Sulawesi Selatan,Sulawesi,25.2,27.2,80.9
2026-09-07 20:00:00,Makassar,Sulawesi Selatan,Sulawesi,24.1,25.8,78.8
2026-09-07 21:00:00,Makassar,Sulawesi Selatan,Sulawesi,23.5,25.1,77.7
2026-09-07 22:00:00,Makassar,Sulawesi Selatan,Sulawesi,23.8,25.2,78.2
2026-09-07 23:00:00,Makassar,Sulawesi Selatan,Sulawesi,27.0,28.4,84.2
2026-09-08 00:00:00,Makassar,Sulawesi Selatan,Sulawesi,18.9,22.0,69.0
2026-09-08 01:00:00,Makassar,Sulawesi Selatan,Sulawesi,15.7,19.3,63.0
2026-09-08 02:00:00,Makassar,Sulawesi Selatan,Sulawesi,15.4,19.2,62.5
2026-09-08 03:00:00,Makassar,Sulawesi Selatan,Sulawesi,15.3,19.2,62.3
2026-09-08 04:00:00,Makassar,Sulawesi Selatan,Sulawesi,15.0,18.7,61.7
2026-09-08 05:00:00,Makassar,Sulawesi Selatan,Sulawesi,14.5,18.0,60.8
2026-09-08 06:00:00,Makassar,Sulawesi Selatan,Sulawesi,13.9,17.2,59.6
2026-09-08 07:00:00,Makassar,Sulawesi Selatan,Sulawesi,13.4,16.6,58.7
2026-09-08 08:00:00,Makassar,Sulawesi Selatan,Sulawesi,12.3,15.2,56.6
2026-09-08 09:00:00,Makassar,Sulawesi Selatan,Sulawesi,11.3,13.8,54.8
2026-09-08 10:00:00,Makassar,Sulawesi Selatan,Sulawesi,13.0,15.3,57.9
2026-09-08 11:00:00,Makassar,Sulawesi Selatan,Sulawesi,18.5,20.8,68.3
2026-09-08 12:00:00,Makassar,Sulawesi Selatan,Sulawesi,21.0,22.9,73.0
2026-09-08 13:00:00,Makassar,Sulawesi Selatan,Sulawesi,21.5,23.3,73.9
2026-09-08 14:00:00,Makassar,Sulawesi Selatan,Sulawesi,21.7,23.4,74.3
2026-09-08 15:00:00,Makassar,Sulawesi Selatan,Sulawesi,22.1,23.7,75.0
2026-09-08 16:00:00,Makassar,Sulawesi Selatan,Sulawesi,22.3,23.9,75.4
2026-09-08 17:00:00,Makassar,Sulawesi Selatan,Sulawesi,22.7,24.1,76.2
2026-09-08 18:00:00,Makassar,Sulawesi Selatan,Sulawesi,23.3,24.5,77.3
2026-09-08 19:00:00,Makassar,Sulawesi Selatan,Sulawesi,23.5,24.6,77.7
2026-09-08 20:00:00,Makassar,Sulawesi Selatan,Sulawesi,23.1,24.2,76.9
2026-09-08 21:00:00,Makassar,Sulawesi Selatan,Sulawesi,22.2,23.2,75.2
2026-09-08 22:00:00,Makassar,Sulawesi Selatan,Sulawesi,22.0,23.0,74.8
2026-09-08 23:00:00,Makassar,Sulawesi Selatan,Sulawesi,25.0,26.1,80.5
2026-09-09 00:00:00,Makassar,Sulawesi Selatan,Sulawesi,16.6,19.0,64.7
2026-09-09 01:00:00,Makassar,Sulawesi Selatan,Sulawesi,13.0,15.5,57.9
2026-09-09 02:00:00,Makassar,Sulawesi Selatan,Sulawesi,12.7,15.5,57.4
2026-09-09 03:00:00,Makassar,Sulawesi Selatan,Sulawesi,12.9,15.8,57.8
2026-09-09 04:00:00,Makassar,Sulawesi Selatan,Sulawesi,13.4,16.4,58.7
2026-09-09 05:00:00,Makassar,Sulawesi Selatan,Sulawesi,14.1,17.1,60.0
2026-09-09 06:00:00,Makassar,Sulawesi Selatan,Sulawesi,14.2,17.2,60.2
2026-09-09 07:00:00,Makassar,Sulawesi Selatan,Sulawesi,14.2,17.1,60.2
2026-09-09 08:00:00,Makassar,Sulawesi Selatan,Sulawesi,13.8,16.5,59.4
2026-09-09 09:00:00,Makassar,Sulawesi Selatan,Sulawesi,13.7,16.2,59.3
2026-09-09 10:00:00,Makassar,Sulawesi Selatan,Sulawesi,15.3,17.6,62.3
2026-09-09 11:00:00,Makassar,Sulawesi Selatan,Sulawesi,19.3,21.5,69.8
2026-09-09 12:00:00,Makassar,Sulawesi Selatan,Sulawesi,25.1,27.5,80.7
2026-09-09 13:00:00,Makassar,Sulawesi Selatan,Sulawesi,27.3,29.6,84.8
2026-09-09 14:00:00,Makassar,Sulawesi Selatan,Sulawesi,28.9,31.2,87.8
2026-09-09 15:00:00,Makassar,Sulawesi Selatan,Sulawesi,30.4,32.6,90.6
2026-09-09 16:00:00,Makassar,Sulawesi Selatan,Sulawesi,30.6,32.7,91.0
2026-09-09 17:00:00,Makassar,Sulawesi Selatan,Sulawesi,30.0,31.9,89.9
2026-09-09 18:00:00,Makassar,Sulawesi Selatan,Sulawesi,29.2,30.7,88.4
2026-09-09 19:00:00,Makassar,Sulawesi Selatan,Sulawesi,27.8,28.8,85.7
2026-09-09 20:00:00,Makassar,Sulawesi Selatan,Sulawesi,26.2,26.8,82.7
2026-09-09 21:00:00,Makassar,Sulawesi Selatan,Sulawesi,25.2,25.6,80.9
2026-09-09 22:00:00,Makassar,Sulawesi Selatan,Sulawesi,25.3,25.5,81.0
2026-09-09 23:00:00,Makassar,Sulawesi Selatan,Sulawesi,28.6,28.9,87.2
2026-09-10 00:00:00,Makassar,Sulawesi Selatan,Sulawesi,22.6,23.7,76.0
2026-09-10 01:00:00,Makassar,Sulawesi Selatan,Sulawesi,16.1,18.3,63.8
2026-09-10 02:00:00,Makassar,Sulawesi Selatan,Sulawesi,14.7,17.5,61.1
2026-09-10 03:00:00,Makassar,Sulawesi Selatan,Sulawesi,14.9,17.9,61.5
2026-09-10 04:00:00,Makassar,Sulawesi Selatan,Sulawesi,15.5,18.7,62.6
2026-09-10 05:00:00,Makassar,Sulawesi Selatan,Sulawesi,15.8,19.1,63.2
2026-09-10 06:00:00,Makassar,Sulawesi Selatan,Sulawesi,16.5,19.6,64.5
2026-09-10 07:00:00,Makassar,Sulawesi Selatan,Sulawesi,16.6,18.7,64.7
2026-09-10 08:00:00,Makassar,Sulawesi Selatan,Sulawesi,17.3,19.3,66.0
2026-09-10 09:00:00,Makassar,Sulawesi Selatan,Sulawesi,18.0,20.0,67.3
2026-09-10 10:00:00,Makassar,Sulawesi Selatan,Sulawesi,19.1,21.1,69.4
2026-09-10 11:00:00,Makassar,Sulawesi Selatan,Sulawesi,20.4,22.4,71.8
2026-09-10 12:00:00,Makassar,Sulawesi Selatan,Sulawesi,27.5,30.7,85.2
2026-09-10 13:00:00,Makassar,Sulawesi Selatan,Sulawesi,31.2,34.5,92.1
2026-09-10 14:00:00,Makassar,Sulawesi Selatan,Sulawesi,33.4,36.8,96.2
2026-09-10 15:00:00,Makassar,Sulawesi Selatan,Sulawesi,34.7,38.0,98.7
2026-09-10 16:00:00,Makassar,Sulawesi Selatan,Sulawesi,32.5,35.5,94.6
2026-09-10 17:00:00,Makassar,Sulawesi Selatan,Sulawesi,28.5,31.2,87.0
2026-09-10 18:00:00,Makassar,Sulawesi Selatan,Sulawesi,24.9,27.3,80.3
2026-09-10 19:00:00,Makassar,Sulawesi Selatan,Sulawesi,22.4,24.6,75.6
2026-09-10 20:00:00,Makassar,Sulawesi Selatan,Sulawesi,20.3,22.4,71.7
2026-09-10 21:00:00,Makassar,Sulawesi Selatan,Sulawesi,19.1,20.9,69.4
2026-09-10 22:00:00,Makassar,Sulawesi Selatan,Sulawesi,19.4,21.1,70.0
2026-09-10 23:00:00,Makassar,Sulawesi Selatan,Sulawesi,22.1,23.7,75.0
2026-09-11 00:00:00,Makassar,Sulawesi Selatan,Sulawesi,11.0,12.1,54.2
2026-09-11 01:00:00,Makassar,Sulawesi Selatan,Sulawesi,7.9,8.8,42.9
2026-09-11 02:00:00,Makassar,Sulawesi Selatan,Sulawesi,7.0,7.9,38.0
2026-09-11 03:00:00,Makassar,Sulawesi Selatan,Sulawesi,7.4,8.6,40.2
2026-09-11 04:00:00,Makassar,Sulawesi Selatan,Sulawesi,8.7,10.3,47.3
2026-09-11 05:00:00,Makassar,Sulawesi Selatan,Sulawesi,9.9,11.6,52.1
2026-09-11 06:00:00,Makassar,Sulawesi Selatan,Sulawesi,10.8,12.7,53.8
2026-09-11 07:00:00,Makassar,Sulawesi Selatan,Sulawesi,11.9,14.1,55.9
2026-09-11 08:00:00,Makassar,Sulawesi Selatan,Sulawesi,12.0,14.3,56.1
2026-09-11 09:00:00,Makassar,Sulawesi Selatan,Sulawesi,11.7,13.9,55.5
2026-09-11 10:00:00,Makassar,Sulawesi Selatan,Sulawesi,12.3,14.4,56.6
2026-09-11 11:00:00,Makassar,Sulawesi Selatan,Sulawesi,14.6,16.6,61.0
2026-09-11 12:00:00,Makassar,Sulawesi Selatan,Sulawesi,27.9,30.6,85.9
2026-09-11 13:00:00,Makassar,Sulawesi Selatan,Sulawesi,30.7,33.6,91.2
2026-09-11 14:00:00,Makassar,Sulawesi Selatan,Sulawesi,30.0,33.2,89.9
2026-09-11 15:00:00,Makassar,Sulawesi Selatan,Sulawesi,28.0,31.2,86.1
2026-09-11 16:00:00,Makassar,Sulawesi Selatan,Sulawesi,25.6,28.7,81.6
2026-09-11 17:00:00,Makassar,Sulawesi Selatan,Sulawesi,23.2,26.3,77.1
2026-09-11 18:00:00,Makassar,Sulawesi Selatan,Sulawesi,21.2,24.2,73.3
2026-09-11 19:00:00,Makassar,Sulawesi Selatan,Sulawesi,19.6,22.2,70.3
2026-09-11 20:00:00,Makassar,Sulawesi Selatan,Sulawesi,18.9,21.1,69.0
2026-09-11 21:00:00,Makassar,Sulawesi Selatan,Sulawesi,18.9,20.9,69.0
2026-09-11 22:00:00,Makassar,Sulawesi Selatan,Sulawesi,20.3,22.1,71.7
2026-09-11 23:00:00,Makassar,Sulawesi Selatan,Sulawesi,23.3,24.9,77.3
2026-09-12 00:00:00,Makassar,Sulawesi Selatan,Sulawesi,14.7,17.1,61.1
2026-09-12 01:00:00,Makassar,Sulawesi Selatan,Sulawesi,12.9,15.3,57.8
2026-09-12 02:00:00,Makassar,Sulawesi Selatan,Sulawesi,11.6,14.0,55.3
2026-09-12 03:00:00,Makassar,Sulawesi Selatan,Sulawesi,11.3,13.8,54.8
2026-09-12 04:00:00,Makassar,Sulawesi Selatan,Sulawesi,11.4,13.8,54.9
2026-09-12 05:00:00,Makassar,Sulawesi Selatan,Sulawesi,12.4,15.0,56.8
2026-09-12 06:00:00,Makassar,Sulawesi Selatan,Sulawesi,13.4,16.4,58.7
2026-09-12 07:00:00,Makassar,Sulawesi Selatan,Sulawesi,14.4,17.5,60.6
2026-09-12 08:00:00,Makassar,Sulawesi Selatan,Sulawesi,15.1,18.3,61.9
2026-09-12 09:00:00,Makassar,Sulawesi Selatan,Sulawesi,15.9,19.3,63.4
2026-09-12 10:00:00,Makassar,Sulawesi Selatan,Sulawesi,17.3,20.7,66.0
2026-09-12 11:00:00,Makassar,Sulawesi Selatan,Sulawesi,18.9,22.1,69.0
2026-09-12 12:00:00,Makassar,Sulawesi Selatan,Sulawesi,28.5,31.4,87.0
2026-09-12 13:00:00,Makassar,Sulawesi Selatan,Sulawesi,35.3,38.5,99.8
2026-09-12 14:00:00,Makassar,Sulawesi Selatan,Sulawesi,36.8,40.3,104.2
2026-09-12 15:00:00,Makassar,Sulawesi Selatan,Sulawesi,35.3,38.9,99.8
2026-09-12 16:00:00,Makassar,Sulawesi Selatan,Sulawesi,31.9,35.3,93.4
2026-09-12 17:00:00,Makassar,Sulawesi Selatan,Sulawesi,30.2,33.4,90.2
2026-09-12 18:00:00,Makassar,Sulawesi Selatan,Sulawesi,29.4,32.6,88.7
2026-09-12 19:00:00,Makassar,Sulawesi Selatan,Sulawesi,29.5,32.7,88.9
2026-09-12 20:00:00,Makassar,Sulawesi Selatan,Sulawesi,28.6,31.8,87.2
2026-09-12 21:00:00,Makassar,Sulawesi Selatan,Sulawesi,28.0,31.2,86.1
2026-09-12 22:00:00,Makassar,Sulawesi Selatan,Sulawesi,27.5,30.4,85.2
2026-09-12 23:00:00,Makassar,Sulawesi Selatan,Sulawesi,28.8,31.4,87.6
2026-09-13 00:00:00,Makassar,Sulawesi Selatan,Sulawesi,20.1,23.8,71.3
2026-09-13 01:00:00,Makassar,Sulawesi Selatan,Sulawesi,14.8,18.5,61.3
2026-09-13 02:00:00,Makassar,Sulawesi Selatan,Sulawesi,12.1,15.5,56.3
2026-09-13 03:00:00,Makassar,Sulawesi Selatan,Sulawesi,10.3,13.3,52.9
2026-09-13 04:00:00,Makassar,Sulawesi Selatan,Sulawesi,8.7,11.4,47.3
2026-09-13 05:00:00,Makassar,Sulawesi Selatan,Sulawesi,7.6,10.0,41.3
2026-09-13 06:00:00,Makassar,Sulawesi Selatan,Sulawesi,7.0,9.3,38.0
2026-09-13 07:00:00,Makassar,Sulawesi Selatan,Sulawesi,6.6,8.9,35.9
2026-09-13 08:00:00,Makassar,Sulawesi Selatan,Sulawesi,6.5,8.7,35.3
2026-09-13 09:00:00,Makassar,Sulawesi Selatan,Sulawesi,6.8,9.1,37.0
2026-09-13 10:00:00,Makassar,Sulawesi Selatan,Sulawesi,7.6,10.2,41.3
2026-09-13 11:00:00,Makassar,Sulawesi Selatan,Sulawesi,8.7,11.6,47.3
2026-09-13 12:00:00,Makassar,Sulawesi Selatan,Sulawesi,11.0,13.3,54.2
2026-09-13 13:00:00,Makassar,Sulawesi Selatan,Sulawesi,14.3,16.9,60.4
2026-09-13 14:00:00,Makassar,Sulawesi Selatan,Sulawesi,17.1,19.8,65.6
2026-09-13 15:00:00,Makassar,Sulawesi Selatan,Sulawesi,18.4,21.5,68.1
2026-09-13 16:00:00,Makassar,Sulawesi Selatan,Sulawesi,18.0,21.4,67.3
2026-09-13 17:00:00,Makassar,Sulawesi Selatan,Sulawesi,16.7,19.8,64.9
2026-09-13 18:00:00,Makassar,Sulawesi Selatan,Sulawesi,16.0,19.2,63.6
2026-09-13 19:00:00,Makassar,Sulawesi Selatan,Sulawesi,15.8,18.9,63.2
2026-09-13 20:00:00,Makassar,Sulawesi Selatan,Sulawesi,15.9,19.0,63.4
2026-09-13 21:00:00,Makassar,Sulawesi Selatan,Sulawesi,16.2,19.3,64.0
2026-09-13 22:00:00,Makassar,Sulawesi Selatan,Sulawesi,17.3,20.3,66.0
2026-09-13 23:00:00,Makassar,Sulawesi Selatan,Sulawesi,19.4,22.2,70.0
2026-09-14 00:00:00,Makassar,Sulawesi Selatan,Sulawesi,13.2,16.6,58.3
2026-09-14 01:00:00,Makassar,Sulawesi Selatan,Sulawesi,11.8,15.1,55.7
2026-09-14 02:00:00,Makassar,Sulawesi Selatan,Sulawesi,10.7,14.0,53.6
2026-09-14 03:00:00,Makassar,Sulawesi Selatan,Sulawesi,9.8,12.9,51.9
2026-09-14 04:00:00,Makassar,Sulawesi Selatan,Sulawesi,9.1,11.8,49.5
2026-09-14 05:00:00,Makassar,Sulawesi Selatan,Sulawesi,9.2,11.8,50.0
2026-09-14 06:00:00,Makassar,Sulawesi Selatan,Sulawesi,10.0,12.6,52.3
2026-09-14 07:00:00,Makassar,Sulawesi Selatan,Sulawesi,11.0,13.9,54.2
2026-09-14 08:00:00,Makassar,Sulawesi Selatan,Sulawesi,12.1,15.5,56.3
2026-09-14 09:00:00,Makassar,Sulawesi Selatan,Sulawesi,13.3,17.0,58.5
2026-09-14 10:00:00,Makassar,Sulawesi Selatan,Sulawesi,15.6,19.5,62.8
2026-09-14 11:00:00,Makassar,Sulawesi Selatan,Sulawesi,19.4,23.5,70.0
2026-09-14 12:00:00,Makassar,Sulawesi Selatan,Sulawesi,29.9,33.2,89.7
2026-09-14 13:00:00,Makassar,Sulawesi Selatan,Sulawesi,32.8,36.3,95.1
2026-09-14 14:00:00,Makassar,Sulawesi Selatan,Sulawesi,32.7,36.2,94.9
2026-09-14 15:00:00,Makassar,Sulawesi Selatan,Sulawesi,30.9,34.5,91.6
2026-09-14 16:00:00,Makassar,Sulawesi Selatan,Sulawesi,26.3,29.7,82.9
2026-09-14 17:00:00,Makassar,Sulawesi Selatan,Sulawesi,23.7,27.0,78.0
2026-09-14 18:00:00,Makassar,Sulawesi Selatan,Sulawesi,22.3,25.6,75.4
2026-09-14 19:00:00,Makassar,Sulawesi Selatan,Sulawesi,21.3,24.6,73.5
2026-09-14 20:00:00,Makassar,Sulawesi Selatan,Sulawesi,20.5,23.8,72.0
2026-09-14 21:00:00,Makassar,Sulawesi Selatan,Sulawesi,19.8,23.1,70.7
2026-09-14 22:00:00,Makassar,Sulawesi Selatan,Sulawesi,20.0,23.1,71.1
2026-09-14 23:00:00,Makassar,Sulawesi Selatan,Sulawesi,22.3,25.3,75.4
2026-09-15 00:00:00,Makassar,Sulawesi Selatan,Sulawesi,17.6,21.5,66.6
2026-09-15 01:00:00,Makassar,Sulawesi Selatan,Sulawesi,14.2,18.2,60.2
2026-09-15 02:00:00,Makassar,Sulawesi Selatan,Sulawesi,13.1,17.0,58.1
2026-09-15 03:00:00,Makassar,Sulawesi Selatan,Sulawesi,12.6,16.4,57.2
2026-09-15 04:00:00,Makassar,Sulawesi Selatan,Sulawesi,11.8,15.1,55.7
2026-09-15 05:00:00,Makassar,Sulawesi Selatan,Sulawesi,11.2,14.2,54.6
2026-09-15 06:00:00,Makassar,Sulawesi Selatan,Sulawesi,10.9,13.7,54.0
2026-09-15 07:00:00,Makassar,Sulawesi Selatan,Sulawesi,10.7,13.3,53.6
2026-09-15 08:00:00,Makassar,Sulawesi Selatan,Sulawesi,10.7,13.3,53.6
2026-09-15 09:00:00,Makassar,Sulawesi Selatan,Sulawesi,11.0,13.8,54.2
2026-09-15 10:00:00,Makassar,Sulawesi Selatan,Sulawesi,12.0,15.0,56.1
2026-09-15 11:00:00,Makassar,Sulawesi Selatan,Sulawesi,12.9,15.9,57.8
2026-09-15 12:00:00,Makassar,Sulawesi Selatan,Sulawesi,15.3,17.1,62.3
2026-09-15 13:00:00,Makassar,Sulawesi Selatan,Sulawesi,16.1,18.1,63.8
2026-09-15 14:00:00,Makassar,Sulawesi Selatan,Sulawesi,16.8,19.1,65.1
2026-09-15 15:00:00,Makassar,Sulawesi Selatan,Sulawesi,17.6,19.9,66.6
2026-09-15 16:00:00,Makassar,Sulawesi Selatan,Sulawesi,17.3,19.6,66.0
2026-09-15 17:00:00,Makassar,Sulawesi Selatan,Sulawesi,16.9,19.2,65.3
2026-09-15 18:00:00,Makassar,Sulawesi Selatan,Sulawesi,16.6,18.9,64.7
2026-09-15 19:00:00,Makassar,Sulawesi Selatan,Sulawesi,16.8,19.2,65.1
2026-09-15 20:00:00,Makassar,Sulawesi Selatan,Sulawesi,17.3,19.7,66.0
2026-09-15 21:00:00,Makassar,Sulawesi Selatan,Sulawesi,17.4,19.7,66.2
2026-09-15 22:00:00,Makassar,Sulawesi Selatan,Sulawesi,18.5,20.8,68.3
2026-09-15 23:00:00,Makassar,Sulawesi Selatan,Sulawesi,21.6,23.9,74.1
2026-09-16 00:00:00,Makassar,Sulawesi Selatan,Sulawesi,17.1,20.0,65.6
2026-09-16 01:00:00,Makassar,Sulawesi Selatan,Sulawesi,12.1,15.0,56.3
2026-09-16 02:00:00,Makassar,Sulawesi Selatan,Sulawesi,11.1,14.1,54.4
2026-09-16 03:00:00,Makassar,Sulawesi Selatan,Sulawesi,11.0,13.9,54.2
2026-09-16 04:00:00,Makassar,Sulawesi Selatan,Sulawesi,11.1,14.0,54.4
2026-09-16 05:00:00,Makassar,Sulawesi Selatan,Sulawesi,11.8,14.9,55.7
2026-09-16 06:00:00,Makassar,Sulawesi Selatan,Sulawesi,12.5,15.7,57.0
2026-09-16 07:00:00,Makassar,Sulawesi Selatan,Sulawesi,12.7,16.1,57.4
2026-09-16 08:00:00,Makassar,Sulawesi Selatan,Sulawesi,12.7,16.1,57.4
2026-09-16 09:00:00,Makassar,Sulawesi Selatan,Sulawesi,13.2,16.7,58.3
2026-09-16 10:00:00,Makassar,Sulawesi Selatan,Sulawesi,15.0,18.6,61.7
2026-09-16 11:00:00,Makassar,Sulawesi Selatan,Sulawesi,17.9,21.6,67.1
2026-09-16 12:00:00,Makassar,Sulawesi Selatan,Sulawesi,20.3,24.0,71.7
2026-09-16 13:00:00,Makassar,Sulawesi Selatan,Sulawesi,20.8,24.5,72.6
2026-09-16 14:00:00,Makassar,Sulawesi Selatan,Sulawesi,20.9,24.5,72.8
2026-09-16 15:00:00,Makassar,Sulawesi Selatan,Sulawesi,21.1,24.6,73.2
2026-09-16 16:00:00,Makassar,Sulawesi Selatan,Sulawesi,19.6,22.9,70.3
2026-09-16 17:00:00,Makassar,Sulawesi Selatan,Sulawesi,17.8,21.0,67.0
2026-09-16 18:00:00,Makassar,Sulawesi Selatan,Sulawesi,16.7,19.7,64.9
2026-09-16 19:00:00,Makassar,Sulawesi Selatan,Sulawesi,16.2,19.2,64.0
2026-09-16 20:00:00,Makassar,Sulawesi Selatan,Sulawesi,16.2,19.1,64.0
2026-09-16 21:00:00,Makassar,Sulawesi Selatan,Sulawesi,16.6,19.4,64.7
2026-09-16 22:00:00,Makassar,Sulawesi Selatan,Sulawesi,17.9,20.4,67.1
2026-09-16 23:00:00,Makassar,Sulawesi Selatan,Sulawesi,21.8,24.2,74.5
2026-09-07 00:00:00,Manado,Sulawesi Utara,Sulawesi,22.1,24.3,75.0
2026-09-07 01:00:00,Manado,Sulawesi Utara,Sulawesi,20.5,23.0,72.0
2026-09-07 02:00:00,Manado,Sulawesi Utara,Sulawesi,20.0,22.6,71.1
2026-09-07 03:00:00,Manado,Sulawesi Utara,Sulawesi,19.6,22.4,70.3
2026-09-07 04:00:00,Manado,Sulawesi Utara,Sulawesi,19.3,22.2,69.8
2026-09-07 05:00:00,Manado,Sulawesi Utara,Sulawesi,16.5,19.2,64.5
2026-09-07 06:00:00,Manado,Sulawesi Utara,Sulawesi,13.9,16.5,59.6
2026-09-07 07:00:00,Manado,Sulawesi Utara,Sulawesi,13.2,15.7,58.3
2026-09-07 08:00:00,Manado,Sulawesi Utara,Sulawesi,14.5,17.3,60.8
2026-09-07 09:00:00,Manado,Sulawesi Utara,Sulawesi,21.4,24.3,73.7
2026-09-07 10:00:00,Manado,Sulawesi Utara,Sulawesi,29.6,32.5,89.1
2026-09-07 11:00:00,Manado,Sulawesi Utara,Sulawesi,31.1,34.0,91.9
2026-09-07 12:00:00,Manado,Sulawesi Utara,Sulawesi,23.1,26.1,76.9
2026-09-07 13:00:00,Manado,Sulawesi Utara,Sulawesi,20.5,23.3,72.0
2026-09-07 14:00:00,Manado,Sulawesi Utara,Sulawesi,18.7,21.2,68.6
2026-09-07 15:00:00,Manado,Sulawesi Utara,Sulawesi,17.8,20.1,67.0
2026-09-07 16:00:00,Manado,Sulawesi Utara,Sulawesi,17.6,19.7,66.6
2026-09-07 17:00:00,Manado,Sulawesi Utara,Sulawesi,17.9,19.9,67.1
2026-09-07 18:00:00,Manado,Sulawesi Utara,Sulawesi,19.0,20.8,69.2
2026-09-07 19:00:00,Manado,Sulawesi Utara,Sulawesi,20.0,21.6,71.1
2026-09-07 20:00:00,Manado,Sulawesi Utara,Sulawesi,20.2,21.7,71.5
2026-09-07 21:00:00,Manado,Sulawesi Utara,Sulawesi,20.8,22.3,72.6
2026-09-07 22:00:00,Manado,Sulawesi Utara,Sulawesi,21.9,23.3,74.7
2026-09-07 23:00:00,Manado,Sulawesi Utara,Sulawesi,20.7,22.5,72.4
2026-09-08 00:00:00,Manado,Sulawesi Utara,Sulawesi,16.6,19.6,64.7
2026-09-08 01:00:00,Manado,Sulawesi Utara,Sulawesi,15.9,18.9,63.4
2026-09-08 02:00:00,Manado,Sulawesi Utara,Sulawesi,15.4,18.3,62.5
2026-09-08 03:00:00,Manado,Sulawesi Utara,Sulawesi,15.3,18.3,62.3
2026-09-08 04:00:00,Manado,Sulawesi Utara,Sulawesi,15.5,18.7,62.6
2026-09-08 05:00:00,Manado,Sulawesi Utara,Sulawesi,15.4,18.7,62.5
2026-09-08 06:00:00,Manado,Sulawesi Utara,Sulawesi,15.6,19.2,62.8
2026-09-08 07:00:00,Manado,Sulawesi Utara,Sulawesi,16.0,19.7,63.6
2026-09-08 08:00:00,Manado,Sulawesi Utara,Sulawesi,16.9,21.0,65.3
2026-09-08 09:00:00,Manado,Sulawesi Utara,Sulawesi,18.2,22.4,67.7
2026-09-08 10:00:00,Manado,Sulawesi Utara,Sulawesi,18.3,22.4,67.9
2026-09-08 11:00:00,Manado,Sulawesi Utara,Sulawesi,17.8,21.5,67.0
2026-09-08 12:00:00,Manado,Sulawesi Utara,Sulawesi,15.9,19.7,63.4
2026-09-08 13:00:00,Manado,Sulawesi Utara,Sulawesi,14.2,17.7,60.2
2026-09-08 14:00:00,Manado,Sulawesi Utara,Sulawesi,12.8,16.1,57.6
2026-09-08 15:00:00,Manado,Sulawesi Utara,Sulawesi,11.4,14.3,54.9
2026-09-08 16:00:00,Manado,Sulawesi Utara,Sulawesi,10.3,13.0,52.9
2026-09-08 17:00:00,Manado,Sulawesi Utara,Sulawesi,9.6,12.0,51.6
2026-09-08 18:00:00,Manado,Sulawesi Utara,Sulawesi,9.2,11.4,50.0
2026-09-08 19:00:00,Manado,Sulawesi Utara,Sulawesi,9.1,11.1,49.5
2026-09-08 20:00:00,Manado,Sulawesi Utara,Sulawesi,9.2,10.9,50.0
2026-09-08 21:00:00,Manado,Sulawesi Utara,Sulawesi,9.4,11.0,51.2
2026-09-08 22:00:00,Manado,Sulawesi Utara,Sulawesi,10.1,11.7,52.5
2026-09-08 23:00:00,Manado,Sulawesi Utara,Sulawesi,10.3,12.4,52.9
2026-09-09 00:00:00,Manado,Sulawesi Utara,Sulawesi,9.2,11.7,50.0
2026-09-09 01:00:00,Manado,Sulawesi Utara,Sulawesi,9.6,12.2,51.6
2026-09-09 02:00:00,Manado,Sulawesi Utara,Sulawesi,9.6,12.1,51.6
2026-09-09 03:00:00,Manado,Sulawesi Utara,Sulawesi,9.5,12.0,51.4
2026-09-09 04:00:00,Manado,Sulawesi Utara,Sulawesi,9.5,12.1,51.4
2026-09-09 05:00:00,Manado,Sulawesi Utara,Sulawesi,9.7,12.4,51.8
2026-09-09 06:00:00,Manado,Sulawesi Utara,Sulawesi,9.1,11.6,49.5
2026-09-09 07:00:00,Manado,Sulawesi Utara,Sulawesi,8.8,11.1,47.8
2026-09-09 08:00:00,Manado,Sulawesi Utara,Sulawesi,8.8,11.1,47.8
2026-09-09 09:00:00,Manado,Sulawesi Utara,Sulawesi,9.3,11.5,51.0
2026-09-09 10:00:00,Manado,Sulawesi Utara,Sulawesi,9.7,11.9,51.8
2026-09-09 11:00:00,Manado,Sulawesi Utara,Sulawesi,10.3,12.6,52.9
2026-09-09 12:00:00,Manado,Sulawesi Utara,Sulawesi,10.7,13.4,53.6
2026-09-09 13:00:00,Manado,Sulawesi Utara,Sulawesi,10.5,13.3,53.3
2026-09-09 14:00:00,Manado,Sulawesi Utara,Sulawesi,10.3,13.1,52.9
2026-09-09 15:00:00,Manado,Sulawesi Utara,Sulawesi,9.9,12.6,52.1
2026-09-09 16:00:00,Manado,Sulawesi Utara,Sulawesi,9.4,11.6,51.2
2026-09-09 17:00:00,Manado,Sulawesi Utara,Sulawesi,8.7,10.9,47.3
2026-09-09 18:00:00,Manado,Sulawesi Utara,Sulawesi,8.4,10.4,45.7
2026-09-09 19:00:00,Manado,Sulawesi Utara,Sulawesi,8.4,10.6,45.7
2026-09-09 20:00:00,Manado,Sulawesi Utara,Sulawesi,8.6,10.9,46.7
2026-09-09 21:00:00,Manado,Sulawesi Utara,Sulawesi,9.2,11.5,50.0
2026-09-09 22:00:00,Manado,Sulawesi Utara,Sulawesi,10.3,12.7,52.9
2026-09-09 23:00:00,Manado,Sulawesi Utara,Sulawesi,11.8,15.1,55.7
2026-09-10 00:00:00,Manado,Sulawesi Utara,Sulawesi,11.1,14.5,54.4
2026-09-10 01:00:00,Manado,Sulawesi Utara,Sulawesi,10.9,14.1,54.0
2026-09-10 02:00:00,Manado,Sulawesi Utara,Sulawesi,10.7,13.7,53.6
2026-09-10 03:00:00,Manado,Sulawesi Utara,Sulawesi,10.2,13.1,52.7
2026-09-10 04:00:00,Manado,Sulawesi Utara,Sulawesi,10.3,13.2,52.9
2026-09-10 05:00:00,Manado,Sulawesi Utara,Sulawesi,11.2,14.4,54.6
2026-09-10 06:00:00,Manado,Sulawesi Utara,Sulawesi,11.1,14.4,54.4
2026-09-10 07:00:00,Manado,Sulawesi Utara,Sulawesi,10.5,13.5,53.3
2026-09-10 08:00:00,Manado,Sulawesi Utara,Sulawesi,9.7,12.4,51.8
2026-09-10 09:00:00,Manado,Sulawesi Utara,Sulawesi,9.1,11.6,49.5
2026-09-10 10:00:00,Manado,Sulawesi Utara,Sulawesi,9.0,11.4,48.9
2026-09-10 11:00:00,Manado,Sulawesi Utara,Sulawesi,8.9,11.5,48.4
2026-09-10 12:00:00,Manado,Sulawesi Utara,Sulawesi,7.3,9.7,39.7
2026-09-10 13:00:00,Manado,Sulawesi Utara,Sulawesi,6.6,9.1,35.9
2026-09-10 14:00:00,Manado,Sulawesi Utara,Sulawesi,6.0,8.5,32.6
2026-09-10 15:00:00,Manado,Sulawesi Utara,Sulawesi,5.6,7.8,30.4
2026-09-10 16:00:00,Manado,Sulawesi Utara,Sulawesi,5.2,7.3,28.3
2026-09-10 17:00:00,Manado,Sulawesi Utara,Sulawesi,5.0,7.0,27.2
2026-09-10 18:00:00,Manado,Sulawesi Utara,Sulawesi,5.1,6.9,27.7
2026-09-10 19:00:00,Manado,Sulawesi Utara,Sulawesi,5.2,6.8,28.3
2026-09-10 20:00:00,Manado,Sulawesi Utara,Sulawesi,5.4,6.9,29.3
2026-09-10 21:00:00,Manado,Sulawesi Utara,Sulawesi,5.8,7.1,31.5
2026-09-10 22:00:00,Manado,Sulawesi Utara,Sulawesi,6.8,7.9,37.0
2026-09-10 23:00:00,Manado,Sulawesi Utara,Sulawesi,7.2,8.6,39.1
2026-09-11 00:00:00,Manado,Sulawesi Utara,Sulawesi,4.6,5.4,25.0
2026-09-11 01:00:00,Manado,Sulawesi Utara,Sulawesi,4.5,5.2,24.5
2026-09-11 02:00:00,Manado,Sulawesi Utara,Sulawesi,5.0,6.0,27.2
2026-09-11 03:00:00,Manado,Sulawesi Utara,Sulawesi,5.5,6.5,29.9
2026-09-11 04:00:00,Manado,Sulawesi Utara,Sulawesi,5.6,6.2,30.4
2026-09-11 05:00:00,Manado,Sulawesi Utara,Sulawesi,6.1,6.5,33.2
2026-09-11 06:00:00,Manado,Sulawesi Utara,Sulawesi,7.0,7.5,38.0
2026-09-11 07:00:00,Manado,Sulawesi Utara,Sulawesi,6.9,7.4,37.5
2026-09-11 08:00:00,Manado,Sulawesi Utara,Sulawesi,6.9,7.3,37.5
2026-09-11 09:00:00,Manado,Sulawesi Utara,Sulawesi,7.1,7.6,38.6
2026-09-11 10:00:00,Manado,Sulawesi Utara,Sulawesi,7.6,8.1,41.3
2026-09-11 11:00:00,Manado,Sulawesi Utara,Sulawesi,8.8,10.0,47.8
2026-09-11 12:00:00,Manado,Sulawesi Utara,Sulawesi,11.4,13.8,54.9
2026-09-11 13:00:00,Manado,Sulawesi Utara,Sulawesi,12.2,14.9,56.4
2026-09-11 14:00:00,Manado,Sulawesi Utara,Sulawesi,12.7,15.4,57.4
2026-09-11 15:00:00,Manado,Sulawesi Utara,Sulawesi,12.4,14.9,56.8
2026-09-11 16:00:00,Manado,Sulawesi Utara,Sulawesi,11.6,13.9,55.3
2026-09-11 17:00:00,Manado,Sulawesi Utara,Sulawesi,11.0,12.9,54.2
2026-09-11 18:00:00,Manado,Sulawesi Utara,Sulawesi,10.5,12.2,53.3
2026-09-11 19:00:00,Manado,Sulawesi Utara,Sulawesi,10.3,11.8,52.9
2026-09-11 20:00:00,Manado,Sulawesi Utara,Sulawesi,10.3,11.7,52.9
2026-09-11 21:00:00,Manado,Sulawesi Utara,Sulawesi,10.7,12.0,53.6
2026-09-11 22:00:00,Manado,Sulawesi Utara,Sulawesi,12.4,13.7,56.8
2026-09-11 23:00:00,Manado,Sulawesi Utara,Sulawesi,15.0,17.2,61.7
2026-09-12 00:00:00,Manado,Sulawesi Utara,Sulawesi,18.3,21.4,67.9
2026-09-12 01:00:00,Manado,Sulawesi Utara,Sulawesi,20.9,24.4,72.8
2026-09-12 02:00:00,Manado,Sulawesi Utara,Sulawesi,22.5,26.4,75.8
2026-09-12 03:00:00,Manado,Sulawesi Utara,Sulawesi,23.2,27.2,77.1
2026-09-12 04:00:00,Manado,Sulawesi Utara,Sulawesi,23.3,27.3,77.3
2026-09-12 05:00:00,Manado,Sulawesi Utara,Sulawesi,23.8,27.9,78.2
2026-09-12 06:00:00,Manado,Sulawesi Utara,Sulawesi,23.5,27.5,77.7
2026-09-12 07:00:00,Manado,Sulawesi Utara,Sulawesi,23.1,26.8,76.9
2026-09-12 08:00:00,Manado,Sulawesi Utara,Sulawesi,22.6,26.1,76.0
2026-09-12 09:00:00,Manado,Sulawesi Utara,Sulawesi,22.5,26.0,75.8
2026-09-12 10:00:00,Manado,Sulawesi Utara,Sulawesi,22.6,26.1,76.0
2026-09-12 11:00:00,Manado,Sulawesi Utara,Sulawesi,22.5,26.0,75.8
2026-09-12 12:00:00,Manado,Sulawesi Utara,Sulawesi,18.0,21.1,67.3
2026-09-12 13:00:00,Manado,Sulawesi Utara,Sulawesi,17.6,20.5,66.6
2026-09-12 14:00:00,Manado,Sulawesi Utara,Sulawesi,17.8,20.5,67.0
2026-09-12 15:00:00,Manado,Sulawesi Utara,Sulawesi,17.6,20.0,66.6
2026-09-12 16:00:00,Manado,Sulawesi Utara,Sulawesi,16.9,19.0,65.3
2026-09-12 17:00:00,Manado,Sulawesi Utara,Sulawesi,16.2,18.1,64.0
2026-09-12 18:00:00,Manado,Sulawesi Utara,Sulawesi,15.7,17.3,63.0
2026-09-12 19:00:00,Manado,Sulawesi Utara,Sulawesi,15.2,16.7,62.1
2026-09-12 20:00:00,Manado,Sulawesi Utara,Sulawesi,15.0,16.4,61.7
2026-09-12 21:00:00,Manado,Sulawesi Utara,Sulawesi,15.2,16.5,62.1
2026-09-12 22:00:00,Manado,Sulawesi Utara,Sulawesi,16.4,17.7,64.3
2026-09-12 23:00:00,Manado,Sulawesi Utara,Sulawesi,17.1,18.8,65.6
2026-09-13 00:00:00,Manado,Sulawesi Utara,Sulawesi,19.0,21.7,69.2
2026-09-13 01:00:00,Manado,Sulawesi Utara,Sulawesi,19.4,22.4,70.0
2026-09-13 02:00:00,Manado,Sulawesi Utara,Sulawesi,19.3,22.4,69.8
2026-09-13 03:00:00,Manado,Sulawesi Utara,Sulawesi,19.3,22.4,69.8
2026-09-13 04:00:00,Manado,Sulawesi Utara,Sulawesi,19.0,22.2,69.2
2026-09-13 05:00:00,Manado,Sulawesi Utara,Sulawesi,18.7,21.8,68.6
2026-09-13 06:00:00,Manado,Sulawesi Utara,Sulawesi,18.9,22.1,69.0
2026-09-13 07:00:00,Manado,Sulawesi Utara,Sulawesi,19.7,23.1,70.5
2026-09-13 08:00:00,Manado,Sulawesi Utara,Sulawesi,20.9,24.5,72.8
2026-09-13 09:00:00,Manado,Sulawesi Utara,Sulawesi,22.2,26.0,75.2
2026-09-13 10:00:00,Manado,Sulawesi Utara,Sulawesi,21.9,25.9,74.7
2026-09-13 11:00:00,Manado,Sulawesi Utara,Sulawesi,19.7,23.9,70.5
2026-09-13 12:00:00,Manado,Sulawesi Utara,Sulawesi,21.8,26.8,74.5
2026-09-13 13:00:00,Manado,Sulawesi Utara,Sulawesi,20.2,25.5,71.5
2026-09-13 14:00:00,Manado,Sulawesi Utara,Sulawesi,18.9,24.3,69.0
2026-09-13 15:00:00,Manado,Sulawesi Utara,Sulawesi,16.2,21.1,64.0
2026-09-13 16:00:00,Manado,Sulawesi Utara,Sulawesi,13.5,18.1,58.9
2026-09-13 17:00:00,Manado,Sulawesi Utara,Sulawesi,11.2,15.3,54.6
2026-09-13 18:00:00,Manado,Sulawesi Utara,Sulawesi,9.3,12.7,51.0
2026-09-13 19:00:00,Manado,Sulawesi Utara,Sulawesi,8.0,10.9,43.5
2026-09-13 20:00:00,Manado,Sulawesi Utara,Sulawesi,7.4,10.0,40.2
2026-09-13 21:00:00,Manado,Sulawesi Utara,Sulawesi,7.3,9.9,39.7
2026-09-13 22:00:00,Manado,Sulawesi Utara,Sulawesi,8.3,10.9,45.1
2026-09-13 23:00:00,Manado,Sulawesi Utara,Sulawesi,10.1,13.8,52.5
2026-09-14 00:00:00,Manado,Sulawesi Utara,Sulawesi,8.2,11.2,44.6
2026-09-14 01:00:00,Manado,Sulawesi Utara,Sulawesi,9.5,12.6,51.4
2026-09-14 02:00:00,Manado,Sulawesi Utara,Sulawesi,10.4,13.7,53.1
2026-09-14 03:00:00,Manado,Sulawesi Utara,Sulawesi,11.4,14.7,54.9
2026-09-14 04:00:00,Manado,Sulawesi Utara,Sulawesi,11.7,15.1,55.5
2026-09-14 05:00:00,Manado,Sulawesi Utara,Sulawesi,12.2,15.6,56.4
2026-09-14 06:00:00,Manado,Sulawesi Utara,Sulawesi,12.5,15.8,57.0
2026-09-14 07:00:00,Manado,Sulawesi Utara,Sulawesi,12.6,15.9,57.2
2026-09-14 08:00:00,Manado,Sulawesi Utara,Sulawesi,12.7,15.9,57.4
2026-09-14 09:00:00,Manado,Sulawesi Utara,Sulawesi,12.8,16.1,57.6
2026-09-14 10:00:00,Manado,Sulawesi Utara,Sulawesi,12.8,16.0,57.6
2026-09-14 11:00:00,Manado,Sulawesi Utara,Sulawesi,12.7,15.9,57.4
2026-09-14 12:00:00,Manado,Sulawesi Utara,Sulawesi,12.5,17.3,57.0
2026-09-14 13:00:00,Manado,Sulawesi Utara,Sulawesi,12.5,17.8,57.0
2026-09-14 14:00:00,Manado,Sulawesi Utara,Sulawesi,12.7,18.0,57.4
2026-09-14 15:00:00,Manado,Sulawesi Utara,Sulawesi,12.3,17.2,56.6
2026-09-14 16:00:00,Manado,Sulawesi Utara,Sulawesi,11.1,15.4,54.4
2026-09-14 17:00:00,Manado,Sulawesi Utara,Sulawesi,10.2,13.7,52.7
2026-09-14 18:00:00,Manado,Sulawesi Utara,Sulawesi,9.8,12.7,51.9
2026-09-14 19:00:00,Manado,Sulawesi Utara,Sulawesi,9.9,12.5,52.1
2026-09-14 20:00:00,Manado,Sulawesi Utara,Sulawesi,10.3,12.8,52.9
2026-09-14 21:00:00,Manado,Sulawesi Utara,Sulawesi,11.1,13.4,54.4
2026-09-14 22:00:00,Manado,Sulawesi Utara,Sulawesi,12.7,15.1,57.4
2026-09-14 23:00:00,Manado,Sulawesi Utara,Sulawesi,14.9,18.6,61.5
2026-09-15 00:00:00,Manado,Sulawesi Utara,Sulawesi,18.9,25.4,69.0
2026-09-15 01:00:00,Manado,Sulawesi Utara,Sulawesi,19.3,25.7,69.8
2026-09-15 02:00:00,Manado,Sulawesi Utara,Sulawesi,19.6,25.5,70.3
2026-09-15 03:00:00,Manado,Sulawesi Utara,Sulawesi,21.1,26.8,73.2
2026-09-15 04:00:00,Manado,Sulawesi Utara,Sulawesi,23.3,29.0,77.3
2026-09-15 05:00:00,Manado,Sulawesi Utara,Sulawesi,24.2,29.9,79.0
2026-09-15 06:00:00,Manado,Sulawesi Utara,Sulawesi,24.6,30.4,79.7
2026-09-15 07:00:00,Manado,Sulawesi Utara,Sulawesi,24.6,30.5,79.7
2026-09-15 08:00:00,Manado,Sulawesi Utara,Sulawesi,23.7,29.6,78.0
2026-09-15 09:00:00,Manado,Sulawesi Utara,Sulawesi,23.1,28.9,76.9
2026-09-15 10:00:00,Manado,Sulawesi Utara,Sulawesi,23.0,28.8,76.7
2026-09-15 11:00:00,Manado,Sulawesi Utara,Sulawesi,22.6,28.3,76.0
2026-09-15 12:00:00,Manado,Sulawesi Utara,Sulawesi,14.2,18.2,60.2
2026-09-15 13:00:00,Manado,Sulawesi Utara,Sulawesi,12.9,16.8,57.8
2026-09-15 14:00:00,Manado,Sulawesi Utara,Sulawesi,12.2,15.8,56.4
2026-09-15 15:00:00,Manado,Sulawesi Utara,Sulawesi,12.0,15.2,56.1
2026-09-15 16:00:00,Manado,Sulawesi Utara,Sulawesi,11.6,14.5,55.3
2026-09-15 17:00:00,Manado,Sulawesi Utara,Sulawesi,11.1,13.6,54.4
2026-09-15 18:00:00,Manado,Sulawesi Utara,Sulawesi,10.8,13.0,53.8
2026-09-15 19:00:00,Manado,Sulawesi Utara,Sulawesi,10.7,12.7,53.6
2026-09-15 20:00:00,Manado,Sulawesi Utara,Sulawesi,10.5,12.7,53.3
2026-09-15 21:00:00,Manado,Sulawesi Utara,Sulawesi,10.5,12.7,53.3
2026-09-15 22:00:00,Manado,Sulawesi Utara,Sulawesi,11.6,13.9,55.3
2026-09-15 23:00:00,Manado,Sulawesi Utara,Sulawesi,13.1,16.1,58.1
2026-09-16 00:00:00,Manado,Sulawesi Utara,Sulawesi,14.7,18.7,61.1
2026-09-16 01:00:00,Manado,Sulawesi Utara,Sulawesi,17.1,21.1,65.6
2026-09-16 02:00:00,Manado,Sulawesi Utara,Sulawesi,19.6,23.7,70.3
2026-09-16 03:00:00,Manado,Sulawesi Utara,Sulawesi,22.3,26.5,75.4
2026-09-16 04:00:00,Manado,Sulawesi Utara,Sulawesi,23.6,27.9,77.8
2026-09-16 05:00:00,Manado,Sulawesi Utara,Sulawesi,24.9,29.3,80.3
2026-09-16 06:00:00,Manado,Sulawesi Utara,Sulawesi,23.6,28.2,77.8
2026-09-16 07:00:00,Manado,Sulawesi Utara,Sulawesi,21.9,26.4,74.7
2026-09-16 08:00:00,Manado,Sulawesi Utara,Sulawesi,21.0,25.4,73.0
2026-09-16 09:00:00,Manado,Sulawesi Utara,Sulawesi,20.6,25.0,72.2
2026-09-16 10:00:00,Manado,Sulawesi Utara,Sulawesi,20.5,24.9,72.0
2026-09-16 11:00:00,Manado,Sulawesi Utara,Sulawesi,20.8,25.2,72.6
2026-09-16 12:00:00,Manado,Sulawesi Utara,Sulawesi,20.8,25.3,72.6
2026-09-16 13:00:00,Manado,Sulawesi Utara,Sulawesi,20.2,24.7,71.5
2026-09-16 14:00:00,Manado,Sulawesi Utara,Sulawesi,19.0,23.5,69.2
2026-09-16 15:00:00,Manado,Sulawesi Utara,Sulawesi,17.7,22.2,66.8
2026-09-16 16:00:00,Manado,Sulawesi Utara,Sulawesi,17.0,21.4,65.5
2026-09-16 17:00:00,Manado,Sulawesi Utara,Sulawesi,16.1,20.1,63.8
2026-09-16 18:00:00,Manado,Sulawesi Utara,Sulawesi,15.1,18.6,61.9
2026-09-16 19:00:00,Manado,Sulawesi Utara,Sulawesi,14.0,17.3,59.8
2026-09-16 20:00:00,Manado,Sulawesi Utara,Sulawesi,13.1,16.2,58.1
2026-09-16 21:00:00,Manado,Sulawesi Utara,Sulawesi,12.7,15.8,57.4
2026-09-16 22:00:00,Manado,Sulawesi Utara,Sulawesi,13.3,16.5,58.5
2026-09-16 23:00:00,Manado,Sulawesi Utara,Sulawesi,13.8,18.1,59.4
2026-09-07 00:00:00,Palu,Sulawesi Tengah,Sulawesi,25.0,28.6,80.5
2026-09-07 01:00:00,Palu,Sulawesi Tengah,Sulawesi,22.4,25.8,75.6
2026-09-07 02:00:00,Palu,Sulawesi Tengah,Sulawesi,21.2,24.5,73.3
2026-09-07 03:00:00,Palu,Sulawesi Tengah,Sulawesi,20.1,23.3,71.3
2026-09-07 04:00:00,Palu,Sulawesi Tengah,Sulawesi,19.1,22.2,69.4
2026-09-07 05:00:00,Palu,Sulawesi Tengah,Sulawesi,17.9,20.8,67.1
2026-09-07 06:00:00,Palu,Sulawesi Tengah,Sulawesi,17.1,20.0,65.6
2026-09-07 07:00:00,Palu,Sulawesi Tengah,Sulawesi,16.5,19.4,64.5
2026-09-07 08:00:00,Palu,Sulawesi Tengah,Sulawesi,15.9,18.7,63.4
2026-09-07 09:00:00,Palu,Sulawesi Tengah,Sulawesi,17.6,20.3,66.6
2026-09-07 10:00:00,Palu,Sulawesi Tengah,Sulawesi,17.9,20.3,67.1
2026-09-07 11:00:00,Palu,Sulawesi Tengah,Sulawesi,21.7,23.6,74.3
2026-09-07 12:00:00,Palu,Sulawesi Tengah,Sulawesi,34.6,37.7,98.5
2026-09-07 13:00:00,Palu,Sulawesi Tengah,Sulawesi,36.4,39.1,103.2
2026-09-07 14:00:00,Palu,Sulawesi Tengah,Sulawesi,37.1,39.5,104.9
2026-09-07 15:00:00,Palu,Sulawesi Tengah,Sulawesi,37.6,39.6,106.2
2026-09-07 16:00:00,Palu,Sulawesi Tengah,Sulawesi,36.7,38.4,104.0
2026-09-07 17:00:00,Palu,Sulawesi Tengah,Sulawesi,36.0,37.6,102.2
2026-09-07 18:00:00,Palu,Sulawesi Tengah,Sulawesi,34.6,36.2,98.5
2026-09-07 19:00:00,Palu,Sulawesi Tengah,Sulawesi,33.4,35.0,96.2
2026-09-07 20:00:00,Palu,Sulawesi Tengah,Sulawesi,30.4,32.0,90.6
2026-09-07 21:00:00,Palu,Sulawesi Tengah,Sulawesi,28.7,30.3,87.4
2026-09-07 22:00:00,Palu,Sulawesi Tengah,Sulawesi,27.8,29.5,85.7
2026-09-07 23:00:00,Palu,Sulawesi Tengah,Sulawesi,29.2,31.2,88.4
2026-09-08 00:00:00,Palu,Sulawesi Tengah,Sulawesi,29.2,32.9,88.4
2026-09-08 01:00:00,Palu,Sulawesi Tengah,Sulawesi,24.4,28.1,79.3
2026-09-08 02:00:00,Palu,Sulawesi Tengah,Sulawesi,22.7,26.0,76.2
2026-09-08 03:00:00,Palu,Sulawesi Tengah,Sulawesi,21.5,24.6,73.9
2026-09-08 04:00:00,Palu,Sulawesi Tengah,Sulawesi,21.0,23.9,73.0
2026-09-08 05:00:00,Palu,Sulawesi Tengah,Sulawesi,19.6,22.3,70.3
2026-09-08 06:00:00,Palu,Sulawesi Tengah,Sulawesi,18.3,20.7,67.9
2026-09-08 07:00:00,Palu,Sulawesi Tengah,Sulawesi,17.1,19.4,65.6
2026-09-08 08:00:00,Palu,Sulawesi Tengah,Sulawesi,17.1,19.2,65.6
2026-09-08 09:00:00,Palu,Sulawesi Tengah,Sulawesi,18.9,20.8,69.0
2026-09-08 10:00:00,Palu,Sulawesi Tengah,Sulawesi,21.7,23.2,74.3
2026-09-08 11:00:00,Palu,Sulawesi Tengah,Sulawesi,17.5,18.3,66.4
2026-09-08 12:00:00,Palu,Sulawesi Tengah,Sulawesi,23.1,24.4,76.9
2026-09-08 13:00:00,Palu,Sulawesi Tengah,Sulawesi,23.2,24.3,77.1
2026-09-08 14:00:00,Palu,Sulawesi Tengah,Sulawesi,20.3,21.2,71.7
2026-09-08 15:00:00,Palu,Sulawesi Tengah,Sulawesi,19.3,20.2,69.8
2026-09-08 16:00:00,Palu,Sulawesi Tengah,Sulawesi,20.7,21.5,72.4
2026-09-08 17:00:00,Palu,Sulawesi Tengah,Sulawesi,21.5,22.5,73.9
2026-09-08 18:00:00,Palu,Sulawesi Tengah,Sulawesi,18.9,19.8,69.0
2026-09-08 19:00:00,Palu,Sulawesi Tengah,Sulawesi,15.7,16.4,63.0
2026-09-08 20:00:00,Palu,Sulawesi Tengah,Sulawesi,15.0,15.7,61.7
2026-09-08 21:00:00,Palu,Sulawesi Tengah,Sulawesi,15.9,16.8,63.4
2026-09-08 22:00:00,Palu,Sulawesi Tengah,Sulawesi,16.5,17.3,64.5
2026-09-08 23:00:00,Palu,Sulawesi Tengah,Sulawesi,18.9,19.9,69.0
2026-09-09 00:00:00,Palu,Sulawesi Tengah,Sulawesi,21.0,23.0,73.0
2026-09-09 01:00:00,Palu,Sulawesi Tengah,Sulawesi,19.8,22.1,70.7
2026-09-09 02:00:00,Palu,Sulawesi Tengah,Sulawesi,17.8,20.0,67.0
2026-09-09 03:00:00,Palu,Sulawesi Tengah,Sulawesi,17.3,19.6,66.0
2026-09-09 04:00:00,Palu,Sulawesi Tengah,Sulawesi,16.5,18.7,64.5
2026-09-09 05:00:00,Palu,Sulawesi Tengah,Sulawesi,15.4,17.6,62.5
2026-09-09 06:00:00,Palu,Sulawesi Tengah,Sulawesi,13.9,15.9,59.6
2026-09-09 07:00:00,Palu,Sulawesi Tengah,Sulawesi,12.8,15.0,57.6
2026-09-09 08:00:00,Palu,Sulawesi Tengah,Sulawesi,12.5,14.8,57.0
2026-09-09 09:00:00,Palu,Sulawesi Tengah,Sulawesi,12.2,14.1,56.4
2026-09-09 10:00:00,Palu,Sulawesi Tengah,Sulawesi,15.1,16.5,61.9
2026-09-09 11:00:00,Palu,Sulawesi Tengah,Sulawesi,12.6,13.6,57.2
2026-09-09 12:00:00,Palu,Sulawesi Tengah,Sulawesi,17.2,18.7,65.8
2026-09-09 13:00:00,Palu,Sulawesi Tengah,Sulawesi,16.1,17.2,63.8
2026-09-09 14:00:00,Palu,Sulawesi Tengah,Sulawesi,12.9,13.7,57.8
2026-09-09 15:00:00,Palu,Sulawesi Tengah,Sulawesi,10.9,11.5,54.0
2026-09-09 16:00:00,Palu,Sulawesi Tengah,Sulawesi,11.8,12.3,55.7
2026-09-09 17:00:00,Palu,Sulawesi Tengah,Sulawesi,13.0,13.6,57.9
2026-09-09 18:00:00,Palu,Sulawesi Tengah,Sulawesi,13.9,14.5,59.6
2026-09-09 19:00:00,Palu,Sulawesi Tengah,Sulawesi,14.6,15.4,61.0
2026-09-09 20:00:00,Palu,Sulawesi Tengah,Sulawesi,15.3,16.1,62.3
2026-09-09 21:00:00,Palu,Sulawesi Tengah,Sulawesi,16.2,17.2,64.0
2026-09-09 22:00:00,Palu,Sulawesi Tengah,Sulawesi,17.6,18.7,66.6
2026-09-09 23:00:00,Palu,Sulawesi Tengah,Sulawesi,19.0,20.5,69.2
2026-09-10 00:00:00,Palu,Sulawesi Tengah,Sulawesi,19.3,21.4,69.8
2026-09-10 01:00:00,Palu,Sulawesi Tengah,Sulawesi,14.8,17.6,61.3
2026-09-10 02:00:00,Palu,Sulawesi Tengah,Sulawesi,14.2,17.3,60.2
2026-09-10 03:00:00,Palu,Sulawesi Tengah,Sulawesi,14.4,17.5,60.6
2026-09-10 04:00:00,Palu,Sulawesi Tengah,Sulawesi,14.9,17.8,61.5
2026-09-10 05:00:00,Palu,Sulawesi Tengah,Sulawesi,15.4,18.3,62.5
2026-09-10 06:00:00,Palu,Sulawesi Tengah,Sulawesi,15.9,18.8,63.4
2026-09-10 07:00:00,Palu,Sulawesi Tengah,Sulawesi,16.5,19.4,64.5
2026-09-10 08:00:00,Palu,Sulawesi Tengah,Sulawesi,16.5,19.6,64.5
2026-09-10 09:00:00,Palu,Sulawesi Tengah,Sulawesi,17.4,20.7,66.2
2026-09-10 10:00:00,Palu,Sulawesi Tengah,Sulawesi,19.7,22.6,70.5
2026-09-10 11:00:00,Palu,Sulawesi Tengah,Sulawesi,22.4,24.9,75.6
2026-09-10 12:00:00,Palu,Sulawesi Tengah,Sulawesi,36.0,40.0,102.2
2026-09-10 13:00:00,Palu,Sulawesi Tengah,Sulawesi,38.5,42.4,108.4
2026-09-10 14:00:00,Palu,Sulawesi Tengah,Sulawesi,38.8,42.3,109.1
2026-09-10 15:00:00,Palu,Sulawesi Tengah,Sulawesi,37.1,40.5,104.9
2026-09-10 16:00:00,Palu,Sulawesi Tengah,Sulawesi,28.2,31.2,86.5
2026-09-10 17:00:00,Palu,Sulawesi Tengah,Sulawesi,19.6,22.2,70.3
2026-09-10 18:00:00,Palu,Sulawesi Tengah,Sulawesi,16.8,19.4,65.1
2026-09-10 19:00:00,Palu,Sulawesi Tengah,Sulawesi,15.4,17.9,62.5
2026-09-10 20:00:00,Palu,Sulawesi Tengah,Sulawesi,13.3,15.7,58.5
2026-09-10 21:00:00,Palu,Sulawesi Tengah,Sulawesi,13.9,16.5,59.6
2026-09-10 22:00:00,Palu,Sulawesi Tengah,Sulawesi,13.3,15.6,58.5
2026-09-10 23:00:00,Palu,Sulawesi Tengah,Sulawesi,15.4,17.8,62.5
2026-09-11 00:00:00,Palu,Sulawesi Tengah,Sulawesi,10.1,12.6,52.5
2026-09-11 01:00:00,Palu,Sulawesi Tengah,Sulawesi,11.9,14.7,55.9
2026-09-11 02:00:00,Palu,Sulawesi Tengah,Sulawesi,12.7,15.6,57.4
2026-09-11 03:00:00,Palu,Sulawesi Tengah,Sulawesi,13.3,16.2,58.5
2026-09-11 04:00:00,Palu,Sulawesi Tengah,Sulawesi,12.5,15.2,57.0
2026-09-11 05:00:00,Palu,Sulawesi Tengah,Sulawesi,11.9,14.5,55.9
2026-09-11 06:00:00,Palu,Sulawesi Tengah,Sulawesi,11.8,14.4,55.7
2026-09-11 07:00:00,Palu,Sulawesi Tengah,Sulawesi,12.0,14.7,56.1
2026-09-11 08:00:00,Palu,Sulawesi Tengah,Sulawesi,12.9,15.5,57.8
2026-09-11 09:00:00,Palu,Sulawesi Tengah,Sulawesi,13.6,16.2,59.1
2026-09-11 10:00:00,Palu,Sulawesi Tengah,Sulawesi,14.9,17.4,61.5
2026-09-11 11:00:00,Palu,Sulawesi Tengah,Sulawesi,14.9,16.8,61.5
2026-09-11 12:00:00,Palu,Sulawesi Tengah,Sulawesi,30.2,33.9,90.2
2026-09-11 13:00:00,Palu,Sulawesi Tengah,Sulawesi,30.3,33.4,90.4
2026-09-11 14:00:00,Palu,Sulawesi Tengah,Sulawesi,31.7,34.7,93.1
2026-09-11 15:00:00,Palu,Sulawesi Tengah,Sulawesi,31.5,34.5,92.7
2026-09-11 16:00:00,Palu,Sulawesi Tengah,Sulawesi,29.7,32.5,89.3
2026-09-11 17:00:00,Palu,Sulawesi Tengah,Sulawesi,27.3,29.7,84.8
2026-09-11 18:00:00,Palu,Sulawesi Tengah,Sulawesi,24.4,26.6,79.3
2026-09-11 19:00:00,Palu,Sulawesi Tengah,Sulawesi,22.0,23.9,74.8
2026-09-11 20:00:00,Palu,Sulawesi Tengah,Sulawesi,20.8,22.6,72.6
2026-09-11 21:00:00,Palu,Sulawesi Tengah,Sulawesi,20.6,22.4,72.2
2026-09-11 22:00:00,Palu,Sulawesi Tengah,Sulawesi,21.2,23.0,73.3
2026-09-11 23:00:00,Palu,Sulawesi Tengah,Sulawesi,24.4,26.3,79.3
2026-09-12 00:00:00,Palu,Sulawesi Tengah,Sulawesi,9.9,12.3,52.1
2026-09-12 01:00:00,Palu,Sulawesi Tengah,Sulawesi,13.5,16.5,58.9
2026-09-12 02:00:00,Palu,Sulawesi Tengah,Sulawesi,14.4,17.6,60.6
2026-09-12 03:00:00,Palu,Sulawesi Tengah,Sulawesi,14.7,17.8,61.1
2026-09-12 04:00:00,Palu,Sulawesi Tengah,Sulawesi,14.8,17.9,61.3
2026-09-12 05:00:00,Palu,Sulawesi Tengah,Sulawesi,14.5,17.5,60.8
2026-09-12 06:00:00,Palu,Sulawesi Tengah,Sulawesi,20.2,24.3,71.5
2026-09-12 07:00:00,Palu,Sulawesi Tengah,Sulawesi,14.7,17.6,61.1
2026-09-12 08:00:00,Palu,Sulawesi Tengah,Sulawesi,15.1,18.1,61.9
2026-09-12 09:00:00,Palu,Sulawesi Tengah,Sulawesi,15.3,18.3,62.3
2026-09-12 10:00:00,Palu,Sulawesi Tengah,Sulawesi,17.5,20.4,66.4
2026-09-12 11:00:00,Palu,Sulawesi Tengah,Sulawesi,20.8,23.2,72.6
2026-09-12 12:00:00,Palu,Sulawesi Tengah,Sulawesi,33.2,36.7,95.9
2026-09-12 13:00:00,Palu,Sulawesi Tengah,Sulawesi,34.8,37.7,98.9
2026-09-12 14:00:00,Palu,Sulawesi Tengah,Sulawesi,33.6,36.2,96.6
2026-09-12 15:00:00,Palu,Sulawesi Tengah,Sulawesi,31.5,33.6,92.7
2026-09-12 16:00:00,Palu,Sulawesi Tengah,Sulawesi,30.3,32.0,90.4
2026-09-12 17:00:00,Palu,Sulawesi Tengah,Sulawesi,29.5,31.2,88.9
2026-09-12 18:00:00,Palu,Sulawesi Tengah,Sulawesi,28.9,30.6,87.8
2026-09-12 19:00:00,Palu,Sulawesi Tengah,Sulawesi,28.3,29.9,86.7
2026-09-12 20:00:00,Palu,Sulawesi Tengah,Sulawesi,27.6,29.2,85.4
2026-09-12 21:00:00,Palu,Sulawesi Tengah,Sulawesi,26.6,28.2,83.5
2026-09-12 22:00:00,Palu,Sulawesi Tengah,Sulawesi,26.1,27.7,82.5
2026-09-12 23:00:00,Palu,Sulawesi Tengah,Sulawesi,28.0,29.7,86.1
2026-09-13 00:00:00,Palu,Sulawesi Tengah,Sulawesi,21.6,25.4,74.1
2026-09-13 01:00:00,Palu,Sulawesi Tengah,Sulawesi,20.4,24.3,71.8
2026-09-13 02:00:00,Palu,Sulawesi Tengah,Sulawesi,19.9,23.6,70.9
2026-09-13 03:00:00,Palu,Sulawesi Tengah,Sulawesi,19.4,22.9,70.0
2026-09-13 04:00:00,Palu,Sulawesi Tengah,Sulawesi,19.3,22.7,69.8
2026-09-13 05:00:00,Palu,Sulawesi Tengah,Sulawesi,18.5,21.7,68.3
2026-09-13 06:00:00,Palu,Sulawesi Tengah,Sulawesi,17.4,20.3,66.2
2026-09-13 07:00:00,Palu,Sulawesi Tengah,Sulawesi,16.8,19.6,65.1
2026-09-13 08:00:00,Palu,Sulawesi Tengah,Sulawesi,15.6,18.5,62.8
2026-09-13 09:00:00,Palu,Sulawesi Tengah,Sulawesi,14.0,16.4,59.8
2026-09-13 10:00:00,Palu,Sulawesi Tengah,Sulawesi,14.7,16.6,61.1
2026-09-13 11:00:00,Palu,Sulawesi Tengah,Sulawesi,17.4,19.1,66.2
2026-09-13 12:00:00,Palu,Sulawesi Tengah,Sulawesi,18.0,19.9,67.3
2026-09-13 13:00:00,Palu,Sulawesi Tengah,Sulawesi,19.6,21.3,70.3
2026-09-13 14:00:00,Palu,Sulawesi Tengah,Sulawesi,21.0,22.8,73.0
2026-09-13 15:00:00,Palu,Sulawesi Tengah,Sulawesi,22.2,24.0,75.2
2026-09-13 16:00:00,Palu,Sulawesi Tengah,Sulawesi,22.2,24.0,75.2
2026-09-13 17:00:00,Palu,Sulawesi Tengah,Sulawesi,22.2,24.0,75.2
2026-09-13 18:00:00,Palu,Sulawesi Tengah,Sulawesi,22.5,24.3,75.8
2026-09-13 19:00:00,Palu,Sulawesi Tengah,Sulawesi,22.9,24.6,76.5
2026-09-13 20:00:00,Palu,Sulawesi Tengah,Sulawesi,23.5,25.3,77.7
2026-09-13 21:00:00,Palu,Sulawesi Tengah,Sulawesi,24.2,26.1,79.0
2026-09-13 22:00:00,Palu,Sulawesi Tengah,Sulawesi,25.1,27.1,80.7
2026-09-13 23:00:00,Palu,Sulawesi Tengah,Sulawesi,27.0,28.9,84.2
2026-09-14 00:00:00,Palu,Sulawesi Tengah,Sulawesi,19.6,22.5,70.3
2026-09-14 01:00:00,Palu,Sulawesi Tengah,Sulawesi,20.5,24.1,72.0
2026-09-14 02:00:00,Palu,Sulawesi Tengah,Sulawesi,21.0,24.6,73.0
2026-09-14 03:00:00,Palu,Sulawesi Tengah,Sulawesi,21.2,25.0,73.3
2026-09-14 04:00:00,Palu,Sulawesi Tengah,Sulawesi,21.3,25.0,73.5
2026-09-14 05:00:00,Palu,Sulawesi Tengah,Sulawesi,21.1,25.1,73.2
2026-09-14 06:00:00,Palu,Sulawesi Tengah,Sulawesi,20.3,24.2,71.7
2026-09-14 07:00:00,Palu,Sulawesi Tengah,Sulawesi,18.9,22.5,69.0
2026-09-14 08:00:00,Palu,Sulawesi Tengah,Sulawesi,17.6,21.2,66.6
2026-09-14 09:00:00,Palu,Sulawesi Tengah,Sulawesi,17.5,21.4,66.4
2026-09-14 10:00:00,Palu,Sulawesi Tengah,Sulawesi,19.6,23.5,70.3
2026-09-14 11:00:00,Palu,Sulawesi Tengah,Sulawesi,25.6,29.2,81.6
2026-09-14 12:00:00,Palu,Sulawesi Tengah,Sulawesi,31.7,35.4,93.1
2026-09-14 13:00:00,Palu,Sulawesi Tengah,Sulawesi,34.6,38.0,98.5
2026-09-14 14:00:00,Palu,Sulawesi Tengah,Sulawesi,33.6,36.6,96.6
2026-09-14 15:00:00,Palu,Sulawesi Tengah,Sulawesi,31.7,34.1,93.1
2026-09-14 16:00:00,Palu,Sulawesi Tengah,Sulawesi,29.7,31.9,89.3
2026-09-14 17:00:00,Palu,Sulawesi Tengah,Sulawesi,28.3,30.4,86.7
2026-09-14 18:00:00,Palu,Sulawesi Tengah,Sulawesi,25.6,27.5,81.6
2026-09-14 19:00:00,Palu,Sulawesi Tengah,Sulawesi,24.6,26.4,79.7
2026-09-14 20:00:00,Palu,Sulawesi Tengah,Sulawesi,23.8,25.7,78.2
2026-09-14 21:00:00,Palu,Sulawesi Tengah,Sulawesi,23.3,25.2,77.3
2026-09-14 22:00:00,Palu,Sulawesi Tengah,Sulawesi,23.6,25.5,77.8
2026-09-14 23:00:00,Palu,Sulawesi Tengah,Sulawesi,26.7,28.8,83.7
2026-09-15 00:00:00,Palu,Sulawesi Tengah,Sulawesi,25.9,31.1,82.2
2026-09-15 01:00:00,Palu,Sulawesi Tengah,Sulawesi,24.6,29.4,79.7
2026-09-15 02:00:00,Palu,Sulawesi Tengah,Sulawesi,24.0,28.5,78.6
2026-09-15 03:00:00,Palu,Sulawesi Tengah,Sulawesi,23.6,27.9,77.8
2026-09-15 04:00:00,Palu,Sulawesi Tengah,Sulawesi,23.3,27.4,77.3
2026-09-15 05:00:00,Palu,Sulawesi Tengah,Sulawesi,22.1,26.0,75.0
2026-09-15 06:00:00,Palu,Sulawesi Tengah,Sulawesi,26.8,31.8,83.9
2026-09-15 07:00:00,Palu,Sulawesi Tengah,Sulawesi,23.9,28.6,78.4
2026-09-15 08:00:00,Palu,Sulawesi Tengah,Sulawesi,23.0,27.8,76.7
2026-09-15 09:00:00,Palu,Sulawesi Tengah,Sulawesi,21.9,26.5,74.7
2026-09-15 10:00:00,Palu,Sulawesi Tengah,Sulawesi,23.3,27.4,77.3
2026-09-15 11:00:00,Palu,Sulawesi Tengah,Sulawesi,28.6,32.1,87.2
2026-09-15 12:00:00,Palu,Sulawesi Tengah,Sulawesi,33.3,37.4,96.1
2026-09-15 13:00:00,Palu,Sulawesi Tengah,Sulawesi,37.6,41.6,106.2
2026-09-15 14:00:00,Palu,Sulawesi Tengah,Sulawesi,37.5,41.3,105.9
2026-09-15 15:00:00,Palu,Sulawesi Tengah,Sulawesi,34.0,37.4,97.4
2026-09-15 16:00:00,Palu,Sulawesi Tengah,Sulawesi,29.7,33.1,89.3
2026-09-15 17:00:00,Palu,Sulawesi Tengah,Sulawesi,15.7,18.4,63.0
2026-09-15 18:00:00,Palu,Sulawesi Tengah,Sulawesi,12.2,14.8,56.4
2026-09-15 19:00:00,Palu,Sulawesi Tengah,Sulawesi,9.3,11.5,51.0
2026-09-15 20:00:00,Palu,Sulawesi Tengah,Sulawesi,10.5,12.8,53.3
2026-09-15 21:00:00,Palu,Sulawesi Tengah,Sulawesi,11.4,13.8,54.9
2026-09-15 22:00:00,Palu,Sulawesi Tengah,Sulawesi,13.9,16.4,59.6
2026-09-15 23:00:00,Palu,Sulawesi Tengah,Sulawesi,17.7,20.5,66.8
2026-09-16 00:00:00,Palu,Sulawesi Tengah,Sulawesi,20.1,24.2,71.3
2026-09-16 01:00:00,Palu,Sulawesi Tengah,Sulawesi,19.2,23.3,69.6
2026-09-16 02:00:00,Palu,Sulawesi Tengah,Sulawesi,18.3,22.2,67.9
2026-09-16 03:00:00,Palu,Sulawesi Tengah,Sulawesi,17.7,21.4,66.8
2026-09-16 04:00:00,Palu,Sulawesi Tengah,Sulawesi,17.4,21.0,66.2
2026-09-16 05:00:00,Palu,Sulawesi Tengah,Sulawesi,17.5,21.1,66.4
2026-09-16 06:00:00,Palu,Sulawesi Tengah,Sulawesi,17.1,20.5,65.6
2026-09-16 07:00:00,Palu,Sulawesi Tengah,Sulawesi,23.1,27.8,76.9
2026-09-16 08:00:00,Palu,Sulawesi Tengah,Sulawesi,17.4,21.4,66.2
2026-09-16 09:00:00,Palu,Sulawesi Tengah,Sulawesi,15.8,19.6,63.2
2026-09-16 10:00:00,Palu,Sulawesi Tengah,Sulawesi,16.8,20.3,65.1
2026-09-16 11:00:00,Palu,Sulawesi Tengah,Sulawesi,22.1,24.6,75.0
2026-09-16 12:00:00,Palu,Sulawesi Tengah,Sulawesi,24.2,26.8,79.0
2026-09-16 13:00:00,Palu,Sulawesi Tengah,Sulawesi,26.1,28.6,82.5
2026-09-16 14:00:00,Palu,Sulawesi Tengah,Sulawesi,25.3,28.1,81.0
2026-09-16 15:00:00,Palu,Sulawesi Tengah,Sulawesi,24.9,27.5,80.3
2026-09-16 16:00:00,Palu,Sulawesi Tengah,Sulawesi,22.7,24.9,76.2
2026-09-16 17:00:00,Palu,Sulawesi Tengah,Sulawesi,22.2,24.3,75.2
2026-09-16 18:00:00,Palu,Sulawesi Tengah,Sulawesi,20.0,21.9,71.1
2026-09-16 19:00:00,Palu,Sulawesi Tengah,Sulawesi,16.1,17.8,63.8
2026-09-16 20:00:00,Palu,Sulawesi Tengah,Sulawesi,14.7,16.4,61.1
2026-09-16 21:00:00,Palu,Sulawesi Tengah,Sulawesi,15.0,16.7,61.7
2026-09-16 22:00:00,Palu,Sulawesi Tengah,Sulawesi,16.2,18.0,64.0
2026-09-16 23:00:00,Palu,Sulawesi Tengah,Sulawesi,16.0,18.4,63.6
2026-09-07 00:00:00,Kendari,Sulawesi Tenggara,Sulawesi,9.8,13.6,51.9
2026-09-07 01:00:00,Kendari,Sulawesi Tenggara,Sulawesi,8.7,12.3,47.3
2026-09-07 02:00:00,Kendari,Sulawesi Tenggara,Sulawesi,8.1,11.4,44.0
2026-09-07 03:00:00,Kendari,Sulawesi Tenggara,Sulawesi,7.6,10.8,41.3
2026-09-07 04:00:00,Kendari,Sulawesi Tenggara,Sulawesi,7.2,10.2,39.1
2026-09-07 05:00:00,Kendari,Sulawesi Tenggara,Sulawesi,6.9,9.7,37.5
2026-09-07 06:00:00,Kendari,Sulawesi Tenggara,Sulawesi,6.7,9.4,36.4
2026-09-07 07:00:00,Kendari,Sulawesi Tenggara,Sulawesi,6.7,9.5,36.4
2026-09-07 08:00:00,Kendari,Sulawesi Tenggara,Sulawesi,6.6,9.3,35.9
2026-09-07 09:00:00,Kendari,Sulawesi Tenggara,Sulawesi,6.3,8.8,34.2
2026-09-07 10:00:00,Kendari,Sulawesi Tenggara,Sulawesi,6.0,8.4,32.6
2026-09-07 11:00:00,Kendari,Sulawesi Tenggara,Sulawesi,5.8,8.1,31.5
2026-09-07 12:00:00,Kendari,Sulawesi Tenggara,Sulawesi,5.7,8.1,31.0
2026-09-07 13:00:00,Kendari,Sulawesi Tenggara,Sulawesi,6.1,8.5,33.2
2026-09-07 14:00:00,Kendari,Sulawesi Tenggara,Sulawesi,6.6,8.8,35.9
2026-09-07 15:00:00,Kendari,Sulawesi Tenggara,Sulawesi,7.6,9.8,41.3
2026-09-07 16:00:00,Kendari,Sulawesi Tenggara,Sulawesi,9.0,11.4,48.9
2026-09-07 17:00:00,Kendari,Sulawesi Tenggara,Sulawesi,10.5,13.0,53.3
2026-09-07 18:00:00,Kendari,Sulawesi Tenggara,Sulawesi,12.2,14.7,56.4
2026-09-07 19:00:00,Kendari,Sulawesi Tenggara,Sulawesi,13.9,16.4,59.6
2026-09-07 20:00:00,Kendari,Sulawesi Tenggara,Sulawesi,16.0,18.5,63.6
2026-09-07 21:00:00,Kendari,Sulawesi Tenggara,Sulawesi,18.0,20.4,67.3
2026-09-07 22:00:00,Kendari,Sulawesi Tenggara,Sulawesi,20.5,22.9,72.0
2026-09-07 23:00:00,Kendari,Sulawesi Tenggara,Sulawesi,23.6,25.8,77.8
2026-09-08 00:00:00,Kendari,Sulawesi Tenggara,Sulawesi,6.6,9.2,35.9
2026-09-08 01:00:00,Kendari,Sulawesi Tenggara,Sulawesi,6.3,8.8,34.2
2026-09-08 02:00:00,Kendari,Sulawesi Tenggara,Sulawesi,6.3,8.8,34.2
2026-09-08 03:00:00,Kendari,Sulawesi Tenggara,Sulawesi,6.8,9.4,37.0
2026-09-08 04:00:00,Kendari,Sulawesi Tenggara,Sulawesi,7.1,9.9,38.6
2026-09-08 05:00:00,Kendari,Sulawesi Tenggara,Sulawesi,7.4,10.3,40.2
2026-09-08 06:00:00,Kendari,Sulawesi Tenggara,Sulawesi,7.7,10.7,41.8
2026-09-08 07:00:00,Kendari,Sulawesi Tenggara,Sulawesi,8.0,11.0,43.5
2026-09-08 08:00:00,Kendari,Sulawesi Tenggara,Sulawesi,8.2,11.3,44.6
2026-09-08 09:00:00,Kendari,Sulawesi Tenggara,Sulawesi,8.2,11.4,44.6
2026-09-08 10:00:00,Kendari,Sulawesi Tenggara,Sulawesi,8.3,11.4,45.1
2026-09-08 11:00:00,Kendari,Sulawesi Tenggara,Sulawesi,8.6,11.6,46.7
2026-09-08 12:00:00,Kendari,Sulawesi Tenggara,Sulawesi,6.5,8.9,35.3
2026-09-08 13:00:00,Kendari,Sulawesi Tenggara,Sulawesi,6.6,8.9,35.9
2026-09-08 14:00:00,Kendari,Sulawesi Tenggara,Sulawesi,6.6,8.8,35.9
2026-09-08 15:00:00,Kendari,Sulawesi Tenggara,Sulawesi,6.2,7.9,33.7
2026-09-08 16:00:00,Kendari,Sulawesi Tenggara,Sulawesi,6.2,7.9,33.7
2026-09-08 17:00:00,Kendari,Sulawesi Tenggara,Sulawesi,7.3,9.1,39.7
2026-09-08 18:00:00,Kendari,Sulawesi Tenggara,Sulawesi,9.1,10.9,49.5
2026-09-08 19:00:00,Kendari,Sulawesi Tenggara,Sulawesi,11.2,13.0,54.6
2026-09-08 20:00:00,Kendari,Sulawesi Tenggara,Sulawesi,13.5,15.4,58.9
2026-09-08 21:00:00,Kendari,Sulawesi Tenggara,Sulawesi,16.0,17.8,63.6
2026-09-08 22:00:00,Kendari,Sulawesi Tenggara,Sulawesi,19.1,20.9,69.4
2026-09-08 23:00:00,Kendari,Sulawesi Tenggara,Sulawesi,22.2,23.9,75.2
2026-09-09 00:00:00,Kendari,Sulawesi Tenggara,Sulawesi,8.4,11.2,45.7
2026-09-09 01:00:00,Kendari,Sulawesi Tenggara,Sulawesi,8.0,10.7,43.5
2026-09-09 02:00:00,Kendari,Sulawesi Tenggara,Sulawesi,8.3,10.9,45.1
2026-09-09 03:00:00,Kendari,Sulawesi Tenggara,Sulawesi,9.2,11.9,50.0
2026-09-09 04:00:00,Kendari,Sulawesi Tenggara,Sulawesi,9.6,12.3,51.6
2026-09-09 05:00:00,Kendari,Sulawesi Tenggara,Sulawesi,9.5,12.1,51.4
2026-09-09 06:00:00,Kendari,Sulawesi Tenggara,Sulawesi,9.2,11.8,50.0
2026-09-09 07:00:00,Kendari,Sulawesi Tenggara,Sulawesi,8.4,11.1,45.7
2026-09-09 08:00:00,Kendari,Sulawesi Tenggara,Sulawesi,7.4,10.1,40.2
2026-09-09 09:00:00,Kendari,Sulawesi Tenggara,Sulawesi,6.9,9.5,37.5
2026-09-09 10:00:00,Kendari,Sulawesi Tenggara,Sulawesi,6.9,9.4,37.5
2026-09-09 11:00:00,Kendari,Sulawesi Tenggara,Sulawesi,6.6,8.5,35.9
2026-09-09 12:00:00,Kendari,Sulawesi Tenggara,Sulawesi,8.0,10.1,43.5
2026-09-09 13:00:00,Kendari,Sulawesi Tenggara,Sulawesi,8.7,10.6,47.3
2026-09-09 14:00:00,Kendari,Sulawesi Tenggara,Sulawesi,10.1,11.9,52.5
2026-09-09 15:00:00,Kendari,Sulawesi Tenggara,Sulawesi,12.1,13.9,56.3
2026-09-09 16:00:00,Kendari,Sulawesi Tenggara,Sulawesi,13.5,15.4,58.9
2026-09-09 17:00:00,Kendari,Sulawesi Tenggara,Sulawesi,14.9,16.8,61.5
2026-09-09 18:00:00,Kendari,Sulawesi Tenggara,Sulawesi,16.2,18.1,64.0
2026-09-09 19:00:00,Kendari,Sulawesi Tenggara,Sulawesi,17.4,19.2,66.2
2026-09-09 20:00:00,Kendari,Sulawesi Tenggara,Sulawesi,18.4,20.2,68.1
2026-09-09 21:00:00,Kendari,Sulawesi Tenggara,Sulawesi,19.6,21.3,70.3
2026-09-09 22:00:00,Kendari,Sulawesi Tenggara,Sulawesi,21.4,23.1,73.7
2026-09-09 23:00:00,Kendari,Sulawesi Tenggara,Sulawesi,26.0,27.5,82.4
2026-09-10 00:00:00,Kendari,Sulawesi Tenggara,Sulawesi,22.5,26.7,75.8
2026-09-10 01:00:00,Kendari,Sulawesi Tenggara,Sulawesi,14.3,17.9,60.4
2026-09-10 02:00:00,Kendari,Sulawesi Tenggara,Sulawesi,10.5,13.6,53.3
2026-09-10 03:00:00,Kendari,Sulawesi Tenggara,Sulawesi,8.9,11.6,48.4
2026-09-10 04:00:00,Kendari,Sulawesi Tenggara,Sulawesi,8.1,10.6,44.0
2026-09-10 05:00:00,Kendari,Sulawesi Tenggara,Sulawesi,8.1,10.6,44.0
2026-09-10 06:00:00,Kendari,Sulawesi Tenggara,Sulawesi,8.2,10.8,44.6
2026-09-10 07:00:00,Kendari,Sulawesi Tenggara,Sulawesi,8.2,11.0,44.6
2026-09-10 08:00:00,Kendari,Sulawesi Tenggara,Sulawesi,7.7,10.6,41.8
2026-09-10 09:00:00,Kendari,Sulawesi Tenggara,Sulawesi,7.7,10.7,41.8
2026-09-10 10:00:00,Kendari,Sulawesi Tenggara,Sulawesi,8.7,11.9,47.3
2026-09-10 11:00:00,Kendari,Sulawesi Tenggara,Sulawesi,9.6,12.8,51.6
2026-09-10 12:00:00,Kendari,Sulawesi Tenggara,Sulawesi,11.4,15.3,54.9
2026-09-10 13:00:00,Kendari,Sulawesi Tenggara,Sulawesi,11.5,15.4,55.1
2026-09-10 14:00:00,Kendari,Sulawesi Tenggara,Sulawesi,11.4,15.5,54.9
2026-09-10 15:00:00,Kendari,Sulawesi Tenggara,Sulawesi,11.4,15.5,54.9
2026-09-10 16:00:00,Kendari,Sulawesi Tenggara,Sulawesi,11.8,15.8,55.7
2026-09-10 17:00:00,Kendari,Sulawesi Tenggara,Sulawesi,12.0,16.0,56.1
2026-09-10 18:00:00,Kendari,Sulawesi Tenggara,Sulawesi,12.2,16.2,56.4
2026-09-10 19:00:00,Kendari,Sulawesi Tenggara,Sulawesi,12.7,16.8,57.4
2026-09-10 20:00:00,Kendari,Sulawesi Tenggara,Sulawesi,13.7,17.9,59.3
2026-09-10 21:00:00,Kendari,Sulawesi Tenggara,Sulawesi,15.4,19.7,62.5
2026-09-10 22:00:00,Kendari,Sulawesi Tenggara,Sulawesi,18.5,22.8,68.3
2026-09-10 23:00:00,Kendari,Sulawesi Tenggara,Sulawesi,24.3,28.3,79.2
2026-09-11 00:00:00,Kendari,Sulawesi Tenggara,Sulawesi,8.1,10.8,44.0
2026-09-11 01:00:00,Kendari,Sulawesi Tenggara,Sulawesi,7.0,9.3,38.0
2026-09-11 02:00:00,Kendari,Sulawesi Tenggara,Sulawesi,7.7,10.2,41.8
2026-09-11 03:00:00,Kendari,Sulawesi Tenggara,Sulawesi,8.0,10.7,43.5
2026-09-11 04:00:00,Kendari,Sulawesi Tenggara,Sulawesi,9.3,12.5,51.0
2026-09-11 05:00:00,Kendari,Sulawesi Tenggara,Sulawesi,10.0,13.4,52.3
2026-09-11 06:00:00,Kendari,Sulawesi Tenggara,Sulawesi,11.2,14.8,54.6
2026-09-11 07:00:00,Kendari,Sulawesi Tenggara,Sulawesi,12.4,16.2,56.8
2026-09-11 08:00:00,Kendari,Sulawesi Tenggara,Sulawesi,13.4,17.3,58.7
2026-09-11 09:00:00,Kendari,Sulawesi Tenggara,Sulawesi,14.1,18.0,60.0
2026-09-11 10:00:00,Kendari,Sulawesi Tenggara,Sulawesi,14.4,18.3,60.6
2026-09-11 11:00:00,Kendari,Sulawesi Tenggara,Sulawesi,14.6,18.5,61.0
2026-09-11 12:00:00,Kendari,Sulawesi Tenggara,Sulawesi,15.1,18.9,61.9
2026-09-11 13:00:00,Kendari,Sulawesi Tenggara,Sulawesi,15.1,18.9,61.9
2026-09-11 14:00:00,Kendari,Sulawesi Tenggara,Sulawesi,13.3,16.2,58.5
2026-09-11 15:00:00,Kendari,Sulawesi Tenggara,Sulawesi,12.0,14.4,56.1
2026-09-11 16:00:00,Kendari,Sulawesi Tenggara,Sulawesi,11.6,14.1,55.3
2026-09-11 17:00:00,Kendari,Sulawesi Tenggara,Sulawesi,12.7,15.5,57.4
2026-09-11 18:00:00,Kendari,Sulawesi Tenggara,Sulawesi,14.1,17.1,60.0
2026-09-11 19:00:00,Kendari,Sulawesi Tenggara,Sulawesi,15.8,18.8,63.2
2026-09-11 20:00:00,Kendari,Sulawesi Tenggara,Sulawesi,17.5,20.5,66.4
2026-09-11 21:00:00,Kendari,Sulawesi Tenggara,Sulawesi,18.3,21.0,67.9
2026-09-11 22:00:00,Kendari,Sulawesi Tenggara,Sulawesi,20.0,22.5,71.1
2026-09-11 23:00:00,Kendari,Sulawesi Tenggara,Sulawesi,17.2,20.1,65.8
2026-09-12 00:00:00,Kendari,Sulawesi Tenggara,Sulawesi,15.0,18.5,61.7
2026-09-12 01:00:00,Kendari,Sulawesi Tenggara,Sulawesi,15.3,18.8,62.3
2026-09-12 02:00:00,Kendari,Sulawesi Tenggara,Sulawesi,17.5,21.4,66.4
2026-09-12 03:00:00,Kendari,Sulawesi Tenggara,Sulawesi,19.7,24.1,70.5
2026-09-12 04:00:00,Kendari,Sulawesi Tenggara,Sulawesi,21.4,25.8,73.7
2026-09-12 05:00:00,Kendari,Sulawesi Tenggara,Sulawesi,21.9,26.2,74.7
2026-09-12 06:00:00,Kendari,Sulawesi Tenggara,Sulawesi,22.6,26.7,76.0
2026-09-12 07:00:00,Kendari,Sulawesi Tenggara,Sulawesi,24.6,28.8,79.7
2026-09-12 08:00:00,Kendari,Sulawesi Tenggara,Sulawesi,27.0,32.0,84.2
2026-09-12 09:00:00,Kendari,Sulawesi Tenggara,Sulawesi,27.4,33.4,85.0
2026-09-12 10:00:00,Kendari,Sulawesi Tenggara,Sulawesi,25.4,32.1,81.2
2026-09-12 11:00:00,Kendari,Sulawesi Tenggara,Sulawesi,22.9,29.8,76.5
2026-09-12 12:00:00,Kendari,Sulawesi Tenggara,Sulawesi,20.3,26.5,71.7
2026-09-12 13:00:00,Kendari,Sulawesi Tenggara,Sulawesi,18.6,25.0,68.5
2026-09-12 14:00:00,Kendari,Sulawesi Tenggara,Sulawesi,18.6,25.1,68.5
2026-09-12 15:00:00,Kendari,Sulawesi Tenggara,Sulawesi,19.5,26.2,70.1
2026-09-12 16:00:00,Kendari,Sulawesi Tenggara,Sulawesi,20.4,27.3,71.8
2026-09-12 17:00:00,Kendari,Sulawesi Tenggara,Sulawesi,22.5,29.1,75.8
2026-09-12 18:00:00,Kendari,Sulawesi Tenggara,Sulawesi,24.1,30.3,78.8
2026-09-12 19:00:00,Kendari,Sulawesi Tenggara,Sulawesi,24.0,29.3,78.6
2026-09-12 20:00:00,Kendari,Sulawesi Tenggara,Sulawesi,21.8,25.8,74.5
2026-09-12 21:00:00,Kendari,Sulawesi Tenggara,Sulawesi,20.1,23.6,71.3
2026-09-12 22:00:00,Kendari,Sulawesi Tenggara,Sulawesi,19.8,23.0,70.7
2026-09-12 23:00:00,Kendari,Sulawesi Tenggara,Sulawesi,19.5,22.9,70.1
2026-09-13 00:00:00,Kendari,Sulawesi Tenggara,Sulawesi,15.5,21.7,62.6
2026-09-13 01:00:00,Kendari,Sulawesi Tenggara,Sulawesi,10.8,15.8,53.8
2026-09-13 02:00:00,Kendari,Sulawesi Tenggara,Sulawesi,9.6,14.1,51.6
2026-09-13 03:00:00,Kendari,Sulawesi Tenggara,Sulawesi,9.0,13.5,48.9
2026-09-13 04:00:00,Kendari,Sulawesi Tenggara,Sulawesi,8.8,13.2,47.8
2026-09-13 05:00:00,Kendari,Sulawesi Tenggara,Sulawesi,9.1,13.6,49.5
2026-09-13 06:00:00,Kendari,Sulawesi Tenggara,Sulawesi,9.5,14.1,51.4
2026-09-13 07:00:00,Kendari,Sulawesi Tenggara,Sulawesi,10.0,14.9,52.3
2026-09-13 08:00:00,Kendari,Sulawesi Tenggara,Sulawesi,10.7,15.8,53.6
2026-09-13 09:00:00,Kendari,Sulawesi Tenggara,Sulawesi,11.1,16.4,54.4
2026-09-13 10:00:00,Kendari,Sulawesi Tenggara,Sulawesi,11.3,16.6,54.8
2026-09-13 11:00:00,Kendari,Sulawesi Tenggara,Sulawesi,11.2,16.4,54.6
2026-09-13 12:00:00,Kendari,Sulawesi Tenggara,Sulawesi,11.4,16.4,54.9
2026-09-13 13:00:00,Kendari,Sulawesi Tenggara,Sulawesi,11.6,16.5,55.3
2026-09-13 14:00:00,Kendari,Sulawesi Tenggara,Sulawesi,12.4,17.3,56.8
2026-09-13 15:00:00,Kendari,Sulawesi Tenggara,Sulawesi,13.5,18.6,58.9
2026-09-13 16:00:00,Kendari,Sulawesi Tenggara,Sulawesi,14.4,20.0,60.6
2026-09-13 17:00:00,Kendari,Sulawesi Tenggara,Sulawesi,15.5,21.7,62.6
2026-09-13 18:00:00,Kendari,Sulawesi Tenggara,Sulawesi,16.5,23.1,64.5
2026-09-13 19:00:00,Kendari,Sulawesi Tenggara,Sulawesi,17.6,24.5,66.6
2026-09-13 20:00:00,Kendari,Sulawesi Tenggara,Sulawesi,18.9,25.9,69.0
2026-09-13 21:00:00,Kendari,Sulawesi Tenggara,Sulawesi,20.3,27.1,71.7
2026-09-13 22:00:00,Kendari,Sulawesi Tenggara,Sulawesi,22.7,29.1,76.2
2026-09-13 23:00:00,Kendari,Sulawesi Tenggara,Sulawesi,26.2,31.7,82.7
2026-09-14 00:00:00,Kendari,Sulawesi Tenggara,Sulawesi,11.6,17.5,55.3
2026-09-14 01:00:00,Kendari,Sulawesi Tenggara,Sulawesi,9.1,14.0,49.5
2026-09-14 02:00:00,Kendari,Sulawesi Tenggara,Sulawesi,8.9,13.6,48.4
2026-09-14 03:00:00,Kendari,Sulawesi Tenggara,Sulawesi,9.3,14.2,51.0
2026-09-14 04:00:00,Kendari,Sulawesi Tenggara,Sulawesi,9.8,14.9,51.9
2026-09-14 05:00:00,Kendari,Sulawesi Tenggara,Sulawesi,10.7,15.8,53.6
2026-09-14 06:00:00,Kendari,Sulawesi Tenggara,Sulawesi,11.8,17.3,55.7
2026-09-14 07:00:00,Kendari,Sulawesi Tenggara,Sulawesi,12.4,17.9,56.8
2026-09-14 08:00:00,Kendari,Sulawesi Tenggara,Sulawesi,12.3,17.5,56.6
2026-09-14 09:00:00,Kendari,Sulawesi Tenggara,Sulawesi,11.6,16.6,55.3
2026-09-14 10:00:00,Kendari,Sulawesi Tenggara,Sulawesi,11.1,15.8,54.4
2026-09-14 11:00:00,Kendari,Sulawesi Tenggara,Sulawesi,11.3,15.9,54.8
2026-09-14 12:00:00,Kendari,Sulawesi Tenggara,Sulawesi,10.3,14.3,52.9
2026-09-14 13:00:00,Kendari,Sulawesi Tenggara,Sulawesi,11.5,15.9,55.1
2026-09-14 14:00:00,Kendari,Sulawesi Tenggara,Sulawesi,13.7,18.3,59.3
2026-09-14 15:00:00,Kendari,Sulawesi Tenggara,Sulawesi,16.4,21.5,64.3
2026-09-14 16:00:00,Kendari,Sulawesi Tenggara,Sulawesi,18.3,23.7,67.9
2026-09-14 17:00:00,Kendari,Sulawesi Tenggara,Sulawesi,19.9,25.4,70.9
2026-09-14 18:00:00,Kendari,Sulawesi Tenggara,Sulawesi,21.9,27.5,74.7
2026-09-14 19:00:00,Kendari,Sulawesi Tenggara,Sulawesi,23.9,29.4,78.4
2026-09-14 20:00:00,Kendari,Sulawesi Tenggara,Sulawesi,25.1,30.3,80.7
2026-09-14 21:00:00,Kendari,Sulawesi Tenggara,Sulawesi,25.4,30.2,81.2
2026-09-14 22:00:00,Kendari,Sulawesi Tenggara,Sulawesi,25.7,30.0,81.8
2026-09-14 23:00:00,Kendari,Sulawesi Tenggara,Sulawesi,23.8,27.0,78.2
2026-09-15 00:00:00,Kendari,Sulawesi Tenggara,Sulawesi,18.4,26.2,68.1
2026-09-15 01:00:00,Kendari,Sulawesi Tenggara,Sulawesi,9.7,14.6,51.8
2026-09-15 02:00:00,Kendari,Sulawesi Tenggara,Sulawesi,7.0,10.7,38.0
2026-09-15 03:00:00,Kendari,Sulawesi Tenggara,Sulawesi,6.4,9.8,34.8
2026-09-15 04:00:00,Kendari,Sulawesi Tenggara,Sulawesi,6.9,10.2,37.5
2026-09-15 05:00:00,Kendari,Sulawesi Tenggara,Sulawesi,7.8,11.2,42.4
2026-09-15 06:00:00,Kendari,Sulawesi Tenggara,Sulawesi,8.6,12.3,46.7
2026-09-15 07:00:00,Kendari,Sulawesi Tenggara,Sulawesi,9.2,13.0,50.0
2026-09-15 08:00:00,Kendari,Sulawesi Tenggara,Sulawesi,9.3,13.2,51.0
2026-09-15 09:00:00,Kendari,Sulawesi Tenggara,Sulawesi,9.2,13.2,50.0
2026-09-15 10:00:00,Kendari,Sulawesi Tenggara,Sulawesi,9.3,13.4,51.0
2026-09-15 11:00:00,Kendari,Sulawesi Tenggara,Sulawesi,9.4,13.6,51.2
2026-09-15 12:00:00,Kendari,Sulawesi Tenggara,Sulawesi,7.2,10.1,39.1
2026-09-15 13:00:00,Kendari,Sulawesi Tenggara,Sulawesi,8.0,11.0,43.5
2026-09-15 14:00:00,Kendari,Sulawesi Tenggara,Sulawesi,9.1,12.0,49.5
2026-09-15 15:00:00,Kendari,Sulawesi Tenggara,Sulawesi,11.0,14.1,54.2
2026-09-15 16:00:00,Kendari,Sulawesi Tenggara,Sulawesi,12.6,15.9,57.2
2026-09-15 17:00:00,Kendari,Sulawesi Tenggara,Sulawesi,14.8,18.2,61.3
2026-09-15 18:00:00,Kendari,Sulawesi Tenggara,Sulawesi,17.2,20.3,65.8
2026-09-15 19:00:00,Kendari,Sulawesi Tenggara,Sulawesi,18.6,21.3,68.5
2026-09-15 20:00:00,Kendari,Sulawesi Tenggara,Sulawesi,18.6,20.9,68.5
2026-09-15 21:00:00,Kendari,Sulawesi Tenggara,Sulawesi,19.1,21.2,69.4
2026-09-15 22:00:00,Kendari,Sulawesi Tenggara,Sulawesi,20.8,22.9,72.6
2026-09-15 23:00:00,Kendari,Sulawesi Tenggara,Sulawesi,24.1,26.1,78.8
2026-09-16 00:00:00,Kendari,Sulawesi Tenggara,Sulawesi,10.9,15.2,54.0
2026-09-16 01:00:00,Kendari,Sulawesi Tenggara,Sulawesi,9.2,13.4,50.0
2026-09-16 02:00:00,Kendari,Sulawesi Tenggara,Sulawesi,8.6,12.5,46.7
2026-09-16 03:00:00,Kendari,Sulawesi Tenggara,Sulawesi,8.5,12.5,46.2
2026-09-16 04:00:00,Kendari,Sulawesi Tenggara,Sulawesi,8.5,12.5,46.2
2026-09-16 05:00:00,Kendari,Sulawesi Tenggara,Sulawesi,9.0,13.2,48.9
2026-09-16 06:00:00,Kendari,Sulawesi Tenggara,Sulawesi,9.4,13.9,51.2
2026-09-16 07:00:00,Kendari,Sulawesi Tenggara,Sulawesi,10.1,15.0,52.5
2026-09-16 08:00:00,Kendari,Sulawesi Tenggara,Sulawesi,11.0,16.4,54.2
2026-09-16 09:00:00,Kendari,Sulawesi Tenggara,Sulawesi,11.3,17.1,54.8
2026-09-16 10:00:00,Kendari,Sulawesi Tenggara,Sulawesi,11.4,17.3,54.9
2026-09-16 11:00:00,Kendari,Sulawesi Tenggara,Sulawesi,11.4,17.5,54.9
2026-09-16 12:00:00,Kendari,Sulawesi Tenggara,Sulawesi,11.6,17.5,55.3
2026-09-16 13:00:00,Kendari,Sulawesi Tenggara,Sulawesi,11.9,17.8,55.9
2026-09-16 14:00:00,Kendari,Sulawesi Tenggara,Sulawesi,12.4,18.3,56.8
2026-09-16 15:00:00,Kendari,Sulawesi Tenggara,Sulawesi,13.4,19.3,58.7
2026-09-16 16:00:00,Kendari,Sulawesi Tenggara,Sulawesi,14.9,21.0,61.5
2026-09-16 17:00:00,Kendari,Sulawesi Tenggara,Sulawesi,16.9,23.3,65.3
2026-09-16 18:00:00,Kendari,Sulawesi Tenggara,Sulawesi,19.0,25.4,69.2
2026-09-16 19:00:00,Kendari,Sulawesi Tenggara,Sulawesi,20.6,26.7,72.2
2026-09-16 20:00:00,Kendari,Sulawesi Tenggara,Sulawesi,21.5,27.2,73.9
2026-09-16 21:00:00,Kendari,Sulawesi Tenggara,Sulawesi,22.0,26.9,74.8
2026-09-16 22:00:00,Kendari,Sulawesi Tenggara,Sulawesi,21.8,25.8,74.5
2026-09-16 23:00:00,Kendari,Sulawesi Tenggara,Sulawesi,20.1,24.0,71.3
2026-09-07 00:00:00,Gorontalo,Gorontalo,Sulawesi,11.4,14.6,54.9
2026-09-07 01:00:00,Gorontalo,Gorontalo,Sulawesi,11.4,14.3,54.9
2026-09-07 02:00:00,Gorontalo,Gorontalo,Sulawesi,11.6,14.4,55.3
2026-09-07 03:00:00,Gorontalo,Gorontalo,Sulawesi,11.8,14.6,55.7
2026-09-07 04:00:00,Gorontalo,Gorontalo,Sulawesi,11.9,14.7,55.9
2026-09-07 05:00:00,Gorontalo,Gorontalo,Sulawesi,11.6,14.4,55.3
2026-09-07 06:00:00,Gorontalo,Gorontalo,Sulawesi,11.1,13.9,54.4
2026-09-07 07:00:00,Gorontalo,Gorontalo,Sulawesi,10.9,13.5,54.0
2026-09-07 08:00:00,Gorontalo,Gorontalo,Sulawesi,10.0,12.5,52.3
2026-09-07 09:00:00,Gorontalo,Gorontalo,Sulawesi,9.4,11.8,51.2
2026-09-07 10:00:00,Gorontalo,Gorontalo,Sulawesi,9.3,11.6,51.0
2026-09-07 11:00:00,Gorontalo,Gorontalo,Sulawesi,9.4,11.6,51.2
2026-09-07 12:00:00,Gorontalo,Gorontalo,Sulawesi,11.3,14.1,54.8
2026-09-07 13:00:00,Gorontalo,Gorontalo,Sulawesi,11.4,14.2,54.9
2026-09-07 14:00:00,Gorontalo,Gorontalo,Sulawesi,11.2,13.8,54.6
2026-09-07 15:00:00,Gorontalo,Gorontalo,Sulawesi,11.1,13.6,54.4
2026-09-07 16:00:00,Gorontalo,Gorontalo,Sulawesi,11.3,13.9,54.8
2026-09-07 17:00:00,Gorontalo,Gorontalo,Sulawesi,11.5,14.1,55.1
2026-09-07 18:00:00,Gorontalo,Gorontalo,Sulawesi,11.5,14.1,55.1
2026-09-07 19:00:00,Gorontalo,Gorontalo,Sulawesi,11.3,14.0,54.8
2026-09-07 20:00:00,Gorontalo,Gorontalo,Sulawesi,11.0,13.7,54.2
2026-09-07 21:00:00,Gorontalo,Gorontalo,Sulawesi,10.6,13.2,53.4
2026-09-07 22:00:00,Gorontalo,Gorontalo,Sulawesi,10.4,13.1,53.1
2026-09-07 23:00:00,Gorontalo,Gorontalo,Sulawesi,10.2,12.8,52.7
2026-09-08 00:00:00,Gorontalo,Gorontalo,Sulawesi,11.1,14.8,54.4
2026-09-08 01:00:00,Gorontalo,Gorontalo,Sulawesi,10.0,13.4,52.3
2026-09-08 02:00:00,Gorontalo,Gorontalo,Sulawesi,8.8,11.8,47.8
2026-09-08 03:00:00,Gorontalo,Gorontalo,Sulawesi,7.6,10.4,41.3
2026-09-08 04:00:00,Gorontalo,Gorontalo,Sulawesi,6.7,9.2,36.4
2026-09-08 05:00:00,Gorontalo,Gorontalo,Sulawesi,5.9,8.3,32.1
2026-09-08 06:00:00,Gorontalo,Gorontalo,Sulawesi,5.1,7.3,27.7
2026-09-08 07:00:00,Gorontalo,Gorontalo,Sulawesi,4.2,6.2,22.8
2026-09-08 08:00:00,Gorontalo,Gorontalo,Sulawesi,3.7,5.6,20.1
2026-09-08 09:00:00,Gorontalo,Gorontalo,Sulawesi,3.8,5.8,20.7
2026-09-08 10:00:00,Gorontalo,Gorontalo,Sulawesi,4.5,6.7,24.5
2026-09-08 11:00:00,Gorontalo,Gorontalo,Sulawesi,5.0,7.3,27.2
2026-09-08 12:00:00,Gorontalo,Gorontalo,Sulawesi,6.9,10.0,37.5
2026-09-08 13:00:00,Gorontalo,Gorontalo,Sulawesi,6.8,9.7,37.0
2026-09-08 14:00:00,Gorontalo,Gorontalo,Sulawesi,6.5,9.3,35.3
2026-09-08 15:00:00,Gorontalo,Gorontalo,Sulawesi,6.2,8.8,33.7
2026-09-08 16:00:00,Gorontalo,Gorontalo,Sulawesi,6.1,8.7,33.2
2026-09-08 17:00:00,Gorontalo,Gorontalo,Sulawesi,6.1,8.8,33.2
2026-09-08 18:00:00,Gorontalo,Gorontalo,Sulawesi,6.4,9.0,34.8
2026-09-08 19:00:00,Gorontalo,Gorontalo,Sulawesi,6.6,9.2,35.9
2026-09-08 20:00:00,Gorontalo,Gorontalo,Sulawesi,6.7,9.3,36.4
2026-09-08 21:00:00,Gorontalo,Gorontalo,Sulawesi,6.7,9.3,36.4
2026-09-08 22:00:00,Gorontalo,Gorontalo,Sulawesi,6.9,9.4,37.5
2026-09-08 23:00:00,Gorontalo,Gorontalo,Sulawesi,7.3,9.7,39.7
2026-09-09 00:00:00,Gorontalo,Gorontalo,Sulawesi,8.4,12.0,45.7
2026-09-09 01:00:00,Gorontalo,Gorontalo,Sulawesi,9.1,12.9,49.5
2026-09-09 02:00:00,Gorontalo,Gorontalo,Sulawesi,9.4,13.3,51.2
2026-09-09 03:00:00,Gorontalo,Gorontalo,Sulawesi,9.1,12.8,49.5
2026-09-09 04:00:00,Gorontalo,Gorontalo,Sulawesi,8.5,12.0,46.2
2026-09-09 05:00:00,Gorontalo,Gorontalo,Sulawesi,7.9,11.1,42.9
2026-09-09 06:00:00,Gorontalo,Gorontalo,Sulawesi,7.3,10.4,39.7
2026-09-09 07:00:00,Gorontalo,Gorontalo,Sulawesi,6.8,9.8,37.0
2026-09-09 08:00:00,Gorontalo,Gorontalo,Sulawesi,6.5,9.4,35.3
2026-09-09 09:00:00,Gorontalo,Gorontalo,Sulawesi,6.5,9.4,35.3
2026-09-09 10:00:00,Gorontalo,Gorontalo,Sulawesi,6.7,9.7,36.4
2026-09-09 11:00:00,Gorontalo,Gorontalo,Sulawesi,7.2,10.1,39.1
2026-09-09 12:00:00,Gorontalo,Gorontalo,Sulawesi,8.6,11.6,46.7
2026-09-09 13:00:00,Gorontalo,Gorontalo,Sulawesi,9.6,12.8,51.6
2026-09-09 14:00:00,Gorontalo,Gorontalo,Sulawesi,10.2,13.4,52.7
2026-09-09 15:00:00,Gorontalo,Gorontalo,Sulawesi,10.0,13.2,52.3
2026-09-09 16:00:00,Gorontalo,Gorontalo,Sulawesi,9.5,12.5,51.4
2026-09-09 17:00:00,Gorontalo,Gorontalo,Sulawesi,8.9,11.8,48.4
2026-09-09 18:00:00,Gorontalo,Gorontalo,Sulawesi,8.1,10.7,44.0
2026-09-09 19:00:00,Gorontalo,Gorontalo,Sulawesi,7.3,9.8,39.7
2026-09-09 20:00:00,Gorontalo,Gorontalo,Sulawesi,6.7,8.9,36.4
2026-09-09 21:00:00,Gorontalo,Gorontalo,Sulawesi,6.0,8.1,32.6
2026-09-09 22:00:00,Gorontalo,Gorontalo,Sulawesi,5.9,7.9,32.1
2026-09-09 23:00:00,Gorontalo,Gorontalo,Sulawesi,5.9,7.7,32.1
2026-09-10 00:00:00,Gorontalo,Gorontalo,Sulawesi,6.0,8.6,32.6
2026-09-10 01:00:00,Gorontalo,Gorontalo,Sulawesi,6.4,8.8,34.8
2026-09-10 02:00:00,Gorontalo,Gorontalo,Sulawesi,7.4,9.8,40.2
2026-09-10 03:00:00,Gorontalo,Gorontalo,Sulawesi,7.9,10.4,42.9
2026-09-10 04:00:00,Gorontalo,Gorontalo,Sulawesi,8.1,10.7,44.0
2026-09-10 05:00:00,Gorontalo,Gorontalo,Sulawesi,8.1,10.7,44.0
2026-09-10 06:00:00,Gorontalo,Gorontalo,Sulawesi,7.9,10.6,42.9
2026-09-10 07:00:00,Gorontalo,Gorontalo,Sulawesi,7.5,10.1,40.8
2026-09-10 08:00:00,Gorontalo,Gorontalo,Sulawesi,6.8,9.3,37.0
2026-09-10 09:00:00,Gorontalo,Gorontalo,Sulawesi,6.1,8.4,33.2
2026-09-10 10:00:00,Gorontalo,Gorontalo,Sulawesi,5.6,7.8,30.4
2026-09-10 11:00:00,Gorontalo,Gorontalo,Sulawesi,5.7,7.9,31.0
2026-09-10 12:00:00,Gorontalo,Gorontalo,Sulawesi,5.0,7.0,27.2
2026-09-10 13:00:00,Gorontalo,Gorontalo,Sulawesi,5.1,7.2,27.7
2026-09-10 14:00:00,Gorontalo,Gorontalo,Sulawesi,5.1,7.2,27.7
2026-09-10 15:00:00,Gorontalo,Gorontalo,Sulawesi,5.1,7.3,27.7
2026-09-10 16:00:00,Gorontalo,Gorontalo,Sulawesi,5.2,7.5,28.3
2026-09-10 17:00:00,Gorontalo,Gorontalo,Sulawesi,5.2,7.7,28.3
2026-09-10 18:00:00,Gorontalo,Gorontalo,Sulawesi,5.0,7.5,27.2
2026-09-10 19:00:00,Gorontalo,Gorontalo,Sulawesi,4.8,7.2,26.1
2026-09-10 20:00:00,Gorontalo,Gorontalo,Sulawesi,4.8,7.2,26.1
2026-09-10 21:00:00,Gorontalo,Gorontalo,Sulawesi,5.0,7.4,27.2
2026-09-10 22:00:00,Gorontalo,Gorontalo,Sulawesi,5.3,7.7,28.8
2026-09-10 23:00:00,Gorontalo,Gorontalo,Sulawesi,5.5,8.2,29.9
2026-09-11 00:00:00,Gorontalo,Gorontalo,Sulawesi,5.7,8.5,31.0
2026-09-11 01:00:00,Gorontalo,Gorontalo,Sulawesi,5.7,8.4,31.0
2026-09-11 02:00:00,Gorontalo,Gorontalo,Sulawesi,5.4,7.9,29.3
2026-09-11 03:00:00,Gorontalo,Gorontalo,Sulawesi,5.3,7.7,28.8
2026-09-11 04:00:00,Gorontalo,Gorontalo,Sulawesi,5.3,7.6,28.8
2026-09-11 05:00:00,Gorontalo,Gorontalo,Sulawesi,5.3,7.6,28.8
2026-09-11 06:00:00,Gorontalo,Gorontalo,Sulawesi,5.4,7.6,29.3
2026-09-11 07:00:00,Gorontalo,Gorontalo,Sulawesi,5.5,7.7,29.9
2026-09-11 08:00:00,Gorontalo,Gorontalo,Sulawesi,5.6,7.9,30.4
2026-09-11 09:00:00,Gorontalo,Gorontalo,Sulawesi,5.7,7.9,31.0
2026-09-11 10:00:00,Gorontalo,Gorontalo,Sulawesi,6.0,8.1,32.6
2026-09-11 11:00:00,Gorontalo,Gorontalo,Sulawesi,6.6,8.7,35.9
2026-09-11 12:00:00,Gorontalo,Gorontalo,Sulawesi,9.7,12.5,51.8
2026-09-11 13:00:00,Gorontalo,Gorontalo,Sulawesi,10.2,12.8,52.7
2026-09-11 14:00:00,Gorontalo,Gorontalo,Sulawesi,10.6,13.2,53.4
2026-09-11 15:00:00,Gorontalo,Gorontalo,Sulawesi,11.0,13.5,54.2
2026-09-11 16:00:00,Gorontalo,Gorontalo,Sulawesi,11.2,13.7,54.6
2026-09-11 17:00:00,Gorontalo,Gorontalo,Sulawesi,11.4,13.9,54.9
2026-09-11 18:00:00,Gorontalo,Gorontalo,Sulawesi,11.4,13.9,54.9
2026-09-11 19:00:00,Gorontalo,Gorontalo,Sulawesi,11.3,13.8,54.8
2026-09-11 20:00:00,Gorontalo,Gorontalo,Sulawesi,11.3,13.8,54.8
2026-09-11 21:00:00,Gorontalo,Gorontalo,Sulawesi,11.4,13.9,54.9
2026-09-11 22:00:00,Gorontalo,Gorontalo,Sulawesi,11.7,14.1,55.5
2026-09-11 23:00:00,Gorontalo,Gorontalo,Sulawesi,12.3,14.7,56.6
2026-09-12 00:00:00,Gorontalo,Gorontalo,Sulawesi,12.4,15.5,56.8
2026-09-12 01:00:00,Gorontalo,Gorontalo,Sulawesi,11.8,14.8,55.7
2026-09-12 02:00:00,Gorontalo,Gorontalo,Sulawesi,11.1,13.9,54.4
2026-09-12 03:00:00,Gorontalo,Gorontalo,Sulawesi,10.7,13.3,53.6
2026-09-12 04:00:00,Gorontalo,Gorontalo,Sulawesi,11.0,13.6,54.2
2026-09-12 05:00:00,Gorontalo,Gorontalo,Sulawesi,10.9,13.4,54.0
2026-09-12 06:00:00,Gorontalo,Gorontalo,Sulawesi,10.9,13.4,54.0
2026-09-12 07:00:00,Gorontalo,Gorontalo,Sulawesi,10.9,13.4,54.0
2026-09-12 08:00:00,Gorontalo,Gorontalo,Sulawesi,10.9,13.4,54.0
2026-09-12 09:00:00,Gorontalo,Gorontalo,Sulawesi,10.6,13.0,53.4
2026-09-12 10:00:00,Gorontalo,Gorontalo,Sulawesi,10.6,13.0,53.4
2026-09-12 11:00:00,Gorontalo,Gorontalo,Sulawesi,10.6,12.7,53.4
2026-09-12 12:00:00,Gorontalo,Gorontalo,Sulawesi,12.5,15.1,57.0
2026-09-12 13:00:00,Gorontalo,Gorontalo,Sulawesi,12.7,15.4,57.4
2026-09-12 14:00:00,Gorontalo,Gorontalo,Sulawesi,12.6,15.1,57.2
2026-09-12 15:00:00,Gorontalo,Gorontalo,Sulawesi,12.5,15.0,57.0
2026-09-12 16:00:00,Gorontalo,Gorontalo,Sulawesi,12.5,15.0,57.0
2026-09-12 17:00:00,Gorontalo,Gorontalo,Sulawesi,12.7,15.2,57.4
2026-09-12 18:00:00,Gorontalo,Gorontalo,Sulawesi,13.1,15.6,58.1
2026-09-12 19:00:00,Gorontalo,Gorontalo,Sulawesi,13.6,16.1,59.1
2026-09-12 20:00:00,Gorontalo,Gorontalo,Sulawesi,14.0,16.6,59.8
2026-09-12 21:00:00,Gorontalo,Gorontalo,Sulawesi,14.5,17.2,60.8
2026-09-12 22:00:00,Gorontalo,Gorontalo,Sulawesi,15.2,18.0,62.1
2026-09-12 23:00:00,Gorontalo,Gorontalo,Sulawesi,15.3,18.2,62.3
2026-09-13 00:00:00,Gorontalo,Gorontalo,Sulawesi,18.8,23.2,68.8
2026-09-13 01:00:00,Gorontalo,Gorontalo,Sulawesi,17.8,22.4,67.0
2026-09-13 02:00:00,Gorontalo,Gorontalo,Sulawesi,16.6,21.4,64.7
2026-09-13 03:00:00,Gorontalo,Gorontalo,Sulawesi,15.7,20.5,63.0
2026-09-13 04:00:00,Gorontalo,Gorontalo,Sulawesi,14.8,19.6,61.3
2026-09-13 05:00:00,Gorontalo,Gorontalo,Sulawesi,13.9,18.7,59.6
2026-09-13 06:00:00,Gorontalo,Gorontalo,Sulawesi,13.0,17.8,57.9
2026-09-13 07:00:00,Gorontalo,Gorontalo,Sulawesi,11.7,16.4,55.5
2026-09-13 08:00:00,Gorontalo,Gorontalo,Sulawesi,10.4,15.0,53.1
2026-09-13 09:00:00,Gorontalo,Gorontalo,Sulawesi,9.4,14.0,51.2
2026-09-13 10:00:00,Gorontalo,Gorontalo,Sulawesi,8.9,13.5,48.4
2026-09-13 11:00:00,Gorontalo,Gorontalo,Sulawesi,8.7,13.0,47.3
2026-09-13 12:00:00,Gorontalo,Gorontalo,Sulawesi,7.7,11.8,41.8
2026-09-13 13:00:00,Gorontalo,Gorontalo,Sulawesi,7.2,11.2,39.1
2026-09-13 14:00:00,Gorontalo,Gorontalo,Sulawesi,6.7,10.4,36.4
2026-09-13 15:00:00,Gorontalo,Gorontalo,Sulawesi,6.4,10.0,34.8
2026-09-13 16:00:00,Gorontalo,Gorontalo,Sulawesi,6.3,9.8,34.2
2026-09-13 17:00:00,Gorontalo,Gorontalo,Sulawesi,6.6,10.1,35.9
2026-09-13 18:00:00,Gorontalo,Gorontalo,Sulawesi,7.0,10.7,38.0
2026-09-13 19:00:00,Gorontalo,Gorontalo,Sulawesi,7.0,10.6,38.0
2026-09-13 20:00:00,Gorontalo,Gorontalo,Sulawesi,7.1,10.5,38.6
2026-09-13 21:00:00,Gorontalo,Gorontalo,Sulawesi,7.0,10.2,38.0
2026-09-13 22:00:00,Gorontalo,Gorontalo,Sulawesi,7.5,10.8,40.8
2026-09-13 23:00:00,Gorontalo,Gorontalo,Sulawesi,8.3,11.8,45.1
2026-09-14 00:00:00,Gorontalo,Gorontalo,Sulawesi,9.0,13.0,48.9
2026-09-14 01:00:00,Gorontalo,Gorontalo,Sulawesi,8.9,13.0,48.4
2026-09-14 02:00:00,Gorontalo,Gorontalo,Sulawesi,8.6,12.7,46.7
2026-09-14 03:00:00,Gorontalo,Gorontalo,Sulawesi,8.4,12.5,45.7
2026-09-14 04:00:00,Gorontalo,Gorontalo,Sulawesi,8.4,12.7,45.7
2026-09-14 05:00:00,Gorontalo,Gorontalo,Sulawesi,8.5,13.1,46.2
2026-09-14 06:00:00,Gorontalo,Gorontalo,Sulawesi,8.7,13.6,47.3
2026-09-14 07:00:00,Gorontalo,Gorontalo,Sulawesi,9.0,14.2,48.9
2026-09-14 08:00:00,Gorontalo,Gorontalo,Sulawesi,9.2,14.7,50.0
2026-09-14 09:00:00,Gorontalo,Gorontalo,Sulawesi,9.5,15.1,51.4
2026-09-14 10:00:00,Gorontalo,Gorontalo,Sulawesi,10.0,15.8,52.3
2026-09-14 11:00:00,Gorontalo,Gorontalo,Sulawesi,10.5,16.2,53.3
2026-09-14 12:00:00,Gorontalo,Gorontalo,Sulawesi,9.5,14.1,51.4
2026-09-14 13:00:00,Gorontalo,Gorontalo,Sulawesi,10.5,15.3,53.3
2026-09-14 14:00:00,Gorontalo,Gorontalo,Sulawesi,11.4,16.2,54.9
2026-09-14 15:00:00,Gorontalo,Gorontalo,Sulawesi,11.9,16.6,55.9
2026-09-14 16:00:00,Gorontalo,Gorontalo,Sulawesi,12.0,16.8,56.1
2026-09-14 17:00:00,Gorontalo,Gorontalo,Sulawesi,12.0,16.6,56.1
2026-09-14 18:00:00,Gorontalo,Gorontalo,Sulawesi,11.8,16.0,55.7
2026-09-14 19:00:00,Gorontalo,Gorontalo,Sulawesi,11.4,15.4,54.9
2026-09-14 20:00:00,Gorontalo,Gorontalo,Sulawesi,11.1,14.9,54.4
2026-09-14 21:00:00,Gorontalo,Gorontalo,Sulawesi,10.8,14.4,53.8
2026-09-14 22:00:00,Gorontalo,Gorontalo,Sulawesi,10.7,14.2,53.6
2026-09-14 23:00:00,Gorontalo,Gorontalo,Sulawesi,10.6,13.8,53.4
2026-09-15 00:00:00,Gorontalo,Gorontalo,Sulawesi,14.1,19.3,60.0
2026-09-15 01:00:00,Gorontalo,Gorontalo,Sulawesi,13.2,18.0,58.3
2026-09-15 02:00:00,Gorontalo,Gorontalo,Sulawesi,12.5,16.9,57.0
2026-09-15 03:00:00,Gorontalo,Gorontalo,Sulawesi,12.0,16.2,56.1
2026-09-15 04:00:00,Gorontalo,Gorontalo,Sulawesi,11.6,15.9,55.3
2026-09-15 05:00:00,Gorontalo,Gorontalo,Sulawesi,11.2,15.6,54.6
2026-09-15 06:00:00,Gorontalo,Gorontalo,Sulawesi,10.7,15.3,53.6
2026-09-15 07:00:00,Gorontalo,Gorontalo,Sulawesi,10.0,14.8,52.3
2026-09-15 08:00:00,Gorontalo,Gorontalo,Sulawesi,9.2,14.0,50.0
2026-09-15 09:00:00,Gorontalo,Gorontalo,Sulawesi,8.6,13.4,46.7
2026-09-15 10:00:00,Gorontalo,Gorontalo,Sulawesi,8.4,13.2,45.7
2026-09-15 11:00:00,Gorontalo,Gorontalo,Sulawesi,8.3,12.7,45.1
2026-09-15 12:00:00,Gorontalo,Gorontalo,Sulawesi,6.6,9.7,35.9
2026-09-15 13:00:00,Gorontalo,Gorontalo,Sulawesi,6.6,9.8,35.9
2026-09-15 14:00:00,Gorontalo,Gorontalo,Sulawesi,6.7,9.8,36.4
2026-09-15 15:00:00,Gorontalo,Gorontalo,Sulawesi,7.0,10.1,38.0
2026-09-15 16:00:00,Gorontalo,Gorontalo,Sulawesi,7.2,10.1,39.1
2026-09-15 17:00:00,Gorontalo,Gorontalo,Sulawesi,7.6,10.4,41.3
2026-09-15 18:00:00,Gorontalo,Gorontalo,Sulawesi,8.2,11.0,44.6
2026-09-15 19:00:00,Gorontalo,Gorontalo,Sulawesi,9.0,11.8,48.9
2026-09-15 20:00:00,Gorontalo,Gorontalo,Sulawesi,9.8,12.6,51.9
2026-09-15 21:00:00,Gorontalo,Gorontalo,Sulawesi,10.2,12.9,52.7
2026-09-15 22:00:00,Gorontalo,Gorontalo,Sulawesi,10.6,13.4,53.4
2026-09-15 23:00:00,Gorontalo,Gorontalo,Sulawesi,11.6,14.7,55.3
2026-09-16 00:00:00,Gorontalo,Gorontalo,Sulawesi,13.4,17.5,58.7
2026-09-16 01:00:00,Gorontalo,Gorontalo,Sulawesi,13.4,17.6,58.7
2026-09-16 02:00:00,Gorontalo,Gorontalo,Sulawesi,13.0,17.2,57.9
2026-09-16 03:00:00,Gorontalo,Gorontalo,Sulawesi,12.3,16.5,56.6
2026-09-16 04:00:00,Gorontalo,Gorontalo,Sulawesi,11.4,15.7,54.9
2026-09-16 05:00:00,Gorontalo,Gorontalo,Sulawesi,10.6,14.8,53.4
2026-09-16 06:00:00,Gorontalo,Gorontalo,Sulawesi,9.9,14.1,52.1
2026-09-16 07:00:00,Gorontalo,Gorontalo,Sulawesi,9.1,13.4,49.5
2026-09-16 08:00:00,Gorontalo,Gorontalo,Sulawesi,8.4,12.5,45.7
2026-09-16 09:00:00,Gorontalo,Gorontalo,Sulawesi,8.0,12.0,43.5
2026-09-16 10:00:00,Gorontalo,Gorontalo,Sulawesi,8.1,12.1,44.0
2026-09-16 11:00:00,Gorontalo,Gorontalo,Sulawesi,8.6,12.7,46.7
2026-09-16 12:00:00,Gorontalo,Gorontalo,Sulawesi,8.7,12.6,47.3
2026-09-16 13:00:00,Gorontalo,Gorontalo,Sulawesi,9.1,13.1,49.5
2026-09-16 14:00:00,Gorontalo,Gorontalo,Sulawesi,9.7,13.9,51.8
2026-09-16 15:00:00,Gorontalo,Gorontalo,Sulawesi,9.7,14.0,51.8
2026-09-16 16:00:00,Gorontalo,Gorontalo,Sulawesi,9.5,13.7,51.4
2026-09-16 17:00:00,Gorontalo,Gorontalo,Sulawesi,9.4,13.5,51.2
2026-09-16 18:00:00,Gorontalo,Gorontalo,Sulawesi,9.2,13.2,50.0
2026-09-16 19:00:00,Gorontalo,Gorontalo,Sulawesi,9.1,13.1,49.5
2026-09-16 20:00:00,Gorontalo,Gorontalo,Sulawesi,9.2,13.2,50.0
2026-09-16 21:00:00,Gorontalo,Gorontalo,Sulawesi,9.5,13.5,51.4
2026-09-16 22:00:00,Gorontalo,Gorontalo,Sulawesi,9.9,14.0,52.1
2026-09-16 23:00:00,Gorontalo,Gorontalo,Sulawesi,10.5,14.8,53.3
2026-09-07 00:00:00,Mamuju,Sulawesi Barat,Sulawesi,14.5,17.6,60.8
2026-09-07 01:00:00,Mamuju,Sulawesi Barat,Sulawesi,14.7,17.8,61.1
2026-09-07 02:00:00,Mamuju,Sulawesi Barat,Sulawesi,15.3,18.5,62.3
2026-09-07 03:00:00,Mamuju,Sulawesi Barat,Sulawesi,15.9,19.3,63.4
2026-09-07 04:00:00,Mamuju,Sulawesi Barat,Sulawesi,16.7,20.3,64.9
2026-09-07 05:00:00,Mamuju,Sulawesi Barat,Sulawesi,17.2,21.0,65.8
2026-09-07 06:00:00,Mamuju,Sulawesi Barat,Sulawesi,17.1,20.8,65.6
2026-09-07 07:00:00,Mamuju,Sulawesi Barat,Sulawesi,16.8,20.0,65.1
2026-09-07 08:00:00,Mamuju,Sulawesi Barat,Sulawesi,17.1,20.3,65.6
2026-09-07 09:00:00,Mamuju,Sulawesi Barat,Sulawesi,18.0,21.5,67.3
2026-09-07 10:00:00,Mamuju,Sulawesi Barat,Sulawesi,18.9,22.8,69.0
2026-09-07 11:00:00,Mamuju,Sulawesi Barat,Sulawesi,18.9,22.9,69.0
2026-09-07 12:00:00,Mamuju,Sulawesi Barat,Sulawesi,25.4,31.0,81.2
2026-09-07 13:00:00,Mamuju,Sulawesi Barat,Sulawesi,22.5,27.6,75.8
2026-09-07 14:00:00,Mamuju,Sulawesi Barat,Sulawesi,20.1,24.8,71.3
2026-09-07 15:00:00,Mamuju,Sulawesi Barat,Sulawesi,17.9,22.3,67.1
2026-09-07 16:00:00,Mamuju,Sulawesi Barat,Sulawesi,16.1,20.2,63.8
2026-09-07 17:00:00,Mamuju,Sulawesi Barat,Sulawesi,15.0,18.7,61.7
2026-09-07 18:00:00,Mamuju,Sulawesi Barat,Sulawesi,15.3,18.9,62.3
2026-09-07 19:00:00,Mamuju,Sulawesi Barat,Sulawesi,16.1,19.6,63.8
2026-09-07 20:00:00,Mamuju,Sulawesi Barat,Sulawesi,16.1,19.3,63.8
2026-09-07 21:00:00,Mamuju,Sulawesi Barat,Sulawesi,17.1,20.1,65.6
2026-09-07 22:00:00,Mamuju,Sulawesi Barat,Sulawesi,17.6,20.4,66.6
2026-09-07 23:00:00,Mamuju,Sulawesi Barat,Sulawesi,17.8,20.4,67.0
2026-09-08 00:00:00,Mamuju,Sulawesi Barat,Sulawesi,14.4,16.3,60.6
2026-09-08 01:00:00,Mamuju,Sulawesi Barat,Sulawesi,15.0,16.8,61.7
2026-09-08 02:00:00,Mamuju,Sulawesi Barat,Sulawesi,15.0,16.5,61.7
2026-09-08 03:00:00,Mamuju,Sulawesi Barat,Sulawesi,14.6,16.1,61.0
2026-09-08 04:00:00,Mamuju,Sulawesi Barat,Sulawesi,14.4,16.2,60.6
2026-09-08 05:00:00,Mamuju,Sulawesi Barat,Sulawesi,14.7,17.3,61.1
2026-09-08 06:00:00,Mamuju,Sulawesi Barat,Sulawesi,15.1,18.2,61.9
2026-09-08 07:00:00,Mamuju,Sulawesi Barat,Sulawesi,15.4,18.8,62.5
2026-09-08 08:00:00,Mamuju,Sulawesi Barat,Sulawesi,15.8,19.3,63.2
2026-09-08 09:00:00,Mamuju,Sulawesi Barat,Sulawesi,16.3,20.0,64.1
2026-09-08 10:00:00,Mamuju,Sulawesi Barat,Sulawesi,16.5,20.2,64.5
2026-09-08 11:00:00,Mamuju,Sulawesi Barat,Sulawesi,16.8,20.7,65.1
2026-09-08 12:00:00,Mamuju,Sulawesi Barat,Sulawesi,17.2,21.9,65.8
2026-09-08 13:00:00,Mamuju,Sulawesi Barat,Sulawesi,16.5,21.2,64.5
2026-09-08 14:00:00,Mamuju,Sulawesi Barat,Sulawesi,15.3,19.8,62.3
2026-09-08 15:00:00,Mamuju,Sulawesi Barat,Sulawesi,14.0,18.2,59.8
2026-09-08 16:00:00,Mamuju,Sulawesi Barat,Sulawesi,13.0,16.8,57.9
2026-09-08 17:00:00,Mamuju,Sulawesi Barat,Sulawesi,12.5,15.9,57.0
2026-09-08 18:00:00,Mamuju,Sulawesi Barat,Sulawesi,12.3,15.4,56.6
2026-09-08 19:00:00,Mamuju,Sulawesi Barat,Sulawesi,12.3,15.3,56.6
2026-09-08 20:00:00,Mamuju,Sulawesi Barat,Sulawesi,12.7,15.5,57.4
2026-09-08 21:00:00,Mamuju,Sulawesi Barat,Sulawesi,13.4,15.9,58.7
2026-09-08 22:00:00,Mamuju,Sulawesi Barat,Sulawesi,13.9,16.2,59.6
2026-09-08 23:00:00,Mamuju,Sulawesi Barat,Sulawesi,14.3,16.5,60.4
2026-09-09 00:00:00,Mamuju,Sulawesi Barat,Sulawesi,16.1,18.7,63.8
2026-09-09 01:00:00,Mamuju,Sulawesi Barat,Sulawesi,15.8,18.4,63.2
2026-09-09 02:00:00,Mamuju,Sulawesi Barat,Sulawesi,15.4,18.2,62.5
2026-09-09 03:00:00,Mamuju,Sulawesi Barat,Sulawesi,14.9,17.8,61.5
2026-09-09 04:00:00,Mamuju,Sulawesi Barat,Sulawesi,14.0,17.1,59.8
2026-09-09 05:00:00,Mamuju,Sulawesi Barat,Sulawesi,13.2,16.5,58.3
2026-09-09 06:00:00,Mamuju,Sulawesi Barat,Sulawesi,13.0,16.6,57.9
2026-09-09 07:00:00,Mamuju,Sulawesi Barat,Sulawesi,13.4,17.3,58.7
2026-09-09 08:00:00,Mamuju,Sulawesi Barat,Sulawesi,13.7,17.6,59.3
2026-09-09 09:00:00,Mamuju,Sulawesi Barat,Sulawesi,13.6,17.2,59.1
2026-09-09 10:00:00,Mamuju,Sulawesi Barat,Sulawesi,13.4,16.9,58.7
2026-09-09 11:00:00,Mamuju,Sulawesi Barat,Sulawesi,13.2,16.8,58.3
2026-09-09 12:00:00,Mamuju,Sulawesi Barat,Sulawesi,17.6,22.4,66.6
2026-09-09 13:00:00,Mamuju,Sulawesi Barat,Sulawesi,16.9,21.6,65.3
2026-09-09 14:00:00,Mamuju,Sulawesi Barat,Sulawesi,16.4,21.0,64.3
2026-09-09 15:00:00,Mamuju,Sulawesi Barat,Sulawesi,15.8,20.0,63.2
2026-09-09 16:00:00,Mamuju,Sulawesi Barat,Sulawesi,15.5,19.6,62.6
2026-09-09 17:00:00,Mamuju,Sulawesi Barat,Sulawesi,15.6,19.4,62.8
2026-09-09 18:00:00,Mamuju,Sulawesi Barat,Sulawesi,15.8,19.4,63.2
2026-09-09 19:00:00,Mamuju,Sulawesi Barat,Sulawesi,15.9,19.4,63.4
2026-09-09 20:00:00,Mamuju,Sulawesi Barat,Sulawesi,16.0,19.2,63.6
2026-09-09 21:00:00,Mamuju,Sulawesi Barat,Sulawesi,15.9,19.0,63.4
2026-09-09 22:00:00,Mamuju,Sulawesi Barat,Sulawesi,15.9,19.0,63.4
2026-09-09 23:00:00,Mamuju,Sulawesi Barat,Sulawesi,16.0,19.1,63.6
2026-09-10 00:00:00,Mamuju,Sulawesi Barat,Sulawesi,18.0,21.7,67.3
2026-09-10 01:00:00,Mamuju,Sulawesi Barat,Sulawesi,18.3,21.9,67.9
2026-09-10 02:00:00,Mamuju,Sulawesi Barat,Sulawesi,18.6,22.4,68.5
2026-09-10 03:00:00,Mamuju,Sulawesi Barat,Sulawesi,18.7,22.6,68.6
2026-09-10 04:00:00,Mamuju,Sulawesi Barat,Sulawesi,18.8,22.9,68.8
2026-09-10 05:00:00,Mamuju,Sulawesi Barat,Sulawesi,18.9,23.1,69.0
2026-09-10 06:00:00,Mamuju,Sulawesi Barat,Sulawesi,17.9,22.1,67.1
2026-09-10 07:00:00,Mamuju,Sulawesi Barat,Sulawesi,17.7,21.9,66.8
2026-09-10 08:00:00,Mamuju,Sulawesi Barat,Sulawesi,17.9,22.1,67.1
2026-09-10 09:00:00,Mamuju,Sulawesi Barat,Sulawesi,18.5,22.7,68.3
2026-09-10 10:00:00,Mamuju,Sulawesi Barat,Sulawesi,19.1,23.3,69.4
2026-09-10 11:00:00,Mamuju,Sulawesi Barat,Sulawesi,19.5,23.7,70.1
2026-09-10 12:00:00,Mamuju,Sulawesi Barat,Sulawesi,20.0,24.7,71.1
2026-09-10 13:00:00,Mamuju,Sulawesi Barat,Sulawesi,19.3,23.8,69.8
2026-09-10 14:00:00,Mamuju,Sulawesi Barat,Sulawesi,17.8,21.9,67.0
2026-09-10 15:00:00,Mamuju,Sulawesi Barat,Sulawesi,16.5,20.1,64.5
2026-09-10 16:00:00,Mamuju,Sulawesi Barat,Sulawesi,16.4,19.9,64.3
2026-09-10 17:00:00,Mamuju,Sulawesi Barat,Sulawesi,15.7,18.8,63.0
2026-09-10 18:00:00,Mamuju,Sulawesi Barat,Sulawesi,15.4,18.2,62.5
2026-09-10 19:00:00,Mamuju,Sulawesi Barat,Sulawesi,15.9,18.6,63.4
2026-09-10 20:00:00,Mamuju,Sulawesi Barat,Sulawesi,17.7,20.5,66.8
2026-09-10 21:00:00,Mamuju,Sulawesi Barat,Sulawesi,17.3,20.1,66.0
2026-09-10 22:00:00,Mamuju,Sulawesi Barat,Sulawesi,17.8,20.5,67.0
2026-09-10 23:00:00,Mamuju,Sulawesi Barat,Sulawesi,17.7,20.4,66.8
2026-09-11 00:00:00,Mamuju,Sulawesi Barat,Sulawesi,10.9,12.1,54.0
2026-09-11 01:00:00,Mamuju,Sulawesi Barat,Sulawesi,12.0,13.3,56.1
2026-09-11 02:00:00,Mamuju,Sulawesi Barat,Sulawesi,12.5,13.9,57.0
2026-09-11 03:00:00,Mamuju,Sulawesi Barat,Sulawesi,12.9,14.3,57.8
2026-09-11 04:00:00,Mamuju,Sulawesi Barat,Sulawesi,13.6,15.3,59.1
2026-09-11 05:00:00,Mamuju,Sulawesi Barat,Sulawesi,14.6,16.6,61.0
2026-09-11 06:00:00,Mamuju,Sulawesi Barat,Sulawesi,15.3,17.9,62.3
2026-09-11 07:00:00,Mamuju,Sulawesi Barat,Sulawesi,15.3,18.0,62.3
2026-09-11 08:00:00,Mamuju,Sulawesi Barat,Sulawesi,15.0,17.6,61.7
2026-09-11 09:00:00,Mamuju,Sulawesi Barat,Sulawesi,14.9,17.4,61.5
2026-09-11 10:00:00,Mamuju,Sulawesi Barat,Sulawesi,15.1,17.5,61.9
2026-09-11 11:00:00,Mamuju,Sulawesi Barat,Sulawesi,15.7,18.0,63.0
2026-09-11 12:00:00,Mamuju,Sulawesi Barat,Sulawesi,26.1,30.3,82.5
2026-09-11 13:00:00,Mamuju,Sulawesi Barat,Sulawesi,26.0,30.3,82.4
2026-09-11 14:00:00,Mamuju,Sulawesi Barat,Sulawesi,25.7,30.2,81.8
2026-09-11 15:00:00,Mamuju,Sulawesi Barat,Sulawesi,25.1,29.7,80.7
2026-09-11 16:00:00,Mamuju,Sulawesi Barat,Sulawesi,24.1,28.9,78.8
2026-09-11 17:00:00,Mamuju,Sulawesi Barat,Sulawesi,22.5,27.1,75.8
2026-09-11 18:00:00,Mamuju,Sulawesi Barat,Sulawesi,21.1,25.7,73.2
2026-09-11 19:00:00,Mamuju,Sulawesi Barat,Sulawesi,20.3,24.7,71.7
2026-09-11 20:00:00,Mamuju,Sulawesi Barat,Sulawesi,20.1,24.5,71.3
2026-09-11 21:00:00,Mamuju,Sulawesi Barat,Sulawesi,20.1,24.4,71.3
2026-09-11 22:00:00,Mamuju,Sulawesi Barat,Sulawesi,20.5,24.7,72.0
2026-09-11 23:00:00,Mamuju,Sulawesi Barat,Sulawesi,21.4,25.4,73.7
2026-09-12 00:00:00,Mamuju,Sulawesi Barat,Sulawesi,14.8,17.7,61.3
2026-09-12 01:00:00,Mamuju,Sulawesi Barat,Sulawesi,15.9,18.9,63.4
2026-09-12 02:00:00,Mamuju,Sulawesi Barat,Sulawesi,16.7,19.9,64.9
2026-09-12 03:00:00,Mamuju,Sulawesi Barat,Sulawesi,17.8,21.2,67.0
2026-09-12 04:00:00,Mamuju,Sulawesi Barat,Sulawesi,18.9,22.5,69.0
2026-09-12 05:00:00,Mamuju,Sulawesi Barat,Sulawesi,20.4,24.4,71.8
2026-09-12 06:00:00,Mamuju,Sulawesi Barat,Sulawesi,21.6,25.8,74.1
2026-09-12 07:00:00,Mamuju,Sulawesi Barat,Sulawesi,22.2,26.1,75.2
2026-09-12 08:00:00,Mamuju,Sulawesi Barat,Sulawesi,22.5,26.0,75.8
2026-09-12 09:00:00,Mamuju,Sulawesi Barat,Sulawesi,22.8,26.0,76.3
2026-09-12 10:00:00,Mamuju,Sulawesi Barat,Sulawesi,23.3,26.4,77.3
2026-09-12 11:00:00,Mamuju,Sulawesi Barat,Sulawesi,23.3,26.5,77.3
2026-09-12 12:00:00,Mamuju,Sulawesi Barat,Sulawesi,21.1,24.8,73.2
2026-09-12 13:00:00,Mamuju,Sulawesi Barat,Sulawesi,20.8,24.6,72.6
2026-09-12 14:00:00,Mamuju,Sulawesi Barat,Sulawesi,20.7,24.6,72.4
2026-09-12 15:00:00,Mamuju,Sulawesi Barat,Sulawesi,20.6,24.6,72.2
2026-09-12 16:00:00,Mamuju,Sulawesi Barat,Sulawesi,21.2,25.5,73.3
2026-09-12 17:00:00,Mamuju,Sulawesi Barat,Sulawesi,21.5,26.0,73.9
2026-09-12 18:00:00,Mamuju,Sulawesi Barat,Sulawesi,21.2,25.7,73.3
2026-09-12 19:00:00,Mamuju,Sulawesi Barat,Sulawesi,20.6,24.9,72.2
2026-09-12 20:00:00,Mamuju,Sulawesi Barat,Sulawesi,20.8,24.8,72.6
2026-09-12 21:00:00,Mamuju,Sulawesi Barat,Sulawesi,21.5,25.2,73.9
2026-09-12 22:00:00,Mamuju,Sulawesi Barat,Sulawesi,22.2,26.0,75.2
2026-09-12 23:00:00,Mamuju,Sulawesi Barat,Sulawesi,22.7,26.4,76.2
2026-09-13 00:00:00,Mamuju,Sulawesi Barat,Sulawesi,24.3,28.3,79.2
2026-09-13 01:00:00,Mamuju,Sulawesi Barat,Sulawesi,24.7,28.8,79.9
2026-09-13 02:00:00,Mamuju,Sulawesi Barat,Sulawesi,24.9,28.9,80.3
2026-09-13 03:00:00,Mamuju,Sulawesi Barat,Sulawesi,24.7,28.9,79.9
2026-09-13 04:00:00,Mamuju,Sulawesi Barat,Sulawesi,24.4,28.8,79.3
2026-09-13 05:00:00,Mamuju,Sulawesi Barat,Sulawesi,23.4,27.9,77.5
2026-09-13 06:00:00,Mamuju,Sulawesi Barat,Sulawesi,21.0,25.4,73.0
2026-09-13 07:00:00,Mamuju,Sulawesi Barat,Sulawesi,17.8,21.8,67.0
2026-09-13 08:00:00,Mamuju,Sulawesi Barat,Sulawesi,14.9,18.5,61.5
2026-09-13 09:00:00,Mamuju,Sulawesi Barat,Sulawesi,12.7,16.2,57.4
2026-09-13 10:00:00,Mamuju,Sulawesi Barat,Sulawesi,11.3,14.7,54.8
2026-09-13 11:00:00,Mamuju,Sulawesi Barat,Sulawesi,10.1,13.3,52.5
2026-09-13 12:00:00,Mamuju,Sulawesi Barat,Sulawesi,9.8,12.6,51.9
2026-09-13 13:00:00,Mamuju,Sulawesi Barat,Sulawesi,9.2,11.7,50.0
2026-09-13 14:00:00,Mamuju,Sulawesi Barat,Sulawesi,9.5,11.8,51.4
2026-09-13 15:00:00,Mamuju,Sulawesi Barat,Sulawesi,11.9,14.3,55.9
2026-09-13 16:00:00,Mamuju,Sulawesi Barat,Sulawesi,15.5,18.3,62.6
2026-09-13 17:00:00,Mamuju,Sulawesi Barat,Sulawesi,19.1,22.5,69.4
2026-09-13 18:00:00,Mamuju,Sulawesi Barat,Sulawesi,22.6,26.5,76.0
2026-09-13 19:00:00,Mamuju,Sulawesi Barat,Sulawesi,25.1,29.5,80.7
2026-09-13 20:00:00,Mamuju,Sulawesi Barat,Sulawesi,26.8,31.3,83.9
2026-09-13 21:00:00,Mamuju,Sulawesi Barat,Sulawesi,27.8,32.4,85.7
2026-09-13 22:00:00,Mamuju,Sulawesi Barat,Sulawesi,28.2,32.8,86.5
2026-09-13 23:00:00,Mamuju,Sulawesi Barat,Sulawesi,28.0,32.4,86.1
2026-09-14 00:00:00,Mamuju,Sulawesi Barat,Sulawesi,20.0,22.9,71.1
2026-09-14 01:00:00,Mamuju,Sulawesi Barat,Sulawesi,19.3,22.2,69.8
2026-09-14 02:00:00,Mamuju,Sulawesi Barat,Sulawesi,18.0,21.0,67.3
2026-09-14 03:00:00,Mamuju,Sulawesi Barat,Sulawesi,17.2,20.4,65.8
2026-09-14 04:00:00,Mamuju,Sulawesi Barat,Sulawesi,17.0,20.5,65.5
2026-09-14 05:00:00,Mamuju,Sulawesi Barat,Sulawesi,16.7,20.5,64.9
2026-09-14 06:00:00,Mamuju,Sulawesi Barat,Sulawesi,15.9,19.9,63.4
2026-09-14 07:00:00,Mamuju,Sulawesi Barat,Sulawesi,15.6,19.4,62.8
2026-09-14 08:00:00,Mamuju,Sulawesi Barat,Sulawesi,17.1,20.5,65.6
2026-09-14 09:00:00,Mamuju,Sulawesi Barat,Sulawesi,17.4,20.5,66.2
2026-09-14 10:00:00,Mamuju,Sulawesi Barat,Sulawesi,16.1,19.0,63.8
2026-09-14 11:00:00,Mamuju,Sulawesi Barat,Sulawesi,14.5,17.5,60.8
2026-09-14 12:00:00,Mamuju,Sulawesi Barat,Sulawesi,9.6,12.5,51.6
2026-09-14 13:00:00,Mamuju,Sulawesi Barat,Sulawesi,9.3,12.4,51.0
2026-09-14 14:00:00,Mamuju,Sulawesi Barat,Sulawesi,9.5,12.9,51.4
2026-09-14 15:00:00,Mamuju,Sulawesi Barat,Sulawesi,10.1,13.5,52.5
2026-09-14 16:00:00,Mamuju,Sulawesi Barat,Sulawesi,10.3,13.6,52.9
2026-09-14 17:00:00,Mamuju,Sulawesi Barat,Sulawesi,10.2,13.2,52.7
2026-09-14 18:00:00,Mamuju,Sulawesi Barat,Sulawesi,10.1,12.7,52.5
2026-09-14 19:00:00,Mamuju,Sulawesi Barat,Sulawesi,10.4,12.8,53.1
2026-09-14 20:00:00,Mamuju,Sulawesi Barat,Sulawesi,11.3,13.6,54.8
2026-09-14 21:00:00,Mamuju,Sulawesi Barat,Sulawesi,12.6,15.0,57.2
2026-09-14 22:00:00,Mamuju,Sulawesi Barat,Sulawesi,13.8,16.2,59.4
2026-09-14 23:00:00,Mamuju,Sulawesi Barat,Sulawesi,14.9,17.4,61.5
2026-09-15 00:00:00,Mamuju,Sulawesi Barat,Sulawesi,15.1,17.8,61.9
2026-09-15 01:00:00,Mamuju,Sulawesi Barat,Sulawesi,16.2,19.1,64.0
2026-09-15 02:00:00,Mamuju,Sulawesi Barat,Sulawesi,17.1,20.1,65.6
2026-09-15 03:00:00,Mamuju,Sulawesi Barat,Sulawesi,17.9,21.3,67.1
2026-09-15 04:00:00,Mamuju,Sulawesi Barat,Sulawesi,19.2,23.1,69.6
2026-09-15 05:00:00,Mamuju,Sulawesi Barat,Sulawesi,20.8,25.3,72.6
2026-09-15 06:00:00,Mamuju,Sulawesi Barat,Sulawesi,22.2,27.1,75.2
2026-09-15 07:00:00,Mamuju,Sulawesi Barat,Sulawesi,22.6,27.6,76.0
2026-09-15 08:00:00,Mamuju,Sulawesi Barat,Sulawesi,21.7,26.5,74.3
2026-09-15 09:00:00,Mamuju,Sulawesi Barat,Sulawesi,19.0,23.4,69.2
2026-09-15 10:00:00,Mamuju,Sulawesi Barat,Sulawesi,15.7,19.7,63.0
2026-09-15 11:00:00,Mamuju,Sulawesi Barat,Sulawesi,13.4,17.2,58.7
2026-09-15 12:00:00,Mamuju,Sulawesi Barat,Sulawesi,13.2,17.7,58.3
2026-09-15 13:00:00,Mamuju,Sulawesi Barat,Sulawesi,12.1,16.4,56.3
2026-09-15 14:00:00,Mamuju,Sulawesi Barat,Sulawesi,11.0,15.0,54.2
2026-09-15 15:00:00,Mamuju,Sulawesi Barat,Sulawesi,10.0,13.5,52.3
2026-09-15 16:00:00,Mamuju,Sulawesi Barat,Sulawesi,9.2,12.2,50.0
2026-09-15 17:00:00,Mamuju,Sulawesi Barat,Sulawesi,8.8,11.4,47.8
2026-09-15 18:00:00,Mamuju,Sulawesi Barat,Sulawesi,8.8,11.0,47.8
2026-09-15 19:00:00,Mamuju,Sulawesi Barat,Sulawesi,9.5,11.4,51.4
2026-09-15 20:00:00,Mamuju,Sulawesi Barat,Sulawesi,11.1,13.2,54.4
2026-09-15 21:00:00,Mamuju,Sulawesi Barat,Sulawesi,13.4,15.6,58.7
2026-09-15 22:00:00,Mamuju,Sulawesi Barat,Sulawesi,15.8,18.1,63.2
2026-09-15 23:00:00,Mamuju,Sulawesi Barat,Sulawesi,18.3,20.4,67.9
2026-09-16 00:00:00,Mamuju,Sulawesi Barat,Sulawesi,18.3,21.0,67.9
2026-09-16 01:00:00,Mamuju,Sulawesi Barat,Sulawesi,18.5,21.4,68.3
2026-09-16 02:00:00,Mamuju,Sulawesi Barat,Sulawesi,18.5,21.7,68.3
2026-09-16 03:00:00,Mamuju,Sulawesi Barat,Sulawesi,18.3,21.8,67.9
2026-09-16 04:00:00,Mamuju,Sulawesi Barat,Sulawesi,18.3,22.2,67.9
2026-09-16 05:00:00,Mamuju,Sulawesi Barat,Sulawesi,18.5,22.6,68.3
2026-09-16 06:00:00,Mamuju,Sulawesi Barat,Sulawesi,18.7,23.1,68.6
2026-09-16 07:00:00,Mamuju,Sulawesi Barat,Sulawesi,18.7,23.1,68.6
2026-09-16 08:00:00,Mamuju,Sulawesi Barat,Sulawesi,18.0,22.2,67.3
2026-09-16 09:00:00,Mamuju,Sulawesi Barat,Sulawesi,16.8,21.2,65.1
2026-09-16 10:00:00,Mamuju,Sulawesi Barat,Sulawesi,15.8,20.5,63.2
2026-09-16 11:00:00,Mamuju,Sulawesi Barat,Sulawesi,15.4,20.4,62.5
2026-09-16 12:00:00,Mamuju,Sulawesi Barat,Sulawesi,15.3,20.5,62.3
2026-09-16 13:00:00,Mamuju,Sulawesi Barat,Sulawesi,14.8,20.2,61.3
2026-09-16 14:00:00,Mamuju,Sulawesi Barat,Sulawesi,14.1,19.4,60.0
2026-09-16 15:00:00,Mamuju,Sulawesi Barat,Sulawesi,13.3,18.5,58.5
2026-09-16 16:00:00,Mamuju,Sulawesi Barat,Sulawesi,12.4,17.3,56.8
2026-09-16 17:00:00,Mamuju,Sulawesi Barat,Sulawesi,11.6,16.0,55.3
2026-09-16 18:00:00,Mamuju,Sulawesi Barat,Sulawesi,11.2,15.1,54.6
2026-09-16 19:00:00,Mamuju,Sulawesi Barat,Sulawesi,11.2,14.7,54.6
2026-09-16 20:00:00,Mamuju,Sulawesi Barat,Sulawesi,11.6,14.8,55.3
2026-09-16 21:00:00,Mamuju,Sulawesi Barat,Sulawesi,12.1,15.3,56.3
2026-09-16 22:00:00,Mamuju,Sulawesi Barat,Sulawesi,12.5,15.7,57.0
2026-09-16 23:00:00,Mamuju,Sulawesi Barat,Sulawesi,13.0,16.2,57.9
2026-09-07 00:00:00,Ambon,Maluku,Maluku & Papua,7.8,9.9,42.4
2026-09-07 01:00:00,Ambon,Maluku,Maluku & Papua,8.9,11.1,48.4
2026-09-07 02:00:00,Ambon,Maluku,Maluku & Papua,10.4,12.8,53.1
2026-09-07 03:00:00,Ambon,Maluku,Maluku & Papua,11.3,13.8,54.8
2026-09-07 04:00:00,Ambon,Maluku,Maluku & Papua,12.3,15.0,56.6
2026-09-07 05:00:00,Ambon,Maluku,Maluku & Papua,13.2,15.9,58.3
2026-09-07 06:00:00,Ambon,Maluku,Maluku & Papua,13.7,16.5,59.3
2026-09-07 07:00:00,Ambon,Maluku,Maluku & Papua,14.7,17.7,61.1
2026-09-07 08:00:00,Ambon,Maluku,Maluku & Papua,15.0,18.1,61.7
2026-09-07 09:00:00,Ambon,Maluku,Maluku & Papua,14.9,18.1,61.5
2026-09-07 10:00:00,Ambon,Maluku,Maluku & Papua,15.0,18.4,61.7
2026-09-07 11:00:00,Ambon,Maluku,Maluku & Papua,14.0,17.3,59.8
2026-09-07 12:00:00,Ambon,Maluku,Maluku & Papua,11.5,14.2,55.1
2026-09-07 13:00:00,Ambon,Maluku,Maluku & Papua,11.3,14.1,54.8
2026-09-07 14:00:00,Ambon,Maluku,Maluku & Papua,10.7,13.4,53.6
2026-09-07 15:00:00,Ambon,Maluku,Maluku & Papua,10.1,12.8,52.5
2026-09-07 16:00:00,Ambon,Maluku,Maluku & Papua,9.5,12.2,51.4
2026-09-07 17:00:00,Ambon,Maluku,Maluku & Papua,9.2,11.9,50.0
2026-09-07 18:00:00,Ambon,Maluku,Maluku & Papua,9.0,11.7,48.9
2026-09-07 19:00:00,Ambon,Maluku,Maluku & Papua,8.9,11.7,48.4
2026-09-07 20:00:00,Ambon,Maluku,Maluku & Papua,8.9,11.7,48.4
2026-09-07 21:00:00,Ambon,Maluku,Maluku & Papua,8.9,11.8,48.4
2026-09-07 22:00:00,Ambon,Maluku,Maluku & Papua,9.0,12.0,48.9
2026-09-07 23:00:00,Ambon,Maluku,Maluku & Papua,9.2,12.3,50.0
2026-09-08 00:00:00,Ambon,Maluku,Maluku & Papua,7.2,9.9,39.1
2026-09-08 01:00:00,Ambon,Maluku,Maluku & Papua,7.5,10.2,40.8
2026-09-08 02:00:00,Ambon,Maluku,Maluku & Papua,7.8,10.7,42.4
2026-09-08 03:00:00,Ambon,Maluku,Maluku & Papua,8.1,11.1,44.0
2026-09-08 04:00:00,Ambon,Maluku,Maluku & Papua,8.3,11.6,45.1
2026-09-08 05:00:00,Ambon,Maluku,Maluku & Papua,8.2,11.7,44.6
2026-09-08 06:00:00,Ambon,Maluku,Maluku & Papua,7.9,11.4,42.9
2026-09-08 07:00:00,Ambon,Maluku,Maluku & Papua,7.3,10.9,39.7
2026-09-08 08:00:00,Ambon,Maluku,Maluku & Papua,6.7,10.3,36.4
2026-09-08 09:00:00,Ambon,Maluku,Maluku & Papua,6.2,9.7,33.7
2026-09-08 10:00:00,Ambon,Maluku,Maluku & Papua,6.0,9.7,32.6
2026-09-08 11:00:00,Ambon,Maluku,Maluku & Papua,6.3,10.2,34.2
2026-09-08 12:00:00,Ambon,Maluku,Maluku & Papua,6.2,10.2,33.7
2026-09-08 13:00:00,Ambon,Maluku,Maluku & Papua,6.4,10.5,34.8
2026-09-08 14:00:00,Ambon,Maluku,Maluku & Papua,6.3,10.2,34.2
2026-09-08 15:00:00,Ambon,Maluku,Maluku & Papua,6.2,10.1,33.7
2026-09-08 16:00:00,Ambon,Maluku,Maluku & Papua,6.1,10.0,33.2
2026-09-08 17:00:00,Ambon,Maluku,Maluku & Papua,6.0,9.8,32.6
2026-09-08 18:00:00,Ambon,Maluku,Maluku & Papua,5.9,9.5,32.1
2026-09-08 19:00:00,Ambon,Maluku,Maluku & Papua,5.8,9.3,31.5
2026-09-08 20:00:00,Ambon,Maluku,Maluku & Papua,5.6,9.0,30.4
2026-09-08 21:00:00,Ambon,Maluku,Maluku & Papua,5.6,8.9,30.4
2026-09-08 22:00:00,Ambon,Maluku,Maluku & Papua,5.6,8.9,30.4
2026-09-08 23:00:00,Ambon,Maluku,Maluku & Papua,5.8,9.0,31.5
2026-09-09 00:00:00,Ambon,Maluku,Maluku & Papua,5.5,8.5,29.9
2026-09-09 01:00:00,Ambon,Maluku,Maluku & Papua,5.9,9.0,32.1
2026-09-09 02:00:00,Ambon,Maluku,Maluku & Papua,6.2,9.4,33.7
2026-09-09 03:00:00,Ambon,Maluku,Maluku & Papua,6.7,10.2,36.4
2026-09-09 04:00:00,Ambon,Maluku,Maluku & Papua,7.0,10.7,38.0
2026-09-09 05:00:00,Ambon,Maluku,Maluku & Papua,6.8,10.4,37.0
2026-09-09 06:00:00,Ambon,Maluku,Maluku & Papua,7.2,11.0,39.1
2026-09-09 07:00:00,Ambon,Maluku,Maluku & Papua,6.7,10.4,36.4
2026-09-09 08:00:00,Ambon,Maluku,Maluku & Papua,6.2,9.6,33.7
2026-09-09 09:00:00,Ambon,Maluku,Maluku & Papua,6.0,9.5,32.6
2026-09-09 10:00:00,Ambon,Maluku,Maluku & Papua,5.7,9.0,31.0
2026-09-09 11:00:00,Ambon,Maluku,Maluku & Papua,5.6,8.8,30.4
2026-09-09 12:00:00,Ambon,Maluku,Maluku & Papua,5.9,9.0,32.1
2026-09-09 13:00:00,Ambon,Maluku,Maluku & Papua,6.3,9.3,34.2
2026-09-09 14:00:00,Ambon,Maluku,Maluku & Papua,6.8,9.9,37.0
2026-09-09 15:00:00,Ambon,Maluku,Maluku & Papua,7.4,10.6,40.2
2026-09-09 16:00:00,Ambon,Maluku,Maluku & Papua,8.1,11.4,44.0
2026-09-09 17:00:00,Ambon,Maluku,Maluku & Papua,8.8,12.3,47.8
2026-09-09 18:00:00,Ambon,Maluku,Maluku & Papua,9.5,13.0,51.4
2026-09-09 19:00:00,Ambon,Maluku,Maluku & Papua,9.8,13.3,51.9
2026-09-09 20:00:00,Ambon,Maluku,Maluku & Papua,9.9,13.2,52.1
2026-09-09 21:00:00,Ambon,Maluku,Maluku & Papua,9.7,12.9,51.8
2026-09-09 22:00:00,Ambon,Maluku,Maluku & Papua,9.6,12.5,51.6
2026-09-09 23:00:00,Ambon,Maluku,Maluku & Papua,9.3,12.0,51.0
2026-09-10 00:00:00,Ambon,Maluku,Maluku & Papua,10.6,13.6,53.4
2026-09-10 01:00:00,Ambon,Maluku,Maluku & Papua,10.5,13.5,53.3
2026-09-10 02:00:00,Ambon,Maluku,Maluku & Papua,10.2,13.2,52.7
2026-09-10 03:00:00,Ambon,Maluku,Maluku & Papua,9.8,12.7,51.9
2026-09-10 04:00:00,Ambon,Maluku,Maluku & Papua,10.2,13.3,52.7
2026-09-10 05:00:00,Ambon,Maluku,Maluku & Papua,10.3,13.3,52.9
2026-09-10 06:00:00,Ambon,Maluku,Maluku & Papua,11.3,14.4,54.8
2026-09-10 07:00:00,Ambon,Maluku,Maluku & Papua,12.9,16.2,57.8
2026-09-10 08:00:00,Ambon,Maluku,Maluku & Papua,14.5,17.9,60.8
2026-09-10 09:00:00,Ambon,Maluku,Maluku & Papua,15.5,19.3,62.6
2026-09-10 10:00:00,Ambon,Maluku,Maluku & Papua,15.7,19.7,63.0
2026-09-10 11:00:00,Ambon,Maluku,Maluku & Papua,15.4,19.6,62.5
2026-09-10 12:00:00,Ambon,Maluku,Maluku & Papua,14.5,18.6,60.8
2026-09-10 13:00:00,Ambon,Maluku,Maluku & Papua,14.3,18.3,60.4
2026-09-10 14:00:00,Ambon,Maluku,Maluku & Papua,14.4,18.4,60.6
2026-09-10 15:00:00,Ambon,Maluku,Maluku & Papua,14.7,18.5,61.1
2026-09-10 16:00:00,Ambon,Maluku,Maluku & Papua,15.1,18.7,61.9
2026-09-10 17:00:00,Ambon,Maluku,Maluku & Papua,15.5,19.0,62.6
2026-09-10 18:00:00,Ambon,Maluku,Maluku & Papua,15.3,18.6,62.3
2026-09-10 19:00:00,Ambon,Maluku,Maluku & Papua,15.0,18.3,61.7
2026-09-10 20:00:00,Ambon,Maluku,Maluku & Papua,14.7,18.0,61.1
2026-09-10 21:00:00,Ambon,Maluku,Maluku & Papua,15.3,18.9,62.3
2026-09-10 22:00:00,Ambon,Maluku,Maluku & Papua,16.2,19.9,64.0
2026-09-10 23:00:00,Ambon,Maluku,Maluku & Papua,17.5,21.4,66.4
2026-09-11 00:00:00,Ambon,Maluku,Maluku & Papua,17.1,21.0,65.6
2026-09-11 01:00:00,Ambon,Maluku,Maluku & Papua,16.8,20.6,65.1
2026-09-11 02:00:00,Ambon,Maluku,Maluku & Papua,17.1,21.2,65.6
2026-09-11 03:00:00,Ambon,Maluku,Maluku & Papua,16.4,20.7,64.3
2026-09-11 04:00:00,Ambon,Maluku,Maluku & Papua,16.2,20.7,64.0
2026-09-11 05:00:00,Ambon,Maluku,Maluku & Papua,16.5,21.4,64.5
2026-09-11 06:00:00,Ambon,Maluku,Maluku & Papua,16.8,21.7,65.1
2026-09-11 07:00:00,Ambon,Maluku,Maluku & Papua,17.6,22.5,66.6
2026-09-11 08:00:00,Ambon,Maluku,Maluku & Papua,19.1,23.8,69.4
2026-09-11 09:00:00,Ambon,Maluku,Maluku & Papua,20.8,25.6,72.6
2026-09-11 10:00:00,Ambon,Maluku,Maluku & Papua,22.2,27.1,75.2
2026-09-11 11:00:00,Ambon,Maluku,Maluku & Papua,22.4,27.6,75.6
2026-09-11 12:00:00,Ambon,Maluku,Maluku & Papua,23.3,28.2,77.3
2026-09-11 13:00:00,Ambon,Maluku,Maluku & Papua,21.4,26.3,73.7
2026-09-11 14:00:00,Ambon,Maluku,Maluku & Papua,19.4,24.1,70.0
2026-09-11 15:00:00,Ambon,Maluku,Maluku & Papua,19.0,23.6,69.2
2026-09-11 16:00:00,Ambon,Maluku,Maluku & Papua,20.3,24.8,71.7
2026-09-11 17:00:00,Ambon,Maluku,Maluku & Papua,23.0,27.6,76.7
2026-09-11 18:00:00,Ambon,Maluku,Maluku & Papua,26.4,31.2,83.1
2026-09-11 19:00:00,Ambon,Maluku,Maluku & Papua,27.8,32.6,85.7
2026-09-11 20:00:00,Ambon,Maluku,Maluku & Papua,26.2,31.0,82.7
2026-09-11 21:00:00,Ambon,Maluku,Maluku & Papua,23.3,28.3,77.3
2026-09-11 22:00:00,Ambon,Maluku,Maluku & Papua,21.2,26.8,73.3
2026-09-11 23:00:00,Ambon,Maluku,Maluku & Papua,19.2,25.4,69.6
2026-09-12 00:00:00,Ambon,Maluku,Maluku & Papua,20.0,25.8,71.1
2026-09-12 01:00:00,Ambon,Maluku,Maluku & Papua,20.5,27.5,72.0
2026-09-12 02:00:00,Ambon,Maluku,Maluku & Papua,19.9,27.8,70.9
2026-09-12 03:00:00,Ambon,Maluku,Maluku & Papua,18.3,26.9,67.9
2026-09-12 04:00:00,Ambon,Maluku,Maluku & Papua,16.6,25.1,64.7
2026-09-12 05:00:00,Ambon,Maluku,Maluku & Papua,15.5,23.9,62.6
2026-09-12 06:00:00,Ambon,Maluku,Maluku & Papua,14.8,23.3,61.3
2026-09-12 07:00:00,Ambon,Maluku,Maluku & Papua,14.3,22.7,60.4
2026-09-12 08:00:00,Ambon,Maluku,Maluku & Papua,13.9,22.4,59.6
2026-09-12 09:00:00,Ambon,Maluku,Maluku & Papua,13.8,22.4,59.4
2026-09-12 10:00:00,Ambon,Maluku,Maluku & Papua,13.9,22.7,59.6
2026-09-12 11:00:00,Ambon,Maluku,Maluku & Papua,13.9,22.7,59.6
2026-09-12 12:00:00,Ambon,Maluku,Maluku & Papua,14.4,23.4,60.6
2026-09-12 13:00:00,Ambon,Maluku,Maluku & Papua,13.6,22.2,59.1
2026-09-12 14:00:00,Ambon,Maluku,Maluku & Papua,12.8,21.0,57.6
2026-09-12 15:00:00,Ambon,Maluku,Maluku & Papua,11.9,19.7,55.9
2026-09-12 16:00:00,Ambon,Maluku,Maluku & Papua,11.3,18.5,54.8
2026-09-12 17:00:00,Ambon,Maluku,Maluku & Papua,11.1,17.9,54.4
2026-09-12 18:00:00,Ambon,Maluku,Maluku & Papua,11.6,17.8,55.3
2026-09-12 19:00:00,Ambon,Maluku,Maluku & Papua,12.7,18.5,57.4
2026-09-12 20:00:00,Ambon,Maluku,Maluku & Papua,14.1,19.7,60.0
2026-09-12 21:00:00,Ambon,Maluku,Maluku & Papua,16.2,21.9,64.0
2026-09-12 22:00:00,Ambon,Maluku,Maluku & Papua,19.8,26.5,70.7
2026-09-12 23:00:00,Ambon,Maluku,Maluku & Papua,24.4,31.9,79.3
2026-09-13 00:00:00,Ambon,Maluku,Maluku & Papua,18.0,23.7,67.3
2026-09-13 01:00:00,Ambon,Maluku,Maluku & Papua,20.8,26.8,72.6
2026-09-13 02:00:00,Ambon,Maluku,Maluku & Papua,24.3,30.9,79.2
2026-09-13 03:00:00,Ambon,Maluku,Maluku & Papua,26.1,33.1,82.5
2026-09-13 04:00:00,Ambon,Maluku,Maluku & Papua,27.1,34.5,84.4
2026-09-13 05:00:00,Ambon,Maluku,Maluku & Papua,27.5,36.0,85.2
2026-09-13 06:00:00,Ambon,Maluku,Maluku & Papua,22.8,31.2,76.3
2026-09-13 07:00:00,Ambon,Maluku,Maluku & Papua,18.9,27.4,69.0
2026-09-13 08:00:00,Ambon,Maluku,Maluku & Papua,16.9,26.1,65.3
2026-09-13 09:00:00,Ambon,Maluku,Maluku & Papua,15.8,25.2,63.2
2026-09-13 10:00:00,Ambon,Maluku,Maluku & Papua,15.6,25.3,62.8
2026-09-13 11:00:00,Ambon,Maluku,Maluku & Papua,15.3,25.0,62.3
2026-09-13 12:00:00,Ambon,Maluku,Maluku & Papua,16.8,26.9,65.1
2026-09-13 13:00:00,Ambon,Maluku,Maluku & Papua,16.6,26.5,64.7
2026-09-13 14:00:00,Ambon,Maluku,Maluku & Papua,16.2,25.8,64.0
2026-09-13 15:00:00,Ambon,Maluku,Maluku & Papua,15.5,24.6,62.6
2026-09-13 16:00:00,Ambon,Maluku,Maluku & Papua,15.9,24.9,63.4
2026-09-13 17:00:00,Ambon,Maluku,Maluku & Papua,16.7,25.3,64.9
2026-09-13 18:00:00,Ambon,Maluku,Maluku & Papua,18.1,26.4,67.5
2026-09-13 19:00:00,Ambon,Maluku,Maluku & Papua,20.1,28.5,71.3
2026-09-13 20:00:00,Ambon,Maluku,Maluku & Papua,20.0,28.1,71.1
2026-09-13 21:00:00,Ambon,Maluku,Maluku & Papua,18.6,26.2,68.5
2026-09-13 22:00:00,Ambon,Maluku,Maluku & Papua,16.1,23.5,63.8
2026-09-13 23:00:00,Ambon,Maluku,Maluku & Papua,14.3,21.8,60.4
2026-09-14 00:00:00,Ambon,Maluku,Maluku & Papua,14.5,21.3,60.8
2026-09-14 01:00:00,Ambon,Maluku,Maluku & Papua,13.1,19.7,58.1
2026-09-14 02:00:00,Ambon,Maluku,Maluku & Papua,13.2,20.0,58.3
2026-09-14 03:00:00,Ambon,Maluku,Maluku & Papua,13.5,20.5,58.9
2026-09-14 04:00:00,Ambon,Maluku,Maluku & Papua,13.0,20.1,57.9
2026-09-14 05:00:00,Ambon,Maluku,Maluku & Papua,11.4,18.4,54.9
2026-09-14 06:00:00,Ambon,Maluku,Maluku & Papua,10.5,17.3,53.3
2026-09-14 07:00:00,Ambon,Maluku,Maluku & Papua,9.7,16.1,51.8
2026-09-14 08:00:00,Ambon,Maluku,Maluku & Papua,9.7,16.1,51.8
2026-09-14 09:00:00,Ambon,Maluku,Maluku & Papua,10.0,16.5,52.3
2026-09-14 10:00:00,Ambon,Maluku,Maluku & Papua,11.0,17.9,54.2
2026-09-14 11:00:00,Ambon,Maluku,Maluku & Papua,11.5,18.7,55.1
2026-09-14 12:00:00,Ambon,Maluku,Maluku & Papua,10.7,16.9,53.6
2026-09-14 13:00:00,Ambon,Maluku,Maluku & Papua,11.0,17.3,54.2
2026-09-14 14:00:00,Ambon,Maluku,Maluku & Papua,11.3,17.5,54.8
2026-09-14 15:00:00,Ambon,Maluku,Maluku & Papua,11.4,17.5,54.9
2026-09-14 16:00:00,Ambon,Maluku,Maluku & Papua,11.4,17.3,54.9
2026-09-14 17:00:00,Ambon,Maluku,Maluku & Papua,11.1,16.7,54.4
2026-09-14 18:00:00,Ambon,Maluku,Maluku & Papua,11.1,16.7,54.4
2026-09-14 19:00:00,Ambon,Maluku,Maluku & Papua,12.2,17.9,56.4
2026-09-14 20:00:00,Ambon,Maluku,Maluku & Papua,15.0,21.0,61.7
2026-09-14 21:00:00,Ambon,Maluku,Maluku & Papua,19.2,25.4,69.6
2026-09-14 22:00:00,Ambon,Maluku,Maluku & Papua,23.8,30.2,78.2
2026-09-14 23:00:00,Ambon,Maluku,Maluku & Papua,26.7,33.1,83.7
2026-09-15 00:00:00,Ambon,Maluku,Maluku & Papua,28.8,34.6,87.6
2026-09-15 01:00:00,Ambon,Maluku,Maluku & Papua,27.4,32.5,85.0
2026-09-15 02:00:00,Ambon,Maluku,Maluku & Papua,27.7,32.7,85.5
2026-09-15 03:00:00,Ambon,Maluku,Maluku & Papua,25.5,30.2,81.4
2026-09-15 04:00:00,Ambon,Maluku,Maluku & Papua,22.1,26.7,75.0
2026-09-15 05:00:00,Ambon,Maluku,Maluku & Papua,19.0,24.0,69.2
2026-09-15 06:00:00,Ambon,Maluku,Maluku & Papua,15.5,20.9,62.6
2026-09-15 07:00:00,Ambon,Maluku,Maluku & Papua,12.5,18.2,57.0
2026-09-15 08:00:00,Ambon,Maluku,Maluku & Papua,10.8,16.8,53.8
2026-09-15 09:00:00,Ambon,Maluku,Maluku & Papua,10.4,16.9,53.1
2026-09-15 10:00:00,Ambon,Maluku,Maluku & Papua,10.5,17.2,53.3
2026-09-15 11:00:00,Ambon,Maluku,Maluku & Papua,11.4,18.6,54.9
2026-09-15 12:00:00,Ambon,Maluku,Maluku & Papua,12.2,19.6,56.4
2026-09-15 13:00:00,Ambon,Maluku,Maluku & Papua,12.8,20.3,57.6
2026-09-15 14:00:00,Ambon,Maluku,Maluku & Papua,13.4,21.0,58.7
2026-09-15 15:00:00,Ambon,Maluku,Maluku & Papua,14.0,21.5,59.8
2026-09-15 16:00:00,Ambon,Maluku,Maluku & Papua,14.7,22.4,61.1
2026-09-15 17:00:00,Ambon,Maluku,Maluku & Papua,15.5,22.9,62.6
2026-09-15 18:00:00,Ambon,Maluku,Maluku & Papua,16.4,24.0,64.3
2026-09-15 19:00:00,Ambon,Maluku,Maluku & Papua,17.3,25.1,66.0
2026-09-15 20:00:00,Ambon,Maluku,Maluku & Papua,18.4,26.4,68.1
2026-09-15 21:00:00,Ambon,Maluku,Maluku & Papua,19.2,26.8,69.6
2026-09-15 22:00:00,Ambon,Maluku,Maluku & Papua,19.2,26.0,69.6
2026-09-15 23:00:00,Ambon,Maluku,Maluku & Papua,17.9,23.8,67.1
2026-09-16 00:00:00,Ambon,Maluku,Maluku & Papua,15.4,20.8,62.5
2026-09-16 01:00:00,Ambon,Maluku,Maluku & Papua,12.7,18.5,57.4
2026-09-16 02:00:00,Ambon,Maluku,Maluku & Papua,11.1,17.6,54.4
2026-09-16 03:00:00,Ambon,Maluku,Maluku & Papua,10.6,17.6,53.4
2026-09-16 04:00:00,Ambon,Maluku,Maluku & Papua,11.0,18.5,54.2
2026-09-16 05:00:00,Ambon,Maluku,Maluku & Papua,11.0,18.5,54.2
2026-09-16 06:00:00,Ambon,Maluku,Maluku & Papua,10.9,18.5,54.0
2026-09-16 07:00:00,Ambon,Maluku,Maluku & Papua,11.6,19.5,55.3
2026-09-16 08:00:00,Ambon,Maluku,Maluku & Papua,11.0,18.4,54.2
2026-09-16 09:00:00,Ambon,Maluku,Maluku & Papua,11.4,19.1,54.9
2026-09-16 10:00:00,Ambon,Maluku,Maluku & Papua,11.6,19.5,55.3
2026-09-16 11:00:00,Ambon,Maluku,Maluku & Papua,11.7,19.6,55.5
2026-09-16 12:00:00,Ambon,Maluku,Maluku & Papua,11.8,19.9,55.7
2026-09-16 13:00:00,Ambon,Maluku,Maluku & Papua,11.8,19.8,55.7
2026-09-16 14:00:00,Ambon,Maluku,Maluku & Papua,11.7,19.7,55.5
2026-09-16 15:00:00,Ambon,Maluku,Maluku & Papua,12.0,20.2,56.1
2026-09-16 16:00:00,Ambon,Maluku,Maluku & Papua,12.4,20.9,56.8
2026-09-16 17:00:00,Ambon,Maluku,Maluku & Papua,12.5,21.0,57.0
2026-09-16 18:00:00,Ambon,Maluku,Maluku & Papua,12.7,21.0,57.4
2026-09-16 19:00:00,Ambon,Maluku,Maluku & Papua,13.5,21.5,58.9
2026-09-16 20:00:00,Ambon,Maluku,Maluku & Papua,14.8,22.4,61.3
2026-09-16 21:00:00,Ambon,Maluku,Maluku & Papua,16.1,23.3,63.8
2026-09-16 22:00:00,Ambon,Maluku,Maluku & Papua,17.0,23.9,65.5
2026-09-16 23:00:00,Ambon,Maluku,Maluku & Papua,16.2,22.1,64.0
2026-09-07 00:00:00,Sofifi,Maluku Utara,Maluku & Papua,13.7,17.1,59.3
2026-09-07 01:00:00,Sofifi,Maluku Utara,Maluku & Papua,14.1,17.4,60.0
2026-09-07 02:00:00,Sofifi,Maluku Utara,Maluku & Papua,14.3,17.5,60.4
2026-09-07 03:00:00,Sofifi,Maluku Utara,Maluku & Papua,14.4,17.6,60.6
2026-09-07 04:00:00,Sofifi,Maluku Utara,Maluku & Papua,14.7,18.0,61.1
2026-09-07 05:00:00,Sofifi,Maluku Utara,Maluku & Papua,16.2,20.0,64.0
2026-09-07 06:00:00,Sofifi,Maluku Utara,Maluku & Papua,15.0,18.7,61.7
2026-09-07 07:00:00,Sofifi,Maluku Utara,Maluku & Papua,13.6,17.2,59.1
2026-09-07 08:00:00,Sofifi,Maluku Utara,Maluku & Papua,12.4,16.1,56.8
2026-09-07 09:00:00,Sofifi,Maluku Utara,Maluku & Papua,11.7,15.5,55.5
2026-09-07 10:00:00,Sofifi,Maluku Utara,Maluku & Papua,11.1,14.6,54.4
2026-09-07 11:00:00,Sofifi,Maluku Utara,Maluku & Papua,10.6,13.8,53.4
2026-09-07 12:00:00,Sofifi,Maluku Utara,Maluku & Papua,13.8,17.3,59.4
2026-09-07 13:00:00,Sofifi,Maluku Utara,Maluku & Papua,13.0,16.3,57.9
2026-09-07 14:00:00,Sofifi,Maluku Utara,Maluku & Papua,12.6,15.8,57.2
2026-09-07 15:00:00,Sofifi,Maluku Utara,Maluku & Papua,11.7,14.6,55.5
2026-09-07 16:00:00,Sofifi,Maluku Utara,Maluku & Papua,10.9,13.7,54.0
2026-09-07 17:00:00,Sofifi,Maluku Utara,Maluku & Papua,9.7,12.4,51.8
2026-09-07 18:00:00,Sofifi,Maluku Utara,Maluku & Papua,8.7,11.1,47.3
2026-09-07 19:00:00,Sofifi,Maluku Utara,Maluku & Papua,7.8,10.0,42.4
2026-09-07 20:00:00,Sofifi,Maluku Utara,Maluku & Papua,7.0,9.1,38.0
2026-09-07 21:00:00,Sofifi,Maluku Utara,Maluku & Papua,6.5,8.5,35.3
2026-09-07 22:00:00,Sofifi,Maluku Utara,Maluku & Papua,6.1,7.9,33.2
2026-09-07 23:00:00,Sofifi,Maluku Utara,Maluku & Papua,6.1,8.1,33.2
2026-09-08 00:00:00,Sofifi,Maluku Utara,Maluku & Papua,8.1,10.5,44.0
2026-09-08 01:00:00,Sofifi,Maluku Utara,Maluku & Papua,7.9,10.2,42.9
2026-09-08 02:00:00,Sofifi,Maluku Utara,Maluku & Papua,8.7,11.2,47.3
2026-09-08 03:00:00,Sofifi,Maluku Utara,Maluku & Papua,10.0,12.7,52.3
2026-09-08 04:00:00,Sofifi,Maluku Utara,Maluku & Papua,11.6,14.6,55.3
2026-09-08 05:00:00,Sofifi,Maluku Utara,Maluku & Papua,12.8,16.0,57.6
2026-09-08 06:00:00,Sofifi,Maluku Utara,Maluku & Papua,13.2,16.4,58.3
2026-09-08 07:00:00,Sofifi,Maluku Utara,Maluku & Papua,12.9,16.2,57.8
2026-09-08 08:00:00,Sofifi,Maluku Utara,Maluku & Papua,12.5,15.8,57.0
2026-09-08 09:00:00,Sofifi,Maluku Utara,Maluku & Papua,11.8,15.1,55.7
2026-09-08 10:00:00,Sofifi,Maluku Utara,Maluku & Papua,11.0,14.0,54.2
2026-09-08 11:00:00,Sofifi,Maluku Utara,Maluku & Papua,10.5,13.3,53.3
2026-09-08 12:00:00,Sofifi,Maluku Utara,Maluku & Papua,11.2,14.1,54.6
2026-09-08 13:00:00,Sofifi,Maluku Utara,Maluku & Papua,10.9,13.7,54.0
2026-09-08 14:00:00,Sofifi,Maluku Utara,Maluku & Papua,10.6,13.3,53.4
2026-09-08 15:00:00,Sofifi,Maluku Utara,Maluku & Papua,10.2,12.7,52.7
2026-09-08 16:00:00,Sofifi,Maluku Utara,Maluku & Papua,9.8,12.3,51.9
2026-09-08 17:00:00,Sofifi,Maluku Utara,Maluku & Papua,9.5,11.9,51.4
2026-09-08 18:00:00,Sofifi,Maluku Utara,Maluku & Papua,9.4,11.6,51.2
2026-09-08 19:00:00,Sofifi,Maluku Utara,Maluku & Papua,8.8,10.8,47.8
2026-09-08 20:00:00,Sofifi,Maluku Utara,Maluku & Papua,8.6,10.5,46.7
2026-09-08 21:00:00,Sofifi,Maluku Utara,Maluku & Papua,8.7,10.6,47.3
2026-09-08 22:00:00,Sofifi,Maluku Utara,Maluku & Papua,8.6,10.5,46.7
2026-09-08 23:00:00,Sofifi,Maluku Utara,Maluku & Papua,9.3,11.4,51.0
2026-09-09 00:00:00,Sofifi,Maluku Utara,Maluku & Papua,8.4,10.2,45.7
2026-09-09 01:00:00,Sofifi,Maluku Utara,Maluku & Papua,9.3,11.3,51.0
2026-09-09 02:00:00,Sofifi,Maluku Utara,Maluku & Papua,10.6,12.7,53.4
2026-09-09 03:00:00,Sofifi,Maluku Utara,Maluku & Papua,11.7,14.0,55.5
2026-09-09 04:00:00,Sofifi,Maluku Utara,Maluku & Papua,12.2,14.8,56.4
2026-09-09 05:00:00,Sofifi,Maluku Utara,Maluku & Papua,12.0,15.0,56.1
2026-09-09 06:00:00,Sofifi,Maluku Utara,Maluku & Papua,11.0,14.3,54.2
2026-09-09 07:00:00,Sofifi,Maluku Utara,Maluku & Papua,9.8,13.4,51.9
2026-09-09 08:00:00,Sofifi,Maluku Utara,Maluku & Papua,8.6,12.5,46.7
2026-09-09 09:00:00,Sofifi,Maluku Utara,Maluku & Papua,7.7,11.8,41.8
2026-09-09 10:00:00,Sofifi,Maluku Utara,Maluku & Papua,7.0,11.1,38.0
2026-09-09 11:00:00,Sofifi,Maluku Utara,Maluku & Papua,6.7,10.6,36.4
2026-09-09 12:00:00,Sofifi,Maluku Utara,Maluku & Papua,7.6,11.7,41.3
2026-09-09 13:00:00,Sofifi,Maluku Utara,Maluku & Papua,7.0,10.9,38.0
2026-09-09 14:00:00,Sofifi,Maluku Utara,Maluku & Papua,6.7,10.3,36.4
2026-09-09 15:00:00,Sofifi,Maluku Utara,Maluku & Papua,6.3,9.8,34.2
2026-09-09 16:00:00,Sofifi,Maluku Utara,Maluku & Papua,6.1,9.3,33.2
2026-09-09 17:00:00,Sofifi,Maluku Utara,Maluku & Papua,6.0,9.0,32.6
2026-09-09 18:00:00,Sofifi,Maluku Utara,Maluku & Papua,5.8,8.6,31.5
2026-09-09 19:00:00,Sofifi,Maluku Utara,Maluku & Papua,5.8,8.5,31.5
2026-09-09 20:00:00,Sofifi,Maluku Utara,Maluku & Papua,5.0,7.4,27.2
2026-09-09 21:00:00,Sofifi,Maluku Utara,Maluku & Papua,5.0,7.2,27.2
2026-09-09 22:00:00,Sofifi,Maluku Utara,Maluku & Papua,5.1,7.3,27.7
2026-09-09 23:00:00,Sofifi,Maluku Utara,Maluku & Papua,6.9,9.8,37.5
2026-09-10 00:00:00,Sofifi,Maluku Utara,Maluku & Papua,9.7,13.6,51.8
2026-09-10 01:00:00,Sofifi,Maluku Utara,Maluku & Papua,9.7,13.6,51.8
2026-09-10 02:00:00,Sofifi,Maluku Utara,Maluku & Papua,9.8,13.6,51.9
2026-09-10 03:00:00,Sofifi,Maluku Utara,Maluku & Papua,10.1,13.9,52.5
2026-09-10 04:00:00,Sofifi,Maluku Utara,Maluku & Papua,10.6,14.6,53.4
2026-09-10 05:00:00,Sofifi,Maluku Utara,Maluku & Papua,11.1,15.3,54.4
2026-09-10 06:00:00,Sofifi,Maluku Utara,Maluku & Papua,11.6,16.1,55.3
2026-09-10 07:00:00,Sofifi,Maluku Utara,Maluku & Papua,10.8,15.2,53.8
2026-09-10 08:00:00,Sofifi,Maluku Utara,Maluku & Papua,10.4,14.8,53.1
2026-09-10 09:00:00,Sofifi,Maluku Utara,Maluku & Papua,10.7,15.3,53.6
2026-09-10 10:00:00,Sofifi,Maluku Utara,Maluku & Papua,10.6,15.0,53.4
2026-09-10 11:00:00,Sofifi,Maluku Utara,Maluku & Papua,10.1,14.2,52.5
2026-09-10 12:00:00,Sofifi,Maluku Utara,Maluku & Papua,12.7,17.3,57.4
2026-09-10 13:00:00,Sofifi,Maluku Utara,Maluku & Papua,11.9,16.1,55.9
2026-09-10 14:00:00,Sofifi,Maluku Utara,Maluku & Papua,11.3,15.3,54.8
2026-09-10 15:00:00,Sofifi,Maluku Utara,Maluku & Papua,10.8,14.6,53.8
2026-09-10 16:00:00,Sofifi,Maluku Utara,Maluku & Papua,10.5,14.1,53.3
2026-09-10 17:00:00,Sofifi,Maluku Utara,Maluku & Papua,10.0,13.3,52.3
2026-09-10 18:00:00,Sofifi,Maluku Utara,Maluku & Papua,9.6,12.5,51.6
2026-09-10 19:00:00,Sofifi,Maluku Utara,Maluku & Papua,9.8,12.6,51.9
2026-09-10 20:00:00,Sofifi,Maluku Utara,Maluku & Papua,10.0,12.7,52.3
2026-09-10 21:00:00,Sofifi,Maluku Utara,Maluku & Papua,10.3,12.9,52.9
2026-09-10 22:00:00,Sofifi,Maluku Utara,Maluku & Papua,10.2,12.5,52.7
2026-09-10 23:00:00,Sofifi,Maluku Utara,Maluku & Papua,11.0,13.7,54.2
2026-09-11 00:00:00,Sofifi,Maluku Utara,Maluku & Papua,14.1,17.8,60.0
2026-09-11 01:00:00,Sofifi,Maluku Utara,Maluku & Papua,15.0,18.7,61.7
2026-09-11 02:00:00,Sofifi,Maluku Utara,Maluku & Papua,15.0,18.7,61.7
2026-09-11 03:00:00,Sofifi,Maluku Utara,Maluku & Papua,15.2,18.9,62.1
2026-09-11 04:00:00,Sofifi,Maluku Utara,Maluku & Papua,16.0,20.0,63.6
2026-09-11 05:00:00,Sofifi,Maluku Utara,Maluku & Papua,16.3,20.4,64.1
2026-09-11 06:00:00,Sofifi,Maluku Utara,Maluku & Papua,16.2,20.3,64.0
2026-09-11 07:00:00,Sofifi,Maluku Utara,Maluku & Papua,15.2,19.2,62.1
2026-09-11 08:00:00,Sofifi,Maluku Utara,Maluku & Papua,14.2,17.8,60.2
2026-09-11 09:00:00,Sofifi,Maluku Utara,Maluku & Papua,13.4,16.6,58.7
2026-09-11 10:00:00,Sofifi,Maluku Utara,Maluku & Papua,12.5,15.3,57.0
2026-09-11 11:00:00,Sofifi,Maluku Utara,Maluku & Papua,12.2,14.7,56.4
2026-09-11 12:00:00,Sofifi,Maluku Utara,Maluku & Papua,17.1,20.8,65.6
2026-09-11 13:00:00,Sofifi,Maluku Utara,Maluku & Papua,17.2,21.0,65.8
2026-09-11 14:00:00,Sofifi,Maluku Utara,Maluku & Papua,17.3,20.8,66.0
2026-09-11 15:00:00,Sofifi,Maluku Utara,Maluku & Papua,17.3,20.7,66.0
2026-09-11 16:00:00,Sofifi,Maluku Utara,Maluku & Papua,16.9,20.0,65.3
2026-09-11 17:00:00,Sofifi,Maluku Utara,Maluku & Papua,16.6,19.6,64.7
2026-09-11 18:00:00,Sofifi,Maluku Utara,Maluku & Papua,15.7,18.4,63.0
2026-09-11 19:00:00,Sofifi,Maluku Utara,Maluku & Papua,15.1,17.7,61.9
2026-09-11 20:00:00,Sofifi,Maluku Utara,Maluku & Papua,14.3,16.8,60.4
2026-09-11 21:00:00,Sofifi,Maluku Utara,Maluku & Papua,11.5,13.4,55.1
2026-09-11 22:00:00,Sofifi,Maluku Utara,Maluku & Papua,13.4,15.7,58.7
2026-09-11 23:00:00,Sofifi,Maluku Utara,Maluku & Papua,14.8,17.6,61.3
2026-09-12 00:00:00,Sofifi,Maluku Utara,Maluku & Papua,15.8,18.6,63.2
2026-09-12 01:00:00,Sofifi,Maluku Utara,Maluku & Papua,15.9,18.6,63.4
2026-09-12 02:00:00,Sofifi,Maluku Utara,Maluku & Papua,16.1,18.8,63.8
2026-09-12 03:00:00,Sofifi,Maluku Utara,Maluku & Papua,15.8,18.6,63.2
2026-09-12 04:00:00,Sofifi,Maluku Utara,Maluku & Papua,15.5,18.5,62.6
2026-09-12 05:00:00,Sofifi,Maluku Utara,Maluku & Papua,15.4,18.5,62.5
2026-09-12 06:00:00,Sofifi,Maluku Utara,Maluku & Papua,15.6,18.9,62.8
2026-09-12 07:00:00,Sofifi,Maluku Utara,Maluku & Papua,15.8,19.3,63.2
2026-09-12 08:00:00,Sofifi,Maluku Utara,Maluku & Papua,15.7,19.2,63.0
2026-09-12 09:00:00,Sofifi,Maluku Utara,Maluku & Papua,15.8,19.4,63.2
2026-09-12 10:00:00,Sofifi,Maluku Utara,Maluku & Papua,15.9,19.1,63.4
2026-09-12 11:00:00,Sofifi,Maluku Utara,Maluku & Papua,16.4,19.5,64.3
2026-09-12 12:00:00,Sofifi,Maluku Utara,Maluku & Papua,21.5,25.0,73.9
2026-09-12 13:00:00,Sofifi,Maluku Utara,Maluku & Papua,21.1,24.6,73.2
2026-09-12 14:00:00,Sofifi,Maluku Utara,Maluku & Papua,21.5,25.1,73.9
2026-09-12 15:00:00,Sofifi,Maluku Utara,Maluku & Papua,21.7,25.3,74.3
2026-09-12 16:00:00,Sofifi,Maluku Utara,Maluku & Papua,21.2,25.0,73.3
2026-09-12 17:00:00,Sofifi,Maluku Utara,Maluku & Papua,19.9,23.8,70.9
2026-09-12 18:00:00,Sofifi,Maluku Utara,Maluku & Papua,17.9,22.1,67.1
2026-09-12 19:00:00,Sofifi,Maluku Utara,Maluku & Papua,15.3,19.6,62.3
2026-09-12 20:00:00,Sofifi,Maluku Utara,Maluku & Papua,13.0,17.5,57.9
2026-09-12 21:00:00,Sofifi,Maluku Utara,Maluku & Papua,12.1,17.1,56.3
2026-09-12 22:00:00,Sofifi,Maluku Utara,Maluku & Papua,11.7,17.0,55.5
2026-09-12 23:00:00,Sofifi,Maluku Utara,Maluku & Papua,13.2,19.6,58.3
2026-09-13 00:00:00,Sofifi,Maluku Utara,Maluku & Papua,17.5,24.9,66.4
2026-09-13 01:00:00,Sofifi,Maluku Utara,Maluku & Papua,17.8,25.4,67.0
2026-09-13 02:00:00,Sofifi,Maluku Utara,Maluku & Papua,18.3,26.1,67.9
2026-09-13 03:00:00,Sofifi,Maluku Utara,Maluku & Papua,17.4,24.8,66.2
2026-09-13 04:00:00,Sofifi,Maluku Utara,Maluku & Papua,16.4,23.3,64.3
2026-09-13 05:00:00,Sofifi,Maluku Utara,Maluku & Papua,15.1,21.7,61.9
2026-09-13 06:00:00,Sofifi,Maluku Utara,Maluku & Papua,13.4,19.5,58.7
2026-09-13 07:00:00,Sofifi,Maluku Utara,Maluku & Papua,12.3,18.0,56.6
2026-09-13 08:00:00,Sofifi,Maluku Utara,Maluku & Papua,11.7,17.1,55.5
2026-09-13 09:00:00,Sofifi,Maluku Utara,Maluku & Papua,11.4,16.4,54.9
2026-09-13 10:00:00,Sofifi,Maluku Utara,Maluku & Papua,11.3,15.9,54.8
2026-09-13 11:00:00,Sofifi,Maluku Utara,Maluku & Papua,11.4,15.8,54.9
2026-09-13 12:00:00,Sofifi,Maluku Utara,Maluku & Papua,13.2,18.7,58.3
2026-09-13 13:00:00,Sofifi,Maluku Utara,Maluku & Papua,13.0,18.2,57.9
2026-09-13 14:00:00,Sofifi,Maluku Utara,Maluku & Papua,12.3,16.8,56.6
2026-09-13 15:00:00,Sofifi,Maluku Utara,Maluku & Papua,12.3,16.4,56.6
2026-09-13 16:00:00,Sofifi,Maluku Utara,Maluku & Papua,14.8,19.4,61.3
2026-09-13 17:00:00,Sofifi,Maluku Utara,Maluku & Papua,16.1,20.7,63.8
2026-09-13 18:00:00,Sofifi,Maluku Utara,Maluku & Papua,17.3,22.1,66.0
2026-09-13 19:00:00,Sofifi,Maluku Utara,Maluku & Papua,18.2,23.2,67.7
2026-09-13 20:00:00,Sofifi,Maluku Utara,Maluku & Papua,18.5,24.0,68.3
2026-09-13 21:00:00,Sofifi,Maluku Utara,Maluku & Papua,17.6,23.3,66.6
2026-09-13 22:00:00,Sofifi,Maluku Utara,Maluku & Papua,17.3,23.3,66.0
2026-09-13 23:00:00,Sofifi,Maluku Utara,Maluku & Papua,18.9,26.1,69.0
2026-09-14 00:00:00,Sofifi,Maluku Utara,Maluku & Papua,25.6,34.8,81.6
2026-09-14 01:00:00,Sofifi,Maluku Utara,Maluku & Papua,26.0,34.9,82.4
2026-09-14 02:00:00,Sofifi,Maluku Utara,Maluku & Papua,25.8,34.3,82.0
2026-09-14 03:00:00,Sofifi,Maluku Utara,Maluku & Papua,25.6,33.5,81.6
2026-09-14 04:00:00,Sofifi,Maluku Utara,Maluku & Papua,25.5,33.1,81.4
2026-09-14 05:00:00,Sofifi,Maluku Utara,Maluku & Papua,25.7,33.1,81.8
2026-09-14 06:00:00,Sofifi,Maluku Utara,Maluku & Papua,26.0,33.4,82.4
2026-09-14 07:00:00,Sofifi,Maluku Utara,Maluku & Papua,26.0,33.6,82.4
2026-09-14 08:00:00,Sofifi,Maluku Utara,Maluku & Papua,25.3,33.2,81.0
2026-09-14 09:00:00,Sofifi,Maluku Utara,Maluku & Papua,24.2,31.9,79.0
2026-09-14 10:00:00,Sofifi,Maluku Utara,Maluku & Papua,23.1,30.4,76.9
2026-09-14 11:00:00,Sofifi,Maluku Utara,Maluku & Papua,22.3,29.0,75.4
2026-09-14 12:00:00,Sofifi,Maluku Utara,Maluku & Papua,19.6,26.0,70.3
2026-09-14 13:00:00,Sofifi,Maluku Utara,Maluku & Papua,18.7,24.7,68.6
2026-09-14 14:00:00,Sofifi,Maluku Utara,Maluku & Papua,18.0,23.9,67.3
2026-09-14 15:00:00,Sofifi,Maluku Utara,Maluku & Papua,16.8,22.3,65.1
2026-09-14 16:00:00,Sofifi,Maluku Utara,Maluku & Papua,15.3,20.4,62.3
2026-09-14 17:00:00,Sofifi,Maluku Utara,Maluku & Papua,14.0,18.7,59.8
2026-09-14 18:00:00,Sofifi,Maluku Utara,Maluku & Papua,13.4,18.0,58.7
2026-09-14 19:00:00,Sofifi,Maluku Utara,Maluku & Papua,12.3,16.6,56.6
2026-09-14 20:00:00,Sofifi,Maluku Utara,Maluku & Papua,12.1,16.4,56.3
2026-09-14 21:00:00,Sofifi,Maluku Utara,Maluku & Papua,11.2,15.3,54.6
2026-09-14 22:00:00,Sofifi,Maluku Utara,Maluku & Papua,10.4,14.2,53.1
2026-09-14 23:00:00,Sofifi,Maluku Utara,Maluku & Papua,10.7,14.8,53.6
2026-09-15 00:00:00,Sofifi,Maluku Utara,Maluku & Papua,16.2,21.5,64.0
2026-09-15 01:00:00,Sofifi,Maluku Utara,Maluku & Papua,14.5,19.2,60.8
2026-09-15 02:00:00,Sofifi,Maluku Utara,Maluku & Papua,13.4,18.0,58.7
2026-09-15 03:00:00,Sofifi,Maluku Utara,Maluku & Papua,12.3,16.8,56.6
2026-09-15 04:00:00,Sofifi,Maluku Utara,Maluku & Papua,12.3,16.7,56.6
2026-09-15 05:00:00,Sofifi,Maluku Utara,Maluku & Papua,12.8,17.4,57.6
2026-09-15 06:00:00,Sofifi,Maluku Utara,Maluku & Papua,13.8,18.7,59.4
2026-09-15 07:00:00,Sofifi,Maluku Utara,Maluku & Papua,14.5,19.8,60.8
2026-09-15 08:00:00,Sofifi,Maluku Utara,Maluku & Papua,15.0,20.5,61.7
2026-09-15 09:00:00,Sofifi,Maluku Utara,Maluku & Papua,15.0,20.7,61.7
2026-09-15 10:00:00,Sofifi,Maluku Utara,Maluku & Papua,14.5,20.0,60.8
2026-09-15 11:00:00,Sofifi,Maluku Utara,Maluku & Papua,14.2,19.4,60.2
2026-09-15 12:00:00,Sofifi,Maluku Utara,Maluku & Papua,10.0,14.0,52.3
2026-09-15 13:00:00,Sofifi,Maluku Utara,Maluku & Papua,10.2,14.2,52.7
2026-09-15 14:00:00,Sofifi,Maluku Utara,Maluku & Papua,10.5,14.5,53.3
2026-09-15 15:00:00,Sofifi,Maluku Utara,Maluku & Papua,11.0,14.8,54.2
2026-09-15 16:00:00,Sofifi,Maluku Utara,Maluku & Papua,11.5,14.9,55.1
2026-09-15 17:00:00,Sofifi,Maluku Utara,Maluku & Papua,12.2,15.3,56.4
2026-09-15 18:00:00,Sofifi,Maluku Utara,Maluku & Papua,12.4,15.3,56.8
2026-09-15 19:00:00,Sofifi,Maluku Utara,Maluku & Papua,13.2,16.1,58.3
2026-09-15 20:00:00,Sofifi,Maluku Utara,Maluku & Papua,12.6,15.5,57.2
2026-09-15 21:00:00,Sofifi,Maluku Utara,Maluku & Papua,12.9,16.0,57.8
2026-09-15 22:00:00,Sofifi,Maluku Utara,Maluku & Papua,13.1,16.4,58.1
2026-09-15 23:00:00,Sofifi,Maluku Utara,Maluku & Papua,14.9,18.9,61.5
2026-09-16 00:00:00,Sofifi,Maluku Utara,Maluku & Papua,13.8,17.9,59.4
2026-09-16 01:00:00,Sofifi,Maluku Utara,Maluku & Papua,13.0,17.2,57.9
2026-09-16 02:00:00,Sofifi,Maluku Utara,Maluku & Papua,13.2,17.4,58.3
2026-09-16 03:00:00,Sofifi,Maluku Utara,Maluku & Papua,13.3,17.3,58.5
2026-09-16 04:00:00,Sofifi,Maluku Utara,Maluku & Papua,15.0,19.3,61.7
2026-09-16 05:00:00,Sofifi,Maluku Utara,Maluku & Papua,14.3,18.6,60.4
2026-09-16 06:00:00,Sofifi,Maluku Utara,Maluku & Papua,15.1,19.6,61.9
2026-09-16 07:00:00,Sofifi,Maluku Utara,Maluku & Papua,18.1,23.2,67.5
2026-09-16 08:00:00,Sofifi,Maluku Utara,Maluku & Papua,16.5,21.2,64.5
2026-09-16 09:00:00,Sofifi,Maluku Utara,Maluku & Papua,16.6,21.2,64.7
2026-09-16 10:00:00,Sofifi,Maluku Utara,Maluku & Papua,16.1,20.9,63.8
2026-09-16 11:00:00,Sofifi,Maluku Utara,Maluku & Papua,15.4,19.6,62.5
2026-09-16 12:00:00,Sofifi,Maluku Utara,Maluku & Papua,15.0,18.9,61.7
2026-09-16 13:00:00,Sofifi,Maluku Utara,Maluku & Papua,14.7,18.4,61.1
2026-09-16 14:00:00,Sofifi,Maluku Utara,Maluku & Papua,14.2,17.5,60.2
2026-09-16 15:00:00,Sofifi,Maluku Utara,Maluku & Papua,13.2,15.9,58.3
2026-09-16 16:00:00,Sofifi,Maluku Utara,Maluku & Papua,12.3,14.6,56.6
2026-09-16 17:00:00,Sofifi,Maluku Utara,Maluku & Papua,12.0,14.6,56.1
2026-09-16 18:00:00,Sofifi,Maluku Utara,Maluku & Papua,12.3,15.1,56.6
2026-09-16 19:00:00,Sofifi,Maluku Utara,Maluku & Papua,10.9,13.7,54.0
2026-09-16 20:00:00,Sofifi,Maluku Utara,Maluku & Papua,10.0,12.9,52.3
2026-09-16 21:00:00,Sofifi,Maluku Utara,Maluku & Papua,8.7,11.5,47.3
2026-09-16 22:00:00,Sofifi,Maluku Utara,Maluku & Papua,7.9,10.7,42.9
2026-09-16 23:00:00,Sofifi,Maluku Utara,Maluku & Papua,7.9,11.0,42.9
2026-09-07 00:00:00,Jayapura,Papua,Maluku & Papua,5.7,7.5,31.0
2026-09-07 01:00:00,Jayapura,Papua,Maluku & Papua,5.7,7.5,31.0
2026-09-07 02:00:00,Jayapura,Papua,Maluku & Papua,4.9,6.5,26.6
2026-09-07 03:00:00,Jayapura,Papua,Maluku & Papua,5.2,6.9,28.3
2026-09-07 04:00:00,Jayapura,Papua,Maluku & Papua,4.7,6.3,25.5
2026-09-07 05:00:00,Jayapura,Papua,Maluku & Papua,4.6,6.3,25.0
2026-09-07 06:00:00,Jayapura,Papua,Maluku & Papua,4.4,6.0,23.9
2026-09-07 07:00:00,Jayapura,Papua,Maluku & Papua,4.2,5.8,22.8
2026-09-07 08:00:00,Jayapura,Papua,Maluku & Papua,4.3,5.9,23.4
2026-09-07 09:00:00,Jayapura,Papua,Maluku & Papua,5.3,6.9,28.8
2026-09-07 10:00:00,Jayapura,Papua,Maluku & Papua,6.6,8.2,35.9
2026-09-07 11:00:00,Jayapura,Papua,Maluku & Papua,7.7,9.4,41.8
2026-09-07 12:00:00,Jayapura,Papua,Maluku & Papua,7.8,9.4,42.4
2026-09-07 13:00:00,Jayapura,Papua,Maluku & Papua,8.6,10.2,46.7
2026-09-07 14:00:00,Jayapura,Papua,Maluku & Papua,9.4,11.0,51.2
2026-09-07 15:00:00,Jayapura,Papua,Maluku & Papua,8.4,9.7,45.7
2026-09-07 16:00:00,Jayapura,Papua,Maluku & Papua,5.9,7.4,32.1
2026-09-07 17:00:00,Jayapura,Papua,Maluku & Papua,4.6,5.8,25.0
2026-09-07 18:00:00,Jayapura,Papua,Maluku & Papua,3.3,4.3,17.9
2026-09-07 19:00:00,Jayapura,Papua,Maluku & Papua,2.7,3.7,14.7
2026-09-07 20:00:00,Jayapura,Papua,Maluku & Papua,2.3,3.3,12.5
2026-09-07 21:00:00,Jayapura,Papua,Maluku & Papua,2.6,3.6,14.1
2026-09-07 22:00:00,Jayapura,Papua,Maluku & Papua,3.0,3.9,16.3
2026-09-07 23:00:00,Jayapura,Papua,Maluku & Papua,3.1,4.2,16.8
2026-09-08 00:00:00,Jayapura,Papua,Maluku & Papua,3.9,5.4,21.2
2026-09-08 01:00:00,Jayapura,Papua,Maluku & Papua,4.1,5.6,22.3
2026-09-08 02:00:00,Jayapura,Papua,Maluku & Papua,4.5,6.1,24.5
2026-09-08 03:00:00,Jayapura,Papua,Maluku & Papua,4.3,6.0,23.4
2026-09-08 04:00:00,Jayapura,Papua,Maluku & Papua,4.3,6.0,23.4
2026-09-08 05:00:00,Jayapura,Papua,Maluku & Papua,4.5,6.1,24.5
2026-09-08 06:00:00,Jayapura,Papua,Maluku & Papua,4.7,6.5,25.5
2026-09-08 07:00:00,Jayapura,Papua,Maluku & Papua,4.6,6.4,25.0
2026-09-08 08:00:00,Jayapura,Papua,Maluku & Papua,4.8,6.8,26.1
2026-09-08 09:00:00,Jayapura,Papua,Maluku & Papua,6.0,8.2,32.6
2026-09-08 10:00:00,Jayapura,Papua,Maluku & Papua,7.4,9.8,40.2
2026-09-08 11:00:00,Jayapura,Papua,Maluku & Papua,8.2,10.7,44.6
2026-09-08 12:00:00,Jayapura,Papua,Maluku & Papua,6.7,9.0,36.4
2026-09-08 13:00:00,Jayapura,Papua,Maluku & Papua,6.8,9.1,37.0
2026-09-08 14:00:00,Jayapura,Papua,Maluku & Papua,5.9,8.1,32.1
2026-09-08 15:00:00,Jayapura,Papua,Maluku & Papua,3.6,5.3,19.6
2026-09-08 16:00:00,Jayapura,Papua,Maluku & Papua,2.6,4.0,14.1
2026-09-08 17:00:00,Jayapura,Papua,Maluku & Papua,2.9,4.4,15.8
2026-09-08 18:00:00,Jayapura,Papua,Maluku & Papua,3.0,4.6,16.3
2026-09-08 19:00:00,Jayapura,Papua,Maluku & Papua,2.7,3.9,14.7
2026-09-08 20:00:00,Jayapura,Papua,Maluku & Papua,2.4,3.4,13.0
2026-09-08 21:00:00,Jayapura,Papua,Maluku & Papua,2.7,3.4,14.7
2026-09-08 22:00:00,Jayapura,Papua,Maluku & Papua,2.8,3.4,15.2
2026-09-08 23:00:00,Jayapura,Papua,Maluku & Papua,2.9,3.6,15.8
2026-09-09 00:00:00,Jayapura,Papua,Maluku & Papua,3.8,5.0,20.7
2026-09-09 01:00:00,Jayapura,Papua,Maluku & Papua,3.8,5.1,20.7
2026-09-09 02:00:00,Jayapura,Papua,Maluku & Papua,3.7,5.0,20.1
2026-09-09 03:00:00,Jayapura,Papua,Maluku & Papua,3.9,5.4,21.2
2026-09-09 04:00:00,Jayapura,Papua,Maluku & Papua,4.3,6.0,23.4
2026-09-09 05:00:00,Jayapura,Papua,Maluku & Papua,4.5,6.5,24.5
2026-09-09 06:00:00,Jayapura,Papua,Maluku & Papua,4.9,7.0,26.6
2026-09-09 07:00:00,Jayapura,Papua,Maluku & Papua,5.3,7.4,28.8
2026-09-09 08:00:00,Jayapura,Papua,Maluku & Papua,6.4,8.7,34.8
2026-09-09 09:00:00,Jayapura,Papua,Maluku & Papua,8.0,10.5,43.5
2026-09-09 10:00:00,Jayapura,Papua,Maluku & Papua,9.5,12.3,51.4
2026-09-09 11:00:00,Jayapura,Papua,Maluku & Papua,10.3,13.2,52.9
2026-09-09 12:00:00,Jayapura,Papua,Maluku & Papua,9.7,12.4,51.8
2026-09-09 13:00:00,Jayapura,Papua,Maluku & Papua,10.0,12.9,52.3
2026-09-09 14:00:00,Jayapura,Papua,Maluku & Papua,9.8,12.7,51.9
2026-09-09 15:00:00,Jayapura,Papua,Maluku & Papua,9.9,12.9,52.1
2026-09-09 16:00:00,Jayapura,Papua,Maluku & Papua,8.3,11.2,45.1
2026-09-09 17:00:00,Jayapura,Papua,Maluku & Papua,6.0,8.4,32.6
2026-09-09 18:00:00,Jayapura,Papua,Maluku & Papua,5.1,7.1,27.7
2026-09-09 19:00:00,Jayapura,Papua,Maluku & Papua,3.9,5.3,21.2
2026-09-09 20:00:00,Jayapura,Papua,Maluku & Papua,3.5,4.8,19.0
2026-09-09 21:00:00,Jayapura,Papua,Maluku & Papua,4.2,5.5,22.8
2026-09-09 22:00:00,Jayapura,Papua,Maluku & Papua,4.5,5.5,24.5
2026-09-09 23:00:00,Jayapura,Papua,Maluku & Papua,4.5,5.4,24.5
2026-09-10 00:00:00,Jayapura,Papua,Maluku & Papua,4.2,5.2,22.8
2026-09-10 01:00:00,Jayapura,Papua,Maluku & Papua,4.6,5.6,25.0
2026-09-10 02:00:00,Jayapura,Papua,Maluku & Papua,4.2,5.1,22.8
2026-09-10 03:00:00,Jayapura,Papua,Maluku & Papua,4.0,5.0,21.7
2026-09-10 04:00:00,Jayapura,Papua,Maluku & Papua,3.9,4.9,21.2
2026-09-10 05:00:00,Jayapura,Papua,Maluku & Papua,3.7,4.7,20.1
2026-09-10 06:00:00,Jayapura,Papua,Maluku & Papua,3.8,5.0,20.7
2026-09-10 07:00:00,Jayapura,Papua,Maluku & Papua,3.8,5.0,20.7
2026-09-10 08:00:00,Jayapura,Papua,Maluku & Papua,4.0,5.3,21.7
2026-09-10 09:00:00,Jayapura,Papua,Maluku & Papua,5.0,6.4,27.2
2026-09-10 10:00:00,Jayapura,Papua,Maluku & Papua,6.0,7.5,32.6
2026-09-10 11:00:00,Jayapura,Papua,Maluku & Papua,6.9,8.5,37.5
2026-09-10 12:00:00,Jayapura,Papua,Maluku & Papua,10.6,13.2,53.4
2026-09-10 13:00:00,Jayapura,Papua,Maluku & Papua,10.9,13.6,54.0
2026-09-10 14:00:00,Jayapura,Papua,Maluku & Papua,9.2,12.0,50.0
2026-09-10 15:00:00,Jayapura,Papua,Maluku & Papua,8.3,10.9,45.1
2026-09-10 16:00:00,Jayapura,Papua,Maluku & Papua,7.4,9.5,40.2
2026-09-10 17:00:00,Jayapura,Papua,Maluku & Papua,6.7,8.6,36.4
2026-09-10 18:00:00,Jayapura,Papua,Maluku & Papua,6.2,7.8,33.7
2026-09-10 19:00:00,Jayapura,Papua,Maluku & Papua,6.1,7.5,33.2
2026-09-10 20:00:00,Jayapura,Papua,Maluku & Papua,5.7,6.9,31.0
2026-09-10 21:00:00,Jayapura,Papua,Maluku & Papua,5.7,6.7,31.0
2026-09-10 22:00:00,Jayapura,Papua,Maluku & Papua,5.7,6.6,31.0
2026-09-10 23:00:00,Jayapura,Papua,Maluku & Papua,5.8,6.7,31.5
2026-09-11 00:00:00,Jayapura,Papua,Maluku & Papua,10.4,12.5,53.1
2026-09-11 01:00:00,Jayapura,Papua,Maluku & Papua,10.0,12.2,52.3
2026-09-11 02:00:00,Jayapura,Papua,Maluku & Papua,9.4,11.7,51.2
2026-09-11 03:00:00,Jayapura,Papua,Maluku & Papua,8.8,11.0,47.8
2026-09-11 04:00:00,Jayapura,Papua,Maluku & Papua,8.2,10.4,44.6
2026-09-11 05:00:00,Jayapura,Papua,Maluku & Papua,7.7,10.1,41.8
2026-09-11 06:00:00,Jayapura,Papua,Maluku & Papua,7.3,9.9,39.7
2026-09-11 07:00:00,Jayapura,Papua,Maluku & Papua,7.2,10.2,39.1
2026-09-11 08:00:00,Jayapura,Papua,Maluku & Papua,7.3,10.4,39.7
2026-09-11 09:00:00,Jayapura,Papua,Maluku & Papua,8.2,11.3,44.6
2026-09-11 10:00:00,Jayapura,Papua,Maluku & Papua,9.3,12.4,51.0
2026-09-11 11:00:00,Jayapura,Papua,Maluku & Papua,9.5,12.8,51.4
2026-09-11 12:00:00,Jayapura,Papua,Maluku & Papua,6.9,9.5,37.5
2026-09-11 13:00:00,Jayapura,Papua,Maluku & Papua,6.0,8.1,32.6
2026-09-11 14:00:00,Jayapura,Papua,Maluku & Papua,5.4,6.8,29.3
2026-09-11 15:00:00,Jayapura,Papua,Maluku & Papua,5.0,6.3,27.2
2026-09-11 16:00:00,Jayapura,Papua,Maluku & Papua,4.9,6.1,26.6
2026-09-11 17:00:00,Jayapura,Papua,Maluku & Papua,4.9,6.0,26.6
2026-09-11 18:00:00,Jayapura,Papua,Maluku & Papua,4.3,5.2,23.4
2026-09-11 19:00:00,Jayapura,Papua,Maluku & Papua,4.2,5.1,22.8
2026-09-11 20:00:00,Jayapura,Papua,Maluku & Papua,4.4,5.2,23.9
2026-09-11 21:00:00,Jayapura,Papua,Maluku & Papua,4.8,5.6,26.1
2026-09-11 22:00:00,Jayapura,Papua,Maluku & Papua,5.4,6.3,29.3
2026-09-11 23:00:00,Jayapura,Papua,Maluku & Papua,6.1,7.0,33.2
2026-09-12 00:00:00,Jayapura,Papua,Maluku & Papua,14.9,17.6,61.5
2026-09-12 01:00:00,Jayapura,Papua,Maluku & Papua,12.3,15.0,56.6
2026-09-12 02:00:00,Jayapura,Papua,Maluku & Papua,10.4,12.8,53.1
2026-09-12 03:00:00,Jayapura,Papua,Maluku & Papua,9.5,11.7,51.4
2026-09-12 04:00:00,Jayapura,Papua,Maluku & Papua,9.1,11.2,49.5
2026-09-12 05:00:00,Jayapura,Papua,Maluku & Papua,8.0,10.0,43.5
2026-09-12 06:00:00,Jayapura,Papua,Maluku & Papua,7.3,9.2,39.7
2026-09-12 07:00:00,Jayapura,Papua,Maluku & Papua,7.0,8.9,38.0
2026-09-12 08:00:00,Jayapura,Papua,Maluku & Papua,7.0,9.0,38.0
2026-09-12 09:00:00,Jayapura,Papua,Maluku & Papua,7.7,9.7,41.8
2026-09-12 10:00:00,Jayapura,Papua,Maluku & Papua,9.1,11.1,49.5
2026-09-12 11:00:00,Jayapura,Papua,Maluku & Papua,10.1,12.1,52.5
2026-09-12 12:00:00,Jayapura,Papua,Maluku & Papua,9.4,11.9,51.2
2026-09-12 13:00:00,Jayapura,Papua,Maluku & Papua,9.3,11.6,51.0
2026-09-12 14:00:00,Jayapura,Papua,Maluku & Papua,7.7,9.7,41.8
2026-09-12 15:00:00,Jayapura,Papua,Maluku & Papua,7.1,8.8,38.6
2026-09-12 16:00:00,Jayapura,Papua,Maluku & Papua,6.0,7.2,32.6
2026-09-12 17:00:00,Jayapura,Papua,Maluku & Papua,6.2,7.1,33.7
2026-09-12 18:00:00,Jayapura,Papua,Maluku & Papua,5.8,6.6,31.5
2026-09-12 19:00:00,Jayapura,Papua,Maluku & Papua,4.8,5.4,26.1
2026-09-12 20:00:00,Jayapura,Papua,Maluku & Papua,4.5,5.1,24.5
2026-09-12 21:00:00,Jayapura,Papua,Maluku & Papua,4.8,5.5,26.1
2026-09-12 22:00:00,Jayapura,Papua,Maluku & Papua,5.6,6.3,30.4
2026-09-12 23:00:00,Jayapura,Papua,Maluku & Papua,6.5,7.3,35.3
2026-09-13 00:00:00,Jayapura,Papua,Maluku & Papua,5.1,5.6,27.7
2026-09-13 01:00:00,Jayapura,Papua,Maluku & Papua,7.9,8.6,42.9
2026-09-13 02:00:00,Jayapura,Papua,Maluku & Papua,10.4,11.4,53.1
2026-09-13 03:00:00,Jayapura,Papua,Maluku & Papua,12.3,13.7,56.6
2026-09-13 04:00:00,Jayapura,Papua,Maluku & Papua,12.3,13.9,56.6
2026-09-13 05:00:00,Jayapura,Papua,Maluku & Papua,11.9,13.6,55.9
2026-09-13 06:00:00,Jayapura,Papua,Maluku & Papua,11.9,13.8,55.9
2026-09-13 07:00:00,Jayapura,Papua,Maluku & Papua,14.7,16.8,61.1
2026-09-13 08:00:00,Jayapura,Papua,Maluku & Papua,16.7,19.0,64.9
2026-09-13 09:00:00,Jayapura,Papua,Maluku & Papua,18.8,21.1,68.8
2026-09-13 10:00:00,Jayapura,Papua,Maluku & Papua,20.4,22.8,71.8
2026-09-13 11:00:00,Jayapura,Papua,Maluku & Papua,21.1,23.6,73.2
2026-09-13 12:00:00,Jayapura,Papua,Maluku & Papua,17.1,19.3,65.6
2026-09-13 13:00:00,Jayapura,Papua,Maluku & Papua,17.5,19.7,66.4
2026-09-13 14:00:00,Jayapura,Papua,Maluku & Papua,17.3,19.6,66.0
2026-09-13 15:00:00,Jayapura,Papua,Maluku & Papua,16.5,18.7,64.5
2026-09-13 16:00:00,Jayapura,Papua,Maluku & Papua,15.5,17.8,62.6
2026-09-13 17:00:00,Jayapura,Papua,Maluku & Papua,13.2,15.3,58.3
2026-09-13 18:00:00,Jayapura,Papua,Maluku & Papua,12.5,14.5,57.0
2026-09-13 19:00:00,Jayapura,Papua,Maluku & Papua,12.0,13.9,56.1
2026-09-13 20:00:00,Jayapura,Papua,Maluku & Papua,10.9,12.9,54.0
2026-09-13 21:00:00,Jayapura,Papua,Maluku & Papua,9.2,11.1,50.0
2026-09-13 22:00:00,Jayapura,Papua,Maluku & Papua,9.7,11.6,51.8
2026-09-13 23:00:00,Jayapura,Papua,Maluku & Papua,9.5,11.4,51.4
2026-09-14 00:00:00,Jayapura,Papua,Maluku & Papua,7.9,9.3,42.9
2026-09-14 01:00:00,Jayapura,Papua,Maluku & Papua,8.7,10.1,47.3
2026-09-14 02:00:00,Jayapura,Papua,Maluku & Papua,9.6,11.2,51.6
2026-09-14 03:00:00,Jayapura,Papua,Maluku & Papua,9.8,11.7,51.9
2026-09-14 04:00:00,Jayapura,Papua,Maluku & Papua,9.7,11.9,51.8
2026-09-14 05:00:00,Jayapura,Papua,Maluku & Papua,9.6,12.0,51.6
2026-09-14 06:00:00,Jayapura,Papua,Maluku & Papua,9.5,12.0,51.4
2026-09-14 07:00:00,Jayapura,Papua,Maluku & Papua,9.5,12.3,51.4
2026-09-14 08:00:00,Jayapura,Papua,Maluku & Papua,10.1,13.0,52.5
2026-09-14 09:00:00,Jayapura,Papua,Maluku & Papua,11.4,14.5,54.9
2026-09-14 10:00:00,Jayapura,Papua,Maluku & Papua,12.7,15.9,57.4
2026-09-14 11:00:00,Jayapura,Papua,Maluku & Papua,13.3,16.8,58.5
2026-09-14 12:00:00,Jayapura,Papua,Maluku & Papua,17.3,21.2,66.0
2026-09-14 13:00:00,Jayapura,Papua,Maluku & Papua,17.2,21.2,65.8
2026-09-14 14:00:00,Jayapura,Papua,Maluku & Papua,17.1,21.2,65.6
2026-09-14 15:00:00,Jayapura,Papua,Maluku & Papua,16.8,20.9,65.1
2026-09-14 16:00:00,Jayapura,Papua,Maluku & Papua,14.4,18.4,60.6
2026-09-14 17:00:00,Jayapura,Papua,Maluku & Papua,12.6,16.4,57.2
2026-09-14 18:00:00,Jayapura,Papua,Maluku & Papua,12.3,16.2,56.6
2026-09-14 19:00:00,Jayapura,Papua,Maluku & Papua,12.1,15.9,56.3
2026-09-14 20:00:00,Jayapura,Papua,Maluku & Papua,12.3,15.9,56.6
2026-09-14 21:00:00,Jayapura,Papua,Maluku & Papua,12.2,15.5,56.4
2026-09-14 22:00:00,Jayapura,Papua,Maluku & Papua,12.3,15.5,56.6
2026-09-14 23:00:00,Jayapura,Papua,Maluku & Papua,12.0,15.3,56.1
2026-09-15 00:00:00,Jayapura,Papua,Maluku & Papua,13.2,15.9,58.3
2026-09-15 01:00:00,Jayapura,Papua,Maluku & Papua,13.8,16.4,59.4
2026-09-15 02:00:00,Jayapura,Papua,Maluku & Papua,13.8,16.5,59.4
2026-09-15 03:00:00,Jayapura,Papua,Maluku & Papua,13.6,16.5,59.1
2026-09-15 04:00:00,Jayapura,Papua,Maluku & Papua,13.3,16.6,58.5
2026-09-15 05:00:00,Jayapura,Papua,Maluku & Papua,12.9,16.4,57.8
2026-09-15 06:00:00,Jayapura,Papua,Maluku & Papua,13.0,16.9,57.9
2026-09-15 07:00:00,Jayapura,Papua,Maluku & Papua,13.6,17.5,59.1
2026-09-15 08:00:00,Jayapura,Papua,Maluku & Papua,14.1,18.2,60.0
2026-09-15 09:00:00,Jayapura,Papua,Maluku & Papua,15.7,19.6,63.0
2026-09-15 10:00:00,Jayapura,Papua,Maluku & Papua,17.5,21.3,66.4
2026-09-15 11:00:00,Jayapura,Papua,Maluku & Papua,18.5,22.4,68.3
2026-09-15 12:00:00,Jayapura,Papua,Maluku & Papua,19.7,24.9,70.5
2026-09-15 13:00:00,Jayapura,Papua,Maluku & Papua,19.4,25.0,70.0
2026-09-15 14:00:00,Jayapura,Papua,Maluku & Papua,19.7,25.2,70.5
2026-09-15 15:00:00,Jayapura,Papua,Maluku & Papua,18.0,23.4,67.3
2026-09-15 16:00:00,Jayapura,Papua,Maluku & Papua,17.3,22.6,66.0
2026-09-15 17:00:00,Jayapura,Papua,Maluku & Papua,17.0,22.4,65.5
2026-09-15 18:00:00,Jayapura,Papua,Maluku & Papua,16.1,21.0,63.8
2026-09-15 19:00:00,Jayapura,Papua,Maluku & Papua,15.1,19.4,61.9
2026-09-15 20:00:00,Jayapura,Papua,Maluku & Papua,15.3,19.6,62.3
2026-09-15 21:00:00,Jayapura,Papua,Maluku & Papua,15.9,20.1,63.4
2026-09-15 22:00:00,Jayapura,Papua,Maluku & Papua,14.7,19.3,61.1
2026-09-15 23:00:00,Jayapura,Papua,Maluku & Papua,13.8,18.5,59.4
2026-09-16 00:00:00,Jayapura,Papua,Maluku & Papua,13.0,17.4,57.9
2026-09-16 01:00:00,Jayapura,Papua,Maluku & Papua,12.6,16.9,57.2
2026-09-16 02:00:00,Jayapura,Papua,Maluku & Papua,12.5,16.7,57.0
2026-09-16 03:00:00,Jayapura,Papua,Maluku & Papua,12.6,17.1,57.2
2026-09-16 04:00:00,Jayapura,Papua,Maluku & Papua,12.7,17.6,57.4
2026-09-16 05:00:00,Jayapura,Papua,Maluku & Papua,13.0,18.1,57.9
2026-09-16 06:00:00,Jayapura,Papua,Maluku & Papua,13.1,18.5,58.1
2026-09-16 07:00:00,Jayapura,Papua,Maluku & Papua,13.2,18.7,58.3
2026-09-16 08:00:00,Jayapura,Papua,Maluku & Papua,13.4,19.2,58.7
2026-09-16 09:00:00,Jayapura,Papua,Maluku & Papua,14.7,20.4,61.1
2026-09-16 10:00:00,Jayapura,Papua,Maluku & Papua,16.2,22.1,64.0
2026-09-16 11:00:00,Jayapura,Papua,Maluku & Papua,17.1,23.1,65.6
2026-09-16 12:00:00,Jayapura,Papua,Maluku & Papua,18.2,24.3,67.7
2026-09-16 13:00:00,Jayapura,Papua,Maluku & Papua,18.5,24.6,68.3
2026-09-16 14:00:00,Jayapura,Papua,Maluku & Papua,18.6,24.9,68.5
2026-09-16 15:00:00,Jayapura,Papua,Maluku & Papua,18.5,24.8,68.3
2026-09-16 16:00:00,Jayapura,Papua,Maluku & Papua,17.5,23.7,66.4
2026-09-16 17:00:00,Jayapura,Papua,Maluku & Papua,16.1,21.9,63.8
2026-09-16 18:00:00,Jayapura,Papua,Maluku & Papua,15.4,21.0,62.5
2026-09-16 19:00:00,Jayapura,Papua,Maluku & Papua,15.2,20.4,62.1
2026-09-16 20:00:00,Jayapura,Papua,Maluku & Papua,14.4,19.6,60.6
2026-09-16 21:00:00,Jayapura,Papua,Maluku & Papua,13.8,18.9,59.4
2026-09-16 22:00:00,Jayapura,Papua,Maluku & Papua,13.2,18.3,58.3
2026-09-16 23:00:00,Jayapura,Papua,Maluku & Papua,13.0,17.8,57.9
2026-09-07 00:00:00,Manokwari,Papua Barat,Maluku & Papua,8.4,10.4,45.7
2026-09-07 01:00:00,Manokwari,Papua Barat,Maluku & Papua,7.1,8.9,38.6
2026-09-07 02:00:00,Manokwari,Papua Barat,Maluku & Papua,6.6,8.3,35.9
2026-09-07 03:00:00,Manokwari,Papua Barat,Maluku & Papua,6.3,7.9,34.2
2026-09-07 04:00:00,Manokwari,Papua Barat,Maluku & Papua,6.3,7.9,34.2
2026-09-07 05:00:00,Manokwari,Papua Barat,Maluku & Papua,6.5,8.2,35.3
2026-09-07 06:00:00,Manokwari,Papua Barat,Maluku & Papua,6.5,8.2,35.3
2026-09-07 07:00:00,Manokwari,Papua Barat,Maluku & Papua,6.4,8.1,34.8
2026-09-07 08:00:00,Manokwari,Papua Barat,Maluku & Papua,6.6,8.1,35.9
2026-09-07 09:00:00,Manokwari,Papua Barat,Maluku & Papua,9.5,10.7,51.4
2026-09-07 10:00:00,Manokwari,Papua Barat,Maluku & Papua,12.5,13.5,57.0
2026-09-07 11:00:00,Manokwari,Papua Barat,Maluku & Papua,14.7,15.7,61.1
2026-09-07 12:00:00,Manokwari,Papua Barat,Maluku & Papua,14.4,15.7,60.6
2026-09-07 13:00:00,Manokwari,Papua Barat,Maluku & Papua,15.4,16.5,62.5
2026-09-07 14:00:00,Manokwari,Papua Barat,Maluku & Papua,16.8,17.9,65.1
2026-09-07 15:00:00,Manokwari,Papua Barat,Maluku & Papua,16.9,17.9,65.3
2026-09-07 16:00:00,Manokwari,Papua Barat,Maluku & Papua,16.1,17.1,63.8
2026-09-07 17:00:00,Manokwari,Papua Barat,Maluku & Papua,15.2,16.1,62.1
2026-09-07 18:00:00,Manokwari,Papua Barat,Maluku & Papua,14.4,15.1,60.6
2026-09-07 19:00:00,Manokwari,Papua Barat,Maluku & Papua,13.6,14.3,59.1
2026-09-07 20:00:00,Manokwari,Papua Barat,Maluku & Papua,12.9,13.6,57.8
2026-09-07 21:00:00,Manokwari,Papua Barat,Maluku & Papua,12.8,13.4,57.6
2026-09-07 22:00:00,Manokwari,Papua Barat,Maluku & Papua,15.8,16.5,63.2
2026-09-07 23:00:00,Manokwari,Papua Barat,Maluku & Papua,12.7,14.0,57.4
2026-09-08 00:00:00,Manokwari,Papua Barat,Maluku & Papua,9.4,11.2,51.2
2026-09-08 01:00:00,Manokwari,Papua Barat,Maluku & Papua,6.9,8.4,37.5
2026-09-08 02:00:00,Manokwari,Papua Barat,Maluku & Papua,6.4,7.7,34.8
2026-09-08 03:00:00,Manokwari,Papua Barat,Maluku & Papua,5.8,7.1,31.5
2026-09-08 04:00:00,Manokwari,Papua Barat,Maluku & Papua,6.0,7.2,32.6
2026-09-08 05:00:00,Manokwari,Papua Barat,Maluku & Papua,6.2,7.4,33.7
2026-09-08 06:00:00,Manokwari,Papua Barat,Maluku & Papua,6.4,7.5,34.8
2026-09-08 07:00:00,Manokwari,Papua Barat,Maluku & Papua,6.9,7.9,37.5
2026-09-08 08:00:00,Manokwari,Papua Barat,Maluku & Papua,6.7,7.7,36.4
2026-09-08 09:00:00,Manokwari,Papua Barat,Maluku & Papua,8.8,9.7,47.8
2026-09-08 10:00:00,Manokwari,Papua Barat,Maluku & Papua,10.6,11.4,53.4
2026-09-08 11:00:00,Manokwari,Papua Barat,Maluku & Papua,12.1,13.0,56.3
2026-09-08 12:00:00,Manokwari,Papua Barat,Maluku & Papua,14.7,15.9,61.1
2026-09-08 13:00:00,Manokwari,Papua Barat,Maluku & Papua,16.1,17.3,63.8
2026-09-08 14:00:00,Manokwari,Papua Barat,Maluku & Papua,16.4,17.6,64.3
2026-09-08 15:00:00,Manokwari,Papua Barat,Maluku & Papua,14.7,15.8,61.1
2026-09-08 16:00:00,Manokwari,Papua Barat,Maluku & Papua,12.1,13.3,56.3
2026-09-08 17:00:00,Manokwari,Papua Barat,Maluku & Papua,11.2,12.2,54.6
2026-09-08 18:00:00,Manokwari,Papua Barat,Maluku & Papua,11.1,12.1,54.4
2026-09-08 19:00:00,Manokwari,Papua Barat,Maluku & Papua,10.9,11.7,54.0
2026-09-08 20:00:00,Manokwari,Papua Barat,Maluku & Papua,10.6,11.3,53.4
2026-09-08 21:00:00,Manokwari,Papua Barat,Maluku & Papua,11.1,11.7,54.4
2026-09-08 22:00:00,Manokwari,Papua Barat,Maluku & Papua,15.5,16.4,62.6
2026-09-08 23:00:00,Manokwari,Papua Barat,Maluku & Papua,10.3,11.7,52.9
2026-09-09 00:00:00,Manokwari,Papua Barat,Maluku & Papua,3.8,4.8,20.7
2026-09-09 01:00:00,Manokwari,Papua Barat,Maluku & Papua,5.8,6.8,31.5
2026-09-09 02:00:00,Manokwari,Papua Barat,Maluku & Papua,5.7,6.8,31.0
2026-09-09 03:00:00,Manokwari,Papua Barat,Maluku & Papua,5.4,6.3,29.3
2026-09-09 04:00:00,Manokwari,Papua Barat,Maluku & Papua,5.1,6.0,27.7
2026-09-09 05:00:00,Manokwari,Papua Barat,Maluku & Papua,5.0,5.8,27.2
2026-09-09 06:00:00,Manokwari,Papua Barat,Maluku & Papua,5.3,6.1,28.8
2026-09-09 07:00:00,Manokwari,Papua Barat,Maluku & Papua,7.6,8.3,41.3
2026-09-09 08:00:00,Manokwari,Papua Barat,Maluku & Papua,8.9,9.6,48.4
2026-09-09 09:00:00,Manokwari,Papua Barat,Maluku & Papua,10.0,10.7,52.3
2026-09-09 10:00:00,Manokwari,Papua Barat,Maluku & Papua,8.0,8.4,43.5
2026-09-09 11:00:00,Manokwari,Papua Barat,Maluku & Papua,10.1,10.5,52.5
2026-09-09 12:00:00,Manokwari,Papua Barat,Maluku & Papua,12.5,13.3,57.0
2026-09-09 13:00:00,Manokwari,Papua Barat,Maluku & Papua,9.7,10.3,51.8
2026-09-09 14:00:00,Manokwari,Papua Barat,Maluku & Papua,10.1,10.5,52.5
2026-09-09 15:00:00,Manokwari,Papua Barat,Maluku & Papua,9.7,10.1,51.8
2026-09-09 16:00:00,Manokwari,Papua Barat,Maluku & Papua,9.1,9.5,49.5
2026-09-09 17:00:00,Manokwari,Papua Barat,Maluku & Papua,9.1,9.5,49.5
2026-09-09 18:00:00,Manokwari,Papua Barat,Maluku & Papua,9.3,9.7,51.0
2026-09-09 19:00:00,Manokwari,Papua Barat,Maluku & Papua,9.4,9.7,51.2
2026-09-09 20:00:00,Manokwari,Papua Barat,Maluku & Papua,9.5,9.9,51.4
2026-09-09 21:00:00,Manokwari,Papua Barat,Maluku & Papua,10.4,10.7,53.1
2026-09-09 22:00:00,Manokwari,Papua Barat,Maluku & Papua,13.7,14.1,59.3
2026-09-09 23:00:00,Manokwari,Papua Barat,Maluku & Papua,8.4,9.1,45.7
2026-09-10 00:00:00,Manokwari,Papua Barat,Maluku & Papua,11.6,13.0,55.3
2026-09-10 01:00:00,Manokwari,Papua Barat,Maluku & Papua,10.8,12.3,53.8
2026-09-10 02:00:00,Manokwari,Papua Barat,Maluku & Papua,10.2,11.7,52.7
2026-09-10 03:00:00,Manokwari,Papua Barat,Maluku & Papua,10.0,11.5,52.3
2026-09-10 04:00:00,Manokwari,Papua Barat,Maluku & Papua,10.1,11.6,52.5
2026-09-10 05:00:00,Manokwari,Papua Barat,Maluku & Papua,10.0,11.4,52.3
2026-09-10 06:00:00,Manokwari,Papua Barat,Maluku & Papua,9.1,10.4,49.5
2026-09-10 07:00:00,Manokwari,Papua Barat,Maluku & Papua,8.8,10.0,47.8
2026-09-10 08:00:00,Manokwari,Papua Barat,Maluku & Papua,9.4,10.4,51.2
2026-09-10 09:00:00,Manokwari,Papua Barat,Maluku & Papua,7.2,7.8,39.1
2026-09-10 10:00:00,Manokwari,Papua Barat,Maluku & Papua,9.0,9.5,48.9
2026-09-10 11:00:00,Manokwari,Papua Barat,Maluku & Papua,10.5,11.1,53.3
2026-09-10 12:00:00,Manokwari,Papua Barat,Maluku & Papua,14.1,15.4,60.0
2026-09-10 13:00:00,Manokwari,Papua Barat,Maluku & Papua,11.3,12.1,54.8
2026-09-10 14:00:00,Manokwari,Papua Barat,Maluku & Papua,11.7,12.4,55.5
2026-09-10 15:00:00,Manokwari,Papua Barat,Maluku & Papua,12.9,13.6,57.8
2026-09-10 16:00:00,Manokwari,Papua Barat,Maluku & Papua,13.4,14.1,58.7
2026-09-10 17:00:00,Manokwari,Papua Barat,Maluku & Papua,13.7,14.4,59.3
2026-09-10 18:00:00,Manokwari,Papua Barat,Maluku & Papua,13.9,14.7,59.6
2026-09-10 19:00:00,Manokwari,Papua Barat,Maluku & Papua,13.9,14.7,59.6
2026-09-10 20:00:00,Manokwari,Papua Barat,Maluku & Papua,14.1,14.9,60.0
2026-09-10 21:00:00,Manokwari,Papua Barat,Maluku & Papua,14.6,15.4,61.0
2026-09-10 22:00:00,Manokwari,Papua Barat,Maluku & Papua,17.8,18.6,67.0
2026-09-10 23:00:00,Manokwari,Papua Barat,Maluku & Papua,20.2,21.5,71.5
2026-09-11 00:00:00,Manokwari,Papua Barat,Maluku & Papua,14.6,16.1,61.0
2026-09-11 01:00:00,Manokwari,Papua Barat,Maluku & Papua,14.1,15.7,60.0
2026-09-11 02:00:00,Manokwari,Papua Barat,Maluku & Papua,13.8,15.4,59.4
2026-09-11 03:00:00,Manokwari,Papua Barat,Maluku & Papua,13.4,15.2,58.7
2026-09-11 04:00:00,Manokwari,Papua Barat,Maluku & Papua,13.4,15.3,58.7
2026-09-11 05:00:00,Manokwari,Papua Barat,Maluku & Papua,12.8,14.9,57.6
2026-09-11 06:00:00,Manokwari,Papua Barat,Maluku & Papua,12.1,14.2,56.3
2026-09-11 07:00:00,Manokwari,Papua Barat,Maluku & Papua,11.7,13.5,55.5
2026-09-11 08:00:00,Manokwari,Papua Barat,Maluku & Papua,13.0,14.8,57.9
2026-09-11 09:00:00,Manokwari,Papua Barat,Maluku & Papua,15.8,17.3,63.2
2026-09-11 10:00:00,Manokwari,Papua Barat,Maluku & Papua,14.2,15.5,60.2
2026-09-11 11:00:00,Manokwari,Papua Barat,Maluku & Papua,14.4,15.6,60.6
2026-09-11 12:00:00,Manokwari,Papua Barat,Maluku & Papua,16.1,17.8,63.8
2026-09-11 13:00:00,Manokwari,Papua Barat,Maluku & Papua,16.0,17.5,63.6
2026-09-11 14:00:00,Manokwari,Papua Barat,Maluku & Papua,15.5,16.8,62.6
2026-09-11 15:00:00,Manokwari,Papua Barat,Maluku & Papua,15.0,16.1,61.7
2026-09-11 16:00:00,Manokwari,Papua Barat,Maluku & Papua,15.2,16.2,62.1
2026-09-11 17:00:00,Manokwari,Papua Barat,Maluku & Papua,15.0,15.9,61.7
2026-09-11 18:00:00,Manokwari,Papua Barat,Maluku & Papua,15.5,16.4,62.6
2026-09-11 19:00:00,Manokwari,Papua Barat,Maluku & Papua,16.4,17.3,64.3
2026-09-11 20:00:00,Manokwari,Papua Barat,Maluku & Papua,17.5,18.4,66.4
2026-09-11 21:00:00,Manokwari,Papua Barat,Maluku & Papua,19.1,19.9,69.4
2026-09-11 22:00:00,Manokwari,Papua Barat,Maluku & Papua,23.1,23.9,76.9
2026-09-11 23:00:00,Manokwari,Papua Barat,Maluku & Papua,26.5,27.4,83.3
2026-09-12 00:00:00,Manokwari,Papua Barat,Maluku & Papua,51.0,54.7,139.2
2026-09-12 01:00:00,Manokwari,Papua Barat,Maluku & Papua,41.4,44.8,115.5
2026-09-12 02:00:00,Manokwari,Papua Barat,Maluku & Papua,37.1,40.2,104.9
2026-09-12 03:00:00,Manokwari,Papua Barat,Maluku & Papua,34.5,37.5,98.3
2026-09-12 04:00:00,Manokwari,Papua Barat,Maluku & Papua,32.1,35.0,93.8
2026-09-12 05:00:00,Manokwari,Papua Barat,Maluku & Papua,28.5,31.2,87.0
2026-09-12 06:00:00,Manokwari,Papua Barat,Maluku & Papua,26.4,29.1,83.1
2026-09-12 07:00:00,Manokwari,Papua Barat,Maluku & Papua,25.3,27.7,81.0
2026-09-12 08:00:00,Manokwari,Papua Barat,Maluku & Papua,26.1,28.4,82.5
2026-09-12 09:00:00,Manokwari,Papua Barat,Maluku & Papua,28.4,30.6,86.9
2026-09-12 10:00:00,Manokwari,Papua Barat,Maluku & Papua,26.8,28.5,83.9
2026-09-12 11:00:00,Manokwari,Papua Barat,Maluku & Papua,28.2,29.7,86.5
2026-09-12 12:00:00,Manokwari,Papua Barat,Maluku & Papua,42.4,44.4,118.0
2026-09-12 13:00:00,Manokwari,Papua Barat,Maluku & Papua,43.0,44.7,119.5
2026-09-12 14:00:00,Manokwari,Papua Barat,Maluku & Papua,43.4,44.9,120.5
2026-09-12 15:00:00,Manokwari,Papua Barat,Maluku & Papua,42.3,43.4,117.7
2026-09-12 16:00:00,Manokwari,Papua Barat,Maluku & Papua,40.2,41.2,112.6
2026-09-12 17:00:00,Manokwari,Papua Barat,Maluku & Papua,38.3,39.3,107.9
2026-09-12 18:00:00,Manokwari,Papua Barat,Maluku & Papua,36.9,37.8,104.4
2026-09-12 19:00:00,Manokwari,Papua Barat,Maluku & Papua,35.9,36.8,102.0
2026-09-12 20:00:00,Manokwari,Papua Barat,Maluku & Papua,35.3,36.2,99.8
2026-09-12 21:00:00,Manokwari,Papua Barat,Maluku & Papua,35.5,36.4,101.0
2026-09-12 22:00:00,Manokwari,Papua Barat,Maluku & Papua,38.2,39.1,107.6
2026-09-12 23:00:00,Manokwari,Papua Barat,Maluku & Papua,40.2,42.7,112.6
2026-09-13 00:00:00,Manokwari,Papua Barat,Maluku & Papua,20.5,23.0,72.0
2026-09-13 01:00:00,Manokwari,Papua Barat,Maluku & Papua,24.2,26.8,79.0
2026-09-13 02:00:00,Manokwari,Papua Barat,Maluku & Papua,24.6,27.1,79.7
2026-09-13 03:00:00,Manokwari,Papua Barat,Maluku & Papua,26.1,28.8,82.5
2026-09-13 04:00:00,Manokwari,Papua Barat,Maluku & Papua,28.0,30.9,86.1
2026-09-13 05:00:00,Manokwari,Papua Barat,Maluku & Papua,29.4,32.4,88.7
2026-09-13 06:00:00,Manokwari,Papua Barat,Maluku & Papua,31.0,34.1,91.7
2026-09-13 07:00:00,Manokwari,Papua Barat,Maluku & Papua,32.2,35.3,94.0
2026-09-13 08:00:00,Manokwari,Papua Barat,Maluku & Papua,32.8,36.0,95.1
2026-09-13 09:00:00,Manokwari,Papua Barat,Maluku & Papua,34.0,36.4,97.4
2026-09-13 10:00:00,Manokwari,Papua Barat,Maluku & Papua,35.5,38.0,101.0
2026-09-13 11:00:00,Manokwari,Papua Barat,Maluku & Papua,35.9,38.2,102.0
2026-09-13 12:00:00,Manokwari,Papua Barat,Maluku & Papua,45.2,48.7,124.9
2026-09-13 13:00:00,Manokwari,Papua Barat,Maluku & Papua,45.6,49.0,125.9
2026-09-13 14:00:00,Manokwari,Papua Barat,Maluku & Papua,45.2,48.1,124.9
2026-09-13 15:00:00,Manokwari,Papua Barat,Maluku & Papua,43.0,45.2,119.5
2026-09-13 16:00:00,Manokwari,Papua Barat,Maluku & Papua,40.3,42.1,112.8
2026-09-13 17:00:00,Manokwari,Papua Barat,Maluku & Papua,38.0,39.3,107.2
2026-09-13 18:00:00,Manokwari,Papua Barat,Maluku & Papua,36.6,37.8,103.7
2026-09-13 19:00:00,Manokwari,Papua Barat,Maluku & Papua,35.5,36.8,101.0
2026-09-13 20:00:00,Manokwari,Papua Barat,Maluku & Papua,34.8,36.0,98.9
2026-09-13 21:00:00,Manokwari,Papua Barat,Maluku & Papua,34.3,35.5,97.9
2026-09-13 22:00:00,Manokwari,Papua Barat,Maluku & Papua,35.6,36.8,101.2
2026-09-13 23:00:00,Manokwari,Papua Barat,Maluku & Papua,37.4,38.6,105.7
2026-09-14 00:00:00,Manokwari,Papua Barat,Maluku & Papua,72.2,78.9,162.7
2026-09-14 01:00:00,Manokwari,Papua Barat,Maluku & Papua,61.2,68.0,155.0
2026-09-14 02:00:00,Manokwari,Papua Barat,Maluku & Papua,56.7,62.6,151.8
2026-09-14 03:00:00,Manokwari,Papua Barat,Maluku & Papua,53.9,59.6,146.3
2026-09-14 04:00:00,Manokwari,Papua Barat,Maluku & Papua,52.6,58.0,143.1
2026-09-14 05:00:00,Manokwari,Papua Barat,Maluku & Papua,53.0,58.2,144.1
2026-09-14 06:00:00,Manokwari,Papua Barat,Maluku & Papua,52.0,57.2,141.6
2026-09-14 07:00:00,Manokwari,Papua Barat,Maluku & Papua,51.3,56.2,139.9
2026-09-14 08:00:00,Manokwari,Papua Barat,Maluku & Papua,50.2,54.5,137.2
2026-09-14 09:00:00,Manokwari,Papua Barat,Maluku & Papua,48.8,52.0,133.7
2026-09-14 10:00:00,Manokwari,Papua Barat,Maluku & Papua,49.4,52.5,135.2
2026-09-14 11:00:00,Manokwari,Papua Barat,Maluku & Papua,49.9,53.1,136.5
2026-09-14 12:00:00,Manokwari,Papua Barat,Maluku & Papua,58.8,62.6,153.3
2026-09-14 13:00:00,Manokwari,Papua Barat,Maluku & Papua,59.8,63.3,154.0
2026-09-14 14:00:00,Manokwari,Papua Barat,Maluku & Papua,60.8,64.0,154.7
2026-09-14 15:00:00,Manokwari,Papua Barat,Maluku & Papua,58.8,61.7,153.3
2026-09-14 16:00:00,Manokwari,Papua Barat,Maluku & Papua,52.4,54.8,142.6
2026-09-14 17:00:00,Manokwari,Papua Barat,Maluku & Papua,46.3,48.5,127.6
2026-09-14 18:00:00,Manokwari,Papua Barat,Maluku & Papua,42.0,44.0,117.0
2026-09-14 19:00:00,Manokwari,Papua Barat,Maluku & Papua,39.9,41.9,111.8
2026-09-14 20:00:00,Manokwari,Papua Barat,Maluku & Papua,37.7,39.7,106.4
2026-09-14 21:00:00,Manokwari,Papua Barat,Maluku & Papua,35.3,37.0,99.8
2026-09-14 22:00:00,Manokwari,Papua Barat,Maluku & Papua,35.7,37.5,101.5
2026-09-14 23:00:00,Manokwari,Papua Barat,Maluku & Papua,40.2,43.9,112.6
2026-09-15 00:00:00,Manokwari,Papua Barat,Maluku & Papua,45.8,50.5,126.4
2026-09-15 01:00:00,Manokwari,Papua Barat,Maluku & Papua,47.3,52.2,130.1
2026-09-15 02:00:00,Manokwari,Papua Barat,Maluku & Papua,49.0,54.0,134.2
2026-09-15 03:00:00,Manokwari,Papua Barat,Maluku & Papua,48.8,53.8,133.7
2026-09-15 04:00:00,Manokwari,Papua Barat,Maluku & Papua,48.9,53.8,134.0
2026-09-15 05:00:00,Manokwari,Papua Barat,Maluku & Papua,48.1,52.9,132.0
2026-09-15 06:00:00,Manokwari,Papua Barat,Maluku & Papua,48.0,52.7,131.8
2026-09-15 07:00:00,Manokwari,Papua Barat,Maluku & Papua,48.2,53.1,132.3
2026-09-15 08:00:00,Manokwari,Papua Barat,Maluku & Papua,50.1,54.7,136.9
2026-09-15 09:00:00,Manokwari,Papua Barat,Maluku & Papua,50.9,54.6,138.9
2026-09-15 10:00:00,Manokwari,Papua Barat,Maluku & Papua,49.8,53.0,136.2
2026-09-15 11:00:00,Manokwari,Papua Barat,Maluku & Papua,48.8,51.5,133.7
2026-09-15 12:00:00,Manokwari,Papua Barat,Maluku & Papua,49.2,52.3,134.7
2026-09-15 13:00:00,Manokwari,Papua Barat,Maluku & Papua,48.9,51.6,134.0
2026-09-15 14:00:00,Manokwari,Papua Barat,Maluku & Papua,49.7,52.4,136.0
2026-09-15 15:00:00,Manokwari,Papua Barat,Maluku & Papua,48.7,51.1,133.5
2026-09-15 16:00:00,Manokwari,Papua Barat,Maluku & Papua,47.0,49.4,129.3
2026-09-15 17:00:00,Manokwari,Papua Barat,Maluku & Papua,45.4,47.6,125.4
2026-09-15 18:00:00,Manokwari,Papua Barat,Maluku & Papua,44.4,46.3,122.9
2026-09-15 19:00:00,Manokwari,Papua Barat,Maluku & Papua,43.5,45.5,120.7
2026-09-15 20:00:00,Manokwari,Papua Barat,Maluku & Papua,42.8,44.7,119.0
2026-09-15 21:00:00,Manokwari,Papua Barat,Maluku & Papua,43.2,45.1,120.0
2026-09-15 22:00:00,Manokwari,Papua Barat,Maluku & Papua,46.2,48.1,127.3
2026-09-15 23:00:00,Manokwari,Papua Barat,Maluku & Papua,47.7,50.8,131.0
2026-09-16 00:00:00,Manokwari,Papua Barat,Maluku & Papua,41.8,46.2,116.5
2026-09-16 01:00:00,Manokwari,Papua Barat,Maluku & Papua,40.2,44.5,112.6
2026-09-16 02:00:00,Manokwari,Papua Barat,Maluku & Papua,39.6,43.8,111.1
2026-09-16 03:00:00,Manokwari,Papua Barat,Maluku & Papua,39.9,44.0,111.8
2026-09-16 04:00:00,Manokwari,Papua Barat,Maluku & Papua,40.7,44.8,113.8
2026-09-16 05:00:00,Manokwari,Papua Barat,Maluku & Papua,39.7,43.8,111.3
2026-09-16 06:00:00,Manokwari,Papua Barat,Maluku & Papua,38.0,41.7,107.2
2026-09-16 07:00:00,Manokwari,Papua Barat,Maluku & Papua,35.9,39.5,102.0
2026-09-16 08:00:00,Manokwari,Papua Barat,Maluku & Papua,34.1,37.5,97.6
2026-09-16 09:00:00,Manokwari,Papua Barat,Maluku & Papua,35.7,38.5,101.5
2026-09-16 10:00:00,Manokwari,Papua Barat,Maluku & Papua,37.1,40.0,104.9
2026-09-16 11:00:00,Manokwari,Papua Barat,Maluku & Papua,38.3,41.0,107.9
2026-09-16 12:00:00,Manokwari,Papua Barat,Maluku & Papua,40.2,42.7,112.6
2026-09-16 13:00:00,Manokwari,Papua Barat,Maluku & Papua,28.7,30.6,87.4
2026-09-16 14:00:00,Manokwari,Papua Barat,Maluku & Papua,26.2,27.9,82.7
2026-09-16 15:00:00,Manokwari,Papua Barat,Maluku & Papua,27.9,29.6,85.9
2026-09-16 16:00:00,Manokwari,Papua Barat,Maluku & Papua,29.4,31.0,88.7
2026-09-16 17:00:00,Manokwari,Papua Barat,Maluku & Papua,30.2,31.8,90.2
2026-09-16 18:00:00,Manokwari,Papua Barat,Maluku & Papua,30.4,31.8,90.6
2026-09-16 19:00:00,Manokwari,Papua Barat,Maluku & Papua,30.3,31.5,90.4
2026-09-16 20:00:00,Manokwari,Papua Barat,Maluku & Papua,30.2,31.3,90.2
2026-09-16 21:00:00,Manokwari,Papua Barat,Maluku & Papua,30.6,31.8,91.0
2026-09-16 22:00:00,Manokwari,Papua Barat,Maluku & Papua,33.5,34.7,96.4
2026-09-16 23:00:00,Manokwari,Papua Barat,Maluku & Papua,36.9,39.3,104.4
